index,accident_id,STATE,ST_CASE,VEH_NO,VE_FORMS,NUMOCCS,DAY,MONTH,HOUR,MINUTE,HARM_EV,MAN_COLL,UNITTYPE,HIT_RUN,REG_STAT,OWNER,MAKE,MODEL,MAK_MOD,BODY_TYP,MOD_YEAR,VIN,VIN_1,VIN_2,VIN_3,VIN_4,VIN_5,VIN_6,VIN_7,VIN_8,VIN_9,VIN_10,VIN_11,VIN_12,TOW_VEH,J_KNIFE,MCARR_I1,MCARR_I2,MCARR_ID,GVWR,V_CONFIG,CARGO_BT,HAZ_INV,HAZ_PLAC,HAZ_ID,HAZ_CNO,HAZ_REL,BUS_USE,SPEC_USE,EMER_USE,TRAV_SP,UNDERIDE,ROLLOVER,ROLINLOC,IMPACT1,DEFORMED,TOWED,M_HARM,VEH_SC1,VEH_SC2,FIRE_EXP,DR_PRES,L_STATE,DR_ZIP,L_STATUS,L_TYPE,CDL_STAT,L_ENDORS,L_COMPL,L_RESTRI,DR_HGT,DR_WGT,PREV_ACC,PREV_SUS,PREV_DWI,PREV_SPD,PREV_OTH,FIRST_MO,FIRST_YR,LAST_MO,LAST_YR,SPEEDREL,DR_SF1,DR_SF2,DR_SF3,DR_SF4,VTRAFWAY,VNUM_LAN,VSPD_LIM,VALIGN,VPROFILE,VPAVETYP,VSURCOND,VTRAFCON,VTCONT_F,P_CRASH1,P_CRASH2,P_CRASH3,PCRASH4,PCRASH5,ACC_TYPE,TRLR1VIN,TRLR2VIN,TRLR3VIN,DEATHS,DR_DRINK,VINTYPE,VINMAKE,VINA_MOD,VIN_BT,VINMODYR,VIN_LNGT,VIN_WGT,WGTCD_TR,WHLBS_LG,WHLBS_SH,SER_TR,FUELCODE,MCYCL_DS,CARBUR,CYLINDER,DISPLACE,MCYCL_CY,MCYCL_WT,TIRE_SZE,TON_RAT,TRK_WT,TRKWTVAR,VIN_REST,WHLDRWHL,Year
216,2016040155,4,40155,2,2,1,21,3,19,36,12,6,1,0,4,1,20,421,20421,15,2007,1GCHC23U17F1,1,G,C,H,C,2,3,U,1,7,F,1,0,0,0,Not Applicable,Not Applicable,0,0,0,1,0,0,0,0,0,0,0,20,0,0,0,3,4,5,12,0,0,0,1,4,85710,6,1,0,0,3,0,71,180,0,0,0,1,1,8,2014,11,2014,0,99,99,99,99,2,4,40,1,1,2,1,0,0,11,15,99,1,1,68,No Trailing Units,No Trailing Units,No Trailing Units,0,0,,,,,,,,,,,,,,,,,,,,,,,,,2016
217,2016040156,4,40156,1,1,3,19,3,10,40,59,0,1,0,4,2,59,32,59032,4,1992,JT8UF11E1N01,J,T,8,U,F,1,1,E,1,N,0,1,0,0,0,Not Applicable,Not Applicable,0,0,0,1,0,0,0,0,0,0,0,998,0,0,0,98,6,2,59,0,0,0,1,4,85706,6,1,6,0,3,0,71,250,0,2,0,0,0,9,2015,9,2015,4,0,0,0,0,3,5,65,1,1,2,1,0,0,1,6,99,9,4,2,No Trailing Units,No Trailing Units,No Trailing Units,2,0,,,,,,,,,,,,,,,,,,,,,,,,,2016
218,2016040157,4,40157,1,4,2,20,3,14,3,12,1,1,0,4,2,63,401,63401,14,2015,KNDPB3AC0F77,K,N,D,P,B,3,A,C,0,F,7,7,0,0,0,Not Applicable,Not Applicable,0,0,0,1,0,0,0,0,0,0,0,998,0,0,0,12,6,2,12,0,0,0,1,4,85035,6,1,0,0,3,0,70,183,0,0,0,0,0,0,0,0,0,4,0,0,0,0,2,2,75,1,1,2,1,0,0,1,52,99,1,1,28,No Trailing Units,No Trailing Units,No Trailing Units,0,0,,,,,,,,,,,,,,,,,,,,,,,,,2016
219,2016040157,4,40157,2,4,4,20,3,14,3,12,1,1,0,6,1,37,32,37032,4,2013,1HGCR2F8XDA0,1,H,G,C,R,2,F,8,X,D,A,0,0,0,0,Not Applicable,Not Applicable,0,0,0,1,0,0,0,0,0,0,0,998,0,0,0,6,6,2,12,0,0,0,1,6,92376,6,1,0,0,3,0,67,220,0,0,0,0,0,0,0,0,0,4,0,0,0,0,2,2,75,1,1,2,1,0,0,2,53,99,1,1,29,No Trailing Units,No Trailing Units,No Trailing Units,1,0,,,,,,,,,,,,,,,,,,,,,,,,,2016
220,2016040157,4,40157,3,4,7,20,3,14,3,12,1,1,0,4,1,54,421,54421,15,2006,2HNYD18626H5,2,H,N,Y,D,1,8,6,2,6,H,5,0,0,0,Not Applicable,Not Applicable,0,0,0,1,0,0,0,0,0,0,0,998,0,0,0,83,2,5,12,0,0,0,1,4,85019,6,1,0,0,3,0,62,142,0,0,0,0,1,1,2014,1,2014,0,0,0,0,0,2,2,75,1,1,2,1,0,0,2,52,99,1,1,98,No Trailing Units,No Trailing Units,No Trailing Units,0,0,,,,,,,,,,,,,,,,,,,,,,,,,2016
221,2016040157,4,40157,4,4,4,20,3,14,3,12,1,1,0,4,1,12,17,12017,4,2006,1FAFP53U76A1,1,F,A,F,P,5,3,U,7,6,A,1,0,0,0,Not Applicable,Not Applicable,0,0,0,1,0,0,0,0,0,0,0,998,0,0,0,63,2,5,12,0,0,0,1,35,88001,6,1,0,0,3,0,67,180,98,0,0,0,0,0,0,0,0,0,0,0,0,0,2,2,75,1,1,2,1,0,0,2,52,99,1,1,98,No Trailing Units,No Trailing Units,No Trailing Units,0,0,,,,,,,,,,,,,,,,,,,,,,,,,2016
222,2016040158,4,40158,1,1,2,21,3,7,25,1,0,1,0,4,1,49,401,49401,14,2003,JTEZT14R0300,J,T,E,Z,T,1,4,R,0,3,0,0,0,0,0,Not Applicable,Not Applicable,0,0,0,1,0,0,0,0,0,0,0,62,0,1,5,0,6,2,1,0,0,0,1,4,85634,6,1,0,0,3,0,64,180,0,0,0,0,0,0,0,0,0,4,0,0,0,0,1,2,55,2,1,8,1,0,0,14,12,99,3,4,2,No Trailing Units,No Trailing Units,No Trailing Units,1,0,,,,,,,,,,,,,,,,,,,,,,,,,2016
223,2016040159,4,40159,1,2,1,23,3,8,57,12,2,1,0,4,1,55,401,55401,14,2004,KM8SB12B24U8,K,M,8,S,B,1,2,B,2,4,U,8,0,0,0,Not Applicable,Not Applicable,0,0,0,1,0,0,0,0,0,0,0,998,0,0,0,12,6,2,12,0,0,0,1,4,86325,6,1,0,0,3,0,66,144,0,0,0,1,0,12,2012,12,2012,0,0,0,0,0,2,2,65,1,1,2,1,0,0,1,12,99,1,4,50,No Trailing Units,No Trailing Units,No Trailing Units,0,1,,,,,,,,,,,,,,,,,,,,,,,,,2016
224,2016040159,4,40159,2,2,2,23,3,8,57,12,2,1,0,35,4,55,36,55036,4,2015,KMHCT4AE1FU8,K,M,H,C,T,4,A,E,1,F,U,8,0,0,0,Not Applicable,Not Applicable,0,0,0,1,0,0,0,0,0,0,0,998,0,0,0,12,6,2,12,0,0,0,1,27,55126,6,1,0,0,3,3,64,134,0,0,0,0,0,0,0,0,0,0,0,0,0,0,2,2,65,1,1,2,1,0,0,1,62,99,1,1,51,No Trailing Units,No Trailing Units,No Trailing Units,1,0,,,,,,,,,,,,,,,,,,,,,,,,,2016
225,2016040160,4,40160,1,1,1,27,3,3,24,41,0,1,0,4,1,72,706,72706,80,2011,1HD1FRM13BB6,1,H,D,1,F,R,M,1,3,B,B,6,0,0,0,Not Applicable,Not Applicable,0,0,0,1,0,0,0,0,0,0,0,998,0,0,0,12,6,2,42,0,0,0,1,4,85008,6,1,0,0,3,0,71,185,0,2,0,1,1,10,2014,10,2015,0,99,99,99,99,6,2,45,1,6,2,1,0,0,1,13,99,1,4,5,No Trailing Units,No Trailing Units,No Trailing Units,1,1,,,,,,,,,,,,,,,,,,,,,,,,,2016
226,2016040161,4,40161,1,1,1,31,3,23,48,18,0,1,0,4,2,72,706,72706,80,2006,1HD1PNF116Y9,1,H,D,1,P,N,F,1,1,6,Y,9,0,0,0,Not Applicable,Not Applicable,0,0,0,1,0,0,0,0,0,0,0,75,0,0,0,12,6,2,33,0,0,0,1,4,85379,6,1,0,0,3,0,70,175,0,0,0,2,0,11,2011,1,2012,4,0,0,0,0,2,2,45,1,1,2,1,40,3,1,14,99,9,4,14,No Trailing Units,No Trailing Units,No Trailing Units,1,1,,,,,,,,,,,,,,,,,,,,,,,,,2016
227,2016040162,4,40162,1,1,1,1,4,14,30,35,0,1,0,92,0,20,481,20481,31,2006,1GCHK29D06E2,1,G,C,H,K,2,9,D,0,6,E,2,1,1,0,Not Applicable,Not Applicable,0,0,0,1,0,0,0,0,0,0,0,65,0,1,3,12,6,2,1,0,0,0,1,41,97352,6,1,0,0,3,0,66,172,0,0,0,0,0,0,0,0,0,4,88,58,0,0,2,2,75,1,6,2,1,0,0,1,6,99,5,4,7,4P2WB2422WU0,No Trailing Units,No Trailing Units,1,0,,,,,,,,,,,,,,,,,,,,,,,,,2016
228,2016040163,4,40163,1,1,1,1,4,20,55,8,0,1,0,4,1,37,402,37402,14,2013,5J6RM3H35DL0,5,J,6,R,M,3,H,3,5,D,L,0,0,0,0,Not Applicable,Not Applicable,0,0,0,1,0,0,0,0,0,0,0,45,0,0,0,12,6,2,8,0,0,0,1,4,85014,6,1,0,0,3,0,68,190,0,1,0,0,0,9,2013,9,2013,0,0,0,0,0,2,3,40,1,1,8,1,0,0,1,80,99,1,1,13,No Trailing Units,No Trailing Units,No Trailing Units,0,0,,,,,,,,,,,,,,,,,,,,,,,,,2016
229,2016040164,4,40164,1,2,2,1,4,21,31,12,6,1,0,4,2,7,482,7482,31,2002,1D7HU18ZX2J1,1,D,7,H,U,1,8,Z,X,2,J,1,0,0,0,Not Applicable,Not Applicable,0,0,0,1,0,0,0,0,0,0,0,35,0,1,1,12,6,2,1,0,0,0,1,4,85207,6,1,0,0,3,0,64,127,0,0,0,1,0,5,2015,5,2015,0,39,0,0,0,1,2,30,1,1,8,1,20,3,1,17,99,9,3,88,No Trailing Units,No Trailing Units,No Trailing Units,1,0,,,,,,,,,,,,,,,,,,,,,,,,,2016
230,2016040164,4,40164,2,2,1,1,4,21,31,12,6,1,0,4,2,12,13,12013,4,1993,3FAPP13J8PR1,3,F,A,P,P,1,3,J,8,P,R,1,0,0,0,Not Applicable,Not Applicable,0,0,0,1,0,0,0,0,0,0,0,35,0,0,0,61,6,2,12,0,0,0,1,4,85207,6,1,0,0,3,0,72,180,0,0,0,0,0,0,0,0,0,0,0,0,0,0,1,2,35,1,1,8,1,0,0,1,66,99,9,3,89,No Trailing Units,No Trailing Units,No Trailing Units,0,0,,,,,,,,,,,,,,,,,,,,,,,,,2016
231,2016040165,4,40165,1,1,2,1,4,22,6,5,0,1,0,51,1,51,45,51045,4,2004,YV1TH59H4413,Y,V,1,T,H,5,9,H,4,4,1,3,1,1,0,Not Applicable,Not Applicable,0,0,0,1,0,0,0,0,0,0,0,998,0,0,0,0,6,2,5,0,0,0,1,51,24504,6,1,6,0,3,0,71,175,0,0,0,2,2,10,2011,12,2015,0,59,0,0,0,6,1,75,1,5,2,1,0,0,2,98,1,1,1,0,Not Reported,No Trailing Units,No Trailing Units,1,0,,,,,,,,,,,,,,,,,,,,,,,,,2016
232,2016040166,4,40166,1,2,1,2,4,1,24,12,2,1,0,4,1,63,402,63402,14,2003,KNDJD7336350,K,N,D,J,D,7,3,3,6,3,5,0,0,0,0,Not Applicable,Not Applicable,0,0,0,1,0,0,0,0,0,0,0,998,0,0,0,12,6,2,12,0,0,0,1,4,85210,6,1,0,0,3,0,62,135,0,1,0,0,1,2,2015,10,2015,0,28,89,0,0,1,2,45,1,1,2,1,0,0,1,10,99,9,2,50,No Trailing Units,No Trailing Units,No Trailing Units,1,0,,,,,,,,,,,,,,,,,,,,,,,,,2016
233,2016040166,4,40166,2,2,1,2,4,1,24,12,2,1,0,4,3,51,881,51881,66,2012,4V4NC9EJXCN5,4,V,4,N,C,9,E,J,X,C,N,5,1,3,57,0119128,570119128,3,6,1,1,0,0,0,0,0,0,0,998,0,0,0,12,6,2,12,0,0,0,1,4,85043,6,1,6,0,3,0,75,240,0,2,0,1,0,7,2014,9,2014,0,0,0,0,0,1,2,55,1,1,2,1,0,0,1,62,16,2,2,51,1JJV532W85L9,No Trailing Units,No Trailing Units,0,0,,,,,,,,,,,,,,,,,,,,,,,,,2016
234,2016040167,4,40167,1,1,1,2,4,3,22,8,0,1,0,4,1,20,481,20481,31,2005,2GCEK19B3513,2,G,C,E,K,1,9,B,3,5,1,3,0,0,0,Not Applicable,Not Applicable,0,0,0,1,0,0,0,0,0,0,0,45,0,0,0,12,4,3,8,0,0,0,1,4,85254,6,1,0,0,3,0,67,240,0,0,0,1,0,5,2011,5,2011,0,0,0,0,0,5,7,45,1,1,8,1,0,0,1,80,99,1,3,13,No Trailing Units,No Trailing Units,No Trailing Units,0,0,,,,,,,,,,,,,,,,,,,,,,,,,2016
235,2016040168,4,40168,1,2,1,2,4,12,31,12,1,1,0,4,1,35,43,35043,4,2012,3N1AB6AP6CL6,3,N,1,A,B,6,A,P,6,C,L,6,0,0,0,Not Applicable,Not Applicable,0,0,0,1,0,0,0,0,0,0,0,65,0,0,0,12,6,2,12,0,0,0,1,4,86327,6,1,0,0,3,3,65,135,0,0,0,0,0,0,0,0,0,4,0,0,0,0,5,6,55,1,6,2,1,0,0,1,51,1,1,1,24,No Trailing Units,No Trailing Units,No Trailing Units,0,0,,,,,,,,,,,,,,,,,,,,,,,,,2016
236,2016040168,4,40168,2,2,1,2,4,12,31,12,1,1,0,4,2,37,702,37702,80,1979,CT90E5000736,C,T,9,0,E,5,0,0,0,7,3,6,0,0,0,Not Applicable,Not Applicable,0,0,0,1,0,0,0,0,0,0,0,48,0,0,0,6,6,2,12,0,0,0,1,4,86327,6,1,3,0,3,3,73,185,0,0,0,2,2,11,2014,12,2015,0,0,0,0,0,5,6,55,1,6,2,1,0,0,1,53,99,9,1,25,No Trailing Units,No Trailing Units,No Trailing Units,1,0,,,,,,,,,,,,,,,,,,,,,,,,,2016
237,2016040169,4,40169,1,2,2,4,4,14,0,12,6,1,0,4,1,34,34,34034,1,1992,WBABB2317NEC,W,B,A,B,B,2,3,1,7,N,E,C,0,0,0,Not Applicable,Not Applicable,0,0,0,1,0,0,0,0,0,0,0,15,0,0,0,82,6,2,12,0,0,0,1,4,85260,6,1,0,0,3,0,69,150,0,1,0,1,1,7,2011,9,2015,0,38,0,0,0,1,5,45,1,1,8,1,0,0,11,15,1,1,1,68,No Trailing Units,No Trailing Units,No Trailing Units,1,0,,,,,,,,,,,,,,,,,,,,,,,,,2016
238,2016040169,4,40169,2,2,1,4,4,14,0,12,6,1,0,4,2,2,405,2405,14,2004,1J8GK58K94W3,1,J,8,G,K,5,8,K,9,4,W,3,0,0,0,Not Applicable,Not Applicable,0,0,0,1,0,0,0,0,0,0,0,45,0,0,0,12,6,2,12,0,0,0,1,16,83445,6,1,0,0,3,3,70,145,0,0,0,0,0,0,0,0,0,0,0,0,0,0,1,5,45,1,1,8,1,0,0,1,62,99,1,1,69,No Trailing Units,No Trailing Units,No Trailing Units,0,0,,,,,,,,,,,,,,,,,,,,,,,,,2016
239,2016040170,4,40170,1,2,1,4,4,16,6,12,99,1,0,4,1,49,402,49402,14,2010,JTMZF4DV5A50,J,T,M,Z,F,4,D,V,5,A,5,0,0,0,0,Not Applicable,Not Applicable,0,0,0,1,0,0,0,0,0,0,0,5,0,0,0,63,4,5,12,0,0,0,1,4,85250,6,1,0,0,3,3,63,115,0,0,0,0,0,0,0,0,0,0,38,0,0,0,0,0,0,0,0,0,0,0,0,11,15,99,9,1,82,No Trailing Units,No Trailing Units,No Trailing Units,0,0,,,,,,,,,,,,,,,,,,,,,,,,,2016
240,2016040170,4,40170,2,2,1,4,4,16,6,12,99,1,0,4,1,72,706,72706,80,2007,1HD1FB4147Y6,1,H,D,1,F,B,4,1,4,7,Y,6,0,0,0,Not Applicable,Not Applicable,0,0,0,1,0,0,0,0,0,0,0,56,0,0,0,98,6,2,12,0,0,0,1,4,85122,6,1,6,0,3,0,69,260,1,4,0,2,0,8,2012,1,2016,0,0,0,0,0,2,2,45,1,1,8,1,0,0,1,72,99,9,1,83,No Trailing Units,No Trailing Units,No Trailing Units,1,0,,,,,,,,,,,,,,,,,,,,,,,,,2016
241,2016040171,4,40171,1,1,2,6,4,13,0,38,0,1,0,4,2,7,442,7442,20,2005,1D4GP25B75B3,1,D,4,G,P,2,5,B,7,5,B,3,0,0,0,Not Applicable,Not Applicable,0,0,0,1,0,0,0,0,0,0,0,998,0,1,5,98,6,2,1,0,0,0,1,4,86042,6,1,0,0,3,0,66,140,0,0,0,0,0,0,0,0,0,9,99,99,99,99,1,2,65,1,6,2,1,0,0,1,9,99,9,4,2,No Trailing Units,No Trailing Units,No Trailing Units,1,0,,,,,,,,,,,,,,,,,,,,,,,,,2016
242,2016040172,4,40172,1,4,1,6,4,13,35,59,0,1,0,4,1,20,421,20421,15,2001,1GNCS18WX1K2,1,G,N,C,S,1,8,W,X,1,K,2,0,0,0,Not Applicable,Not Applicable,0,0,0,1,0,0,0,0,0,0,0,40,0,0,0,12,6,2,12,0,0,0,1,4,85704,6,1,0,0,3,3,74,180,0,0,0,0,1,6,2011,6,2011,4,0,0,0,0,2,5,45,1,1,8,1,0,0,12,12,99,9,4,98,No Trailing Units,No Trailing Units,No Trailing Units,1,0,,,,,,,,,,,,,,,,,,,,,,,,,2016
243,2016040172,4,40172,2,4,1,6,4,13,35,59,0,1,0,4,1,20,421,20421,15,2002,1GNEK13V42J2,1,G,N,E,K,1,3,V,4,2,J,2,0,0,0,Not Applicable,Not Applicable,0,0,0,1,0,0,0,0,0,0,0,0,0,0,0,6,6,2,12,0,0,0,1,4,85713,1,1,0,0,2,0,73,190,0,2,0,1,1,7,2014,3,2016,0,0,0,0,0,2,5,45,1,1,8,1,3,3,5,53,1,1,1,98,No Trailing Units,No Trailing Units,No Trailing Units,0,0,,,,,,,,,,,,,,,,,,,,,,,,,2016
244,2016040172,4,40172,3,4,1,6,4,13,35,59,0,1,0,53,1,30,40,30040,4,2009,3VWJZ71K69M0,3,V,W,J,Z,7,1,K,6,9,M,0,0,0,0,Not Applicable,Not Applicable,0,0,0,1,0,0,0,0,0,0,0,0,0,0,0,6,6,2,12,0,0,0,1,53,98006,6,1,0,0,3,3,63,225,0,0,0,0,0,0,0,0,0,0,0,0,0,0,2,5,45,1,1,8,1,3,3,5,53,1,1,1,98,No Trailing Units,No Trailing Units,No Trailing Units,0,0,,,,,,,,,,,,,,,,,,,,,,,,,2016
245,2016040172,4,40172,4,4,3,6,4,13,35,59,0,1,0,4,1,58,35,58035,4,2000,JNKCA31A2YT1,J,N,K,C,A,3,1,A,2,Y,T,1,0,0,0,Not Applicable,Not Applicable,0,0,0,1,0,0,0,0,0,0,0,0,0,0,0,6,2,5,12,0,0,0,1,4,85746,6,1,6,0,3,1,73,253,0,1,0,0,1,7,2011,7,2011,0,0,0,0,0,2,5,45,1,1,8,1,3,3,5,53,1,1,1,98,No Trailing Units,No Trailing Units,No Trailing Units,0,0,,,,,,,,,,,,,,,,,,,,,,,,,2016
246,2016040173,4,40173,1,1,1,6,4,23,48,8,0,1,1,99,9,35,401,35401,14,1995,JN8HD17Y3SW0,J,N,8,H,D,1,7,Y,3,S,W,0,0,0,0,Not Applicable,Not Applicable,0,0,0,1,0,0,0,0,0,0,0,40,0,0,0,12,2,5,8,0,0,0,1,4,85233,6,1,0,0,3,0,74,180,0,0,0,0,0,0,0,0,0,0,0,0,0,0,1,7,40,1,1,8,1,3,3,1,80,99,9,3,13,No Trailing Units,No Trailing Units,No Trailing Units,0,0,,,,,,,,,,,,,,,,,,,,,,,,,2016
247,2016040174,4,40174,1,1,1,8,4,19,27,8,0,1,0,4,1,7,482,7482,31,2012,3C6TD5ET9CG2,3,C,6,T,D,5,E,T,9,C,G,2,0,0,0,Not Applicable,Not Applicable,0,0,0,1,0,0,0,0,0,0,0,10,0,0,0,82,6,2,8,0,0,0,1,4,85139,6,1,0,0,3,0,66,150,0,0,0,0,0,0,0,0,0,0,38,0,0,0,1,3,25,1,1,8,1,3,3,10,80,6,1,3,13,No Trailing Units,No Trailing Units,No Trailing Units,0,0,,,,,,,,,,,,,,,,,,,,,,,,,2016
248,2016040175,4,40175,1,1,2,8,4,23,25,1,0,1,0,32,1,35,43,35043,4,2004,3N1CB51A14L5,3,N,1,C,B,5,1,A,1,4,L,5,0,0,0,Not Applicable,Not Applicable,0,0,0,1,0,0,0,0,0,0,0,79,0,1,5,0,6,2,1,0,0,0,1,32,89027,6,1,0,0,3,3,66,135,0,0,0,0,0,0,0,0,0,4,0,0,0,0,2,2,75,3,5,2,1,0,0,14,9,99,9,4,2,No Trailing Units,No Trailing Units,No Trailing Units,1,0,,,,,,,,,,,,,,,,,,,,,,,,,2016
249,2016040176,4,40176,1,2,1,9,4,9,27,12,1,1,0,6,1,72,706,72706,80,2003,1HD1FSW323Y6,1,H,D,1,F,S,W,3,2,3,Y,6,0,0,0,Not Applicable,Not Applicable,0,0,0,1,0,0,0,0,0,0,0,45,0,0,0,12,6,2,12,0,0,0,1,6,95006,6,1,0,0,3,3,72,205,0,0,0,0,0,0,0,0,0,0,99,99,99,99,2,2,45,1,1,8,1,0,0,1,52,16,2,1,28,No Trailing Units,No Trailing Units,No Trailing Units,1,0,,,,,,,,,,,,,,,,,,,,,,,,,2016
250,2016040176,4,40176,2,2,1,9,4,9,27,12,1,1,0,4,1,12,481,12481,31,2010,1FTFW1CV2AKA,1,F,T,F,W,1,C,V,2,A,K,A,0,0,0,Not Applicable,Not Applicable,0,0,0,1,0,0,0,0,0,0,0,30,0,0,0,6,4,3,12,0,0,0,1,4,85284,6,1,0,0,3,0,76,350,0,0,0,0,0,0,0,0,0,0,99,99,99,99,2,2,45,1,1,8,1,0,0,2,53,99,1,1,31,No Trailing Units,No Trailing Units,No Trailing Units,0,0,,,,,,,,,,,,,,,,,,,,,,,,,2016
251,2016040177,4,40177,1,1,3,9,4,18,2,1,0,1,0,4,2,49,401,49401,14,1988,JT4RN62D9J02,J,T,4,R,N,6,2,D,9,J,0,2,0,0,0,Not Applicable,Not Applicable,0,0,0,1,0,0,0,0,0,0,0,998,0,1,1,0,6,2,1,0,0,0,1,4,85306,6,1,0,0,3,0,72,140,0,0,0,0,0,0,0,0,0,4,0,0,0,0,1,2,0,1,1,5,1,0,0,98,9,99,9,3,98,No Trailing Units,No Trailing Units,No Trailing Units,1,1,,,,,,,,,,,,,,,,,,,,,,,,,2016
252,2016040178,4,40178,1,2,1,9,4,22,18,12,6,1,0,4,4,35,47,35047,4,2016,1N4AL3AP7GN3,1,N,4,A,L,3,A,P,7,G,N,3,0,0,0,Not Applicable,Not Applicable,0,0,0,1,0,0,0,0,0,0,0,115,0,0,0,12,6,2,12,0,0,1,1,4,85641,6,1,0,0,3,0,72,175,0,0,0,0,0,0,0,0,0,3,0,0,0,0,2,2,40,1,1,8,1,0,0,1,17,99,9,9,83,No Trailing Units,No Trailing Units,No Trailing Units,1,1,,,,,,,,,,,,,,,,,,,,,,,,,2016
253,2016040178,4,40178,2,2,1,9,4,22,18,12,6,1,0,4,1,12,3,12003,1,2012,1ZVBP8EM1C52,1,Z,V,B,P,8,E,M,1,C,5,2,0,0,0,Not Applicable,Not Applicable,0,0,0,1,0,0,0,0,0,0,0,10,0,0,0,62,6,2,12,0,0,0,1,4,85710,6,1,0,0,3,0,64,115,0,0,0,3,0,10,2011,3,2014,0,0,0,0,0,1,2,25,1,1,8,1,20,3,11,66,99,9,9,82,No Trailing Units,No Trailing Units,No Trailing Units,1,0,,,,,,,,,,,,,,,,,,,,,,,,,2016
254,2016040179,4,40179,1,2,2,10,4,0,2,12,6,1,0,4,2,59,421,59421,15,2005,JTJHT00W8535,J,T,J,H,T,0,0,W,8,5,3,5,0,0,0,Not Applicable,Not Applicable,0,0,0,1,0,0,0,0,0,0,0,998,0,0,0,81,6,2,12,0,0,0,1,6,92707,6,1,0,0,3,0,67,140,0,0,0,1,0,11,2015,11,2015,0,38,0,0,0,1,2,55,1,1,2,1,0,0,11,15,99,1,1,68,No Trailing Units,No Trailing Units,No Trailing Units,0,0,,,,,,,,,,,,,,,,,,,,,,,,,2016
255,2016040179,4,40179,2,2,1,10,4,0,2,12,6,1,0,4,1,37,706,37706,80,1984,1HFSC1419EA0,1,H,F,S,C,1,4,1,9,E,A,0,0,0,0,Not Applicable,Not Applicable,0,0,0,1,0,0,0,0,0,0,0,998,0,0,0,12,6,2,12,0,0,0,1,4,86404,6,1,0,0,3,0,70,200,0,0,0,0,0,0,0,0,0,0,99,99,99,99,1,2,55,1,1,2,1,0,0,1,62,1,1,1,69,No Trailing Units,No Trailing Units,No Trailing Units,1,1,,,,,,,,,,,,,,,,,,,,,,,,,2016
256,2016040180,4,40180,1,1,1,10,4,17,13,33,0,1,0,4,1,52,402,52402,14,2006,4A4MN41S06E0,4,A,4,M,N,4,1,S,0,6,E,0,0,0,0,Not Applicable,Not Applicable,0,0,0,1,0,0,0,0,0,0,0,50,0,1,6,12,6,2,17,0,0,0,1,4,86301,6,1,0,0,3,3,70,205,0,0,0,0,0,0,0,0,0,0,89,0,0,0,2,3,35,1,1,2,2,3,3,1,14,99,1,4,14,No Trailing Units,No Trailing Units,No Trailing Units,1,0,,,,,,,,,,,,,,,,,,,,,,,,,2016
257,2016040181,4,40181,1,1,1,11,4,14,26,15,0,1,0,4,1,20,481,20481,31,2014,3GCUKSEC7EG1,3,G,C,U,K,S,E,C,7,E,G,1,0,0,0,Not Applicable,Not Applicable,0,0,0,1,0,0,0,0,0,0,0,40,0,0,0,12,2,5,15,0,0,0,1,4,85212,6,1,0,0,3,3,69,190,0,0,0,0,0,0,0,0,0,0,89,0,0,0,3,5,40,1,1,8,1,3,3,1,83,99,1,1,13,No Trailing Units,No Trailing Units,No Trailing Units,0,0,,,,,,,,,,,,,,,,,,,,,,,,,2016
258,2016040182,4,40182,1,1,1,11,4,16,52,33,0,1,0,4,1,73,705,73705,80,2008,JKAEXEA168A0,J,K,A,E,X,E,A,1,6,8,A,0,0,0,0,Not Applicable,Not Applicable,0,0,0,1,0,0,0,0,0,0,0,62,0,0,0,12,6,2,42,0,0,0,1,4,85635,6,1,0,0,2,0,66,150,0,0,0,0,0,0,0,0,0,3,0,0,0,0,2,2,45,3,6,8,1,0,0,14,13,99,9,4,5,No Trailing Units,No Trailing Units,No Trailing Units,1,1,,,,,,,,,,,,,,,,,,,,,,,,,2016
259,2016040183,4,40183,1,1,1,17,4,11,6,33,0,1,0,4,1,49,46,49046,5,2005,JTDKB20UX570,J,T,D,K,B,2,0,U,X,5,7,0,0,0,0,Not Applicable,Not Applicable,0,0,0,1,0,0,0,0,0,0,0,998,0,1,5,12,6,2,1,0,0,0,1,4,85258,6,1,0,0,3,0,67,135,0,0,0,0,0,0,0,0,0,3,0,0,0,0,1,2,25,1,1,8,1,20,3,1,14,99,9,4,14,No Trailing Units,No Trailing Units,No Trailing Units,1,0,,,,,,,,,,,,,,,,,,,,,,,,,2016