index,accident_id,STATE,ST_CASE,VEH_NO,VE_FORMS,NUMOCCS,DAY,MONTH,HOUR,MINUTE,HARM_EV,MAN_COLL,UNITTYPE,HIT_RUN,REG_STAT,OWNER,MAKE,MODEL,MAK_MOD,BODY_TYP,MOD_YEAR,VIN,VIN_1,VIN_2,VIN_3,VIN_4,VIN_5,VIN_6,VIN_7,VIN_8,VIN_9,VIN_10,VIN_11,VIN_12,TOW_VEH,J_KNIFE,MCARR_I1,MCARR_I2,MCARR_ID,GVWR,V_CONFIG,CARGO_BT,HAZ_INV,HAZ_PLAC,HAZ_ID,HAZ_CNO,HAZ_REL,BUS_USE,SPEC_USE,EMER_USE,TRAV_SP,UNDERIDE,ROLLOVER,ROLINLOC,IMPACT1,DEFORMED,TOWED,M_HARM,VEH_SC1,VEH_SC2,FIRE_EXP,DR_PRES,L_STATE,DR_ZIP,L_STATUS,L_TYPE,CDL_STAT,L_ENDORS,L_COMPL,L_RESTRI,DR_HGT,DR_WGT,PREV_ACC,PREV_SUS,PREV_DWI,PREV_SPD,PREV_OTH,FIRST_MO,FIRST_YR,LAST_MO,LAST_YR,SPEEDREL,DR_SF1,DR_SF2,DR_SF3,DR_SF4,VTRAFWAY,VNUM_LAN,VSPD_LIM,VALIGN,VPROFILE,VPAVETYP,VSURCOND,VTRAFCON,VTCONT_F,P_CRASH1,P_CRASH2,P_CRASH3,PCRASH4,PCRASH5,ACC_TYPE,TRLR1VIN,TRLR2VIN,TRLR3VIN,DEATHS,DR_DRINK,VINTYPE,VINMAKE,VINA_MOD,VIN_BT,VINMODYR,VIN_LNGT,VIN_WGT,WGTCD_TR,WHLBS_LG,WHLBS_SH,SER_TR,FUELCODE,MCYCL_DS,CARBUR,CYLINDER,DISPLACE,MCYCL_CY,MCYCL_WT,TIRE_SZE,TON_RAT,TRK_WT,TRKWTVAR,VIN_REST,WHLDRWHL,Year
432,2016040305,4,40305,1,1,1,23,5,19,23,1,0,1,0,4,3,42,48,42048,4,1998,WDBJF65F6WA6,W,D,B,J,F,6,5,F,6,W,A,6,0,0,0,Not Applicable,Not Applicable,0,0,0,1,0,0,0,0,0,0,0,55,0,1,5,0,6,2,1,0,0,0,1,4,85361,6,1,0,0,3,0,74,196,0,0,0,0,0,0,0,0,0,4,0,0,0,0,6,1,55,2,5,8,1,0,0,14,12,99,1,4,6,No Trailing Units,No Trailing Units,No Trailing Units,1,0,,,,,,,,,,,,,,,,,,,,,,,,,2016
433,2016040306,4,40306,1,1,1,29,5,15,58,35,0,1,0,4,2,12,422,12422,15,1999,1FMRU1763XLA,1,F,M,R,U,1,7,6,3,X,L,A,0,0,0,Not Applicable,Not Applicable,0,0,0,1,0,0,0,0,0,0,0,65,0,1,5,98,6,2,1,0,0,0,1,22,70461,0,0,0,0,0,0,66,132,99,99,99,99,99,99,9999,99,9999,4,80,0,0,0,3,6,65,1,1,2,1,0,0,1,1,99,9,4,2,No Trailing Units,No Trailing Units,No Trailing Units,1,0,,,,,,,,,,,,,,,,,,,,,,,,,2016
434,2016040307,4,40307,1,2,1,29,5,1,56,31,0,1,0,4,2,12,401,12401,14,2002,1FMZU72E82UA,1,F,M,Z,U,7,2,E,8,2,U,A,0,0,0,Not Applicable,Not Applicable,0,0,0,1,0,0,0,0,0,0,0,998,0,1,1,12,6,2,1,0,0,0,1,4,85935,6,1,0,0,3,0,67,180,0,0,0,0,0,0,0,0,0,0,0,0,0,0,2,3,55,1,1,2,1,40,3,1,12,99,9,4,6,No Trailing Units,No Trailing Units,No Trailing Units,1,1,,,,,,,,,,,,,,,,,,,,,,,,,2016
435,2016040307,4,40307,2,2,1,29,5,1,56,31,0,1,0,4,2,20,481,20481,31,2002,1GCHK29U92E2,1,G,C,H,K,2,9,U,9,2,E,2,0,0,0,Not Applicable,Not Applicable,0,0,0,1,0,0,0,0,0,0,0,998,0,0,0,12,6,2,12,0,0,0,1,4,85941,6,1,6,0,3,1,78,240,0,0,0,0,0,0,0,0,0,0,0,0,0,0,2,2,55,1,1,2,1,40,3,1,62,99,9,3,98,No Trailing Units,No Trailing Units,No Trailing Units,0,1,,,,,,,,,,,,,,,,,,,,,,,,,2016
436,2016040308,4,40308,1,2,1,18,5,13,21,1,0,1,0,4,1,2,405,2405,14,2003,1J4GL58K93W5,1,J,4,G,L,5,8,K,9,3,W,5,0,0,0,Not Applicable,Not Applicable,0,0,0,1,0,0,0,0,0,0,0,998,0,0,0,9,2,5,12,0,0,0,1,4,85202,6,1,0,0,3,0,68,215,0,0,0,0,0,0,0,0,0,0,38,0,0,0,0,0,0,0,0,0,0,0,0,11,15,99,1,1,98,No Trailing Units,No Trailing Units,No Trailing Units,0,0,,,,,,,,,,,,,,,,,,,,,,,,,2016
437,2016040308,4,40308,2,2,1,18,5,13,21,1,0,1,0,4,1,37,703,37703,80,2006,JH2MC13056K2,J,H,2,M,C,1,3,0,5,6,K,2,0,0,0,Not Applicable,Not Applicable,0,0,0,1,0,0,0,0,0,0,0,46,0,0,0,0,6,2,12,0,0,0,1,4,85282,6,1,0,0,3,0,72,190,0,0,0,0,1,3,2016,3,2016,0,0,0,0,0,5,7,45,1,1,2,1,0,0,1,72,16,2,1,98,No Trailing Units,No Trailing Units,No Trailing Units,1,0,,,,,,,,,,,,,,,,,,,,,,,,,2016
438,2016040309,4,40309,1,1,2,19,5,21,14,8,0,1,0,4,1,37,31,37031,2,2004,1HGEM21574L0,1,H,G,E,M,2,1,5,7,4,L,0,0,0,0,Not Applicable,Not Applicable,0,0,0,1,0,0,0,0,0,0,0,30,0,0,0,12,6,2,8,0,0,0,1,4,85017,6,1,0,0,3,0,62,145,0,0,0,0,0,0,0,0,0,0,0,0,0,0,5,7,45,1,1,2,1,0,0,1,80,99,1,1,13,No Trailing Units,No Trailing Units,No Trailing Units,0,0,,,,,,,,,,,,,,,,,,,,,,,,,2016
439,2016040310,4,40310,1,1,2,21,5,17,10,1,0,1,0,4,1,98,998,98998,97,2015,4XAVDE99XFB3,4,X,A,V,D,E,9,9,X,F,B,3,0,0,0,Not Applicable,Not Applicable,0,0,0,1,0,0,0,0,0,0,0,998,0,1,1,0,6,2,1,0,0,0,1,4,85653,6,1,0,0,3,0,71,180,0,0,0,1,2,2,2012,12,2012,4,0,0,0,0,1,2,98,1,1,5,1,0,0,1,5,99,9,6,98,No Trailing Units,No Trailing Units,No Trailing Units,1,0,,,,,,,,,,,,,,,,,,,,,,,,,2016
440,2016040311,4,40311,1,1,1,11,4,13,30,35,0,1,0,99,9,99,999,99999,99,9999,Unknown,9,9,9,9,9,9,9,9,9,9,9,9,0,0,0,Not Applicable,Not Applicable,0,0,0,1,0,0,0,0,0,0,0,998,0,1,5,98,9,9,1,0,0,0,1,4,86033,6,1,0,0,3,3,71,237,0,0,0,0,0,0,0,0,0,9,99,99,99,99,1,2,99,9,9,2,99,0,0,99,12,99,9,4,10,No Trailing Units,No Trailing Units,No Trailing Units,1,0,,,,,,,,,,,,,,,,,,,,,,,,,2016
441,2016040312,4,40312,1,2,1,3,5,17,47,12,6,1,0,4,1,20,481,20481,31,2016,1GC1KVE80GF1,1,G,C,1,K,V,E,8,0,G,F,1,0,0,0,Not Applicable,Not Applicable,0,0,0,1,0,0,0,0,0,0,0,5,0,0,0,12,6,2,12,0,0,0,1,4,85641,6,1,0,0,3,3,63,143,0,0,0,0,0,0,0,0,0,0,39,0,0,0,1,2,55,1,1,2,1,20,3,11,15,1,1,1,82,No Trailing Units,No Trailing Units,No Trailing Units,0,0,,,,,,,,,,,,,,,,,,,,,,,,,2016
442,2016040312,4,40312,2,2,1,3,5,17,47,12,6,1,0,4,1,37,706,37706,80,2015,JH2SC6605FK5,J,H,2,S,C,6,6,0,5,F,K,5,0,0,0,Not Applicable,Not Applicable,0,0,0,1,0,0,0,0,0,0,0,55,0,0,0,82,6,2,12,0,0,0,1,4,85641,6,1,0,0,3,0,73,172,0,0,0,0,0,0,0,0,0,0,0,0,0,0,1,2,55,1,1,2,1,0,0,1,67,99,9,1,83,No Trailing Units,No Trailing Units,No Trailing Units,1,0,,,,,,,,,,,,,,,,,,,,,,,,,2016
443,2016040313,4,40313,1,1,1,5,5,18,30,59,0,1,0,35,1,12,481,12481,31,2005,1FTPX04535KB,1,F,T,P,X,0,4,5,3,5,K,B,0,0,0,Not Applicable,Not Applicable,0,0,0,1,0,0,0,0,0,0,0,998,0,1,5,98,6,2,1,0,0,0,1,35,88220,1,1,0,0,2,0,71,240,98,2,0,2,1,5,2015,5,2016,4,58,0,0,0,1,2,45,3,1,2,1,0,0,14,13,6,9,4,7,No Trailing Units,No Trailing Units,No Trailing Units,1,1,,,,,,,,,,,,,,,,,,,,,,,,,2016
444,2016040314,4,40314,1,1,2,7,5,3,10,14,0,1,0,4,2,35,472,35472,30,2011,1N6AD0ER2BC4,1,N,6,A,D,0,E,R,2,B,C,4,0,0,0,Not Applicable,Not Applicable,0,0,0,1,0,0,0,0,0,0,0,998,0,0,0,82,6,2,14,0,0,0,1,4,85648,6,1,0,0,3,0,63,108,0,0,0,0,0,0,0,0,0,0,99,99,99,99,2,2,75,1,1,2,1,0,0,1,11,99,1,4,11,No Trailing Units,No Trailing Units,No Trailing Units,1,0,,,,,,,,,,,,,,,,,,,,,,,,,2016
445,2016040315,4,40315,1,3,4,7,5,9,48,12,6,1,0,6,4,49,442,49442,20,2015,5TDKK3DC2FS6,5,T,D,K,K,3,D,C,2,F,S,6,0,0,0,Not Applicable,Not Applicable,0,0,0,1,0,0,0,0,0,0,0,0,0,1,1,62,6,2,8,0,0,0,1,97,0,9,9,99,0,9,9,999,999,99,99,99,99,99,99,9999,99,9999,0,54,0,0,0,2,2,75,1,6,2,4,0,0,5,53,1,1,1,48,No Trailing Units,No Trailing Units,No Trailing Units,0,0,,,,,,,,,,,,,,,,,,,,,,,,,2016
446,2016040315,4,40315,2,3,1,7,5,9,48,12,6,1,0,40,1,12,881,12881,61,2008,1FTXW42R38EA,1,F,T,X,W,4,2,R,3,8,E,A,1,2,88,None,None,2,4,96,1,0,0,0,0,0,0,0,998,0,1,5,12,6,2,8,0,0,0,1,4,85298,6,1,0,0,3,0,75,215,0,0,0,0,0,0,0,0,0,4,88,87,0,0,2,2,75,1,6,2,4,0,0,1,50,9,3,3,48,4P5FY442XD11,No Trailing Units,No Trailing Units,0,0,,,,,,,,,,,,,,,,,,,,,,,,,2016
447,2016040315,4,40315,3,3,1,7,5,9,48,12,6,1,0,6,4,49,51,49051,9,2015,VNKKTUD37FA0,V,N,K,K,T,U,D,3,7,F,A,0,0,0,0,Not Applicable,Not Applicable,0,0,0,1,0,0,0,0,0,0,0,998,0,0,0,12,6,2,12,0,0,0,1,6,94507,6,1,0,0,3,0,68,160,0,0,0,0,0,0,0,0,0,4,87,0,0,0,2,2,75,1,6,2,4,0,0,1,50,16,9,3,98,No Trailing Units,No Trailing Units,No Trailing Units,0,0,,,,,,,,,,,,,,,,,,,,,,,,,2016
448,2016040316,4,40316,1,3,1,10,5,23,3,12,99,1,0,22,2,12,481,12481,31,1999,1FTRX17W8XKA,1,F,T,R,X,1,7,W,8,X,K,A,0,0,0,Not Applicable,Not Applicable,0,0,0,1,0,0,0,0,0,0,0,998,0,0,0,98,6,2,12,0,0,0,1,4,85302,6,1,0,0,3,0,66,125,0,0,0,0,0,0,0,0,0,4,0,0,0,0,2,2,75,1,1,2,1,0,0,99,12,99,9,4,99,No Trailing Units,No Trailing Units,No Trailing Units,1,0,,,,,,,,,,,,,,,,,,,,,,,,,2016
449,2016040316,4,40316,2,3,1,10,5,23,3,12,99,1,0,6,3,82,881,82881,66,2015,3AKJGLD51FSG,3,A,K,J,G,L,D,5,1,F,S,G,1,1,57,733151,57733151,3,6,1,1,0,0,0,0,0,0,0,998,0,1,5,98,6,2,12,0,0,0,1,4,85326,6,1,6,0,3,0,71,170,0,0,0,2,0,2,2012,8,2012,0,0,0,0,0,2,2,75,1,1,2,1,0,0,1,62,99,9,3,99,1UYVS2535DP5,No Trailing Units,No Trailing Units,0,0,,,,,,,,,,,,,,,,,,,,,,,,,2016
450,2016040316,4,40316,3,3,3,10,5,23,3,12,99,1,0,35,1,55,42,55042,3,2013,KMHTC6AE0DU1,K,M,H,T,C,6,A,E,0,D,U,1,0,0,0,Not Applicable,Not Applicable,0,0,0,1,0,0,0,0,0,0,0,998,0,0,0,98,6,2,12,0,0,0,1,35,88001,6,1,0,0,3,0,66,145,98,0,0,1,0,7,2015,7,2015,0,0,0,0,0,2,2,75,1,1,2,1,0,0,1,62,99,9,3,98,No Trailing Units,No Trailing Units,No Trailing Units,0,0,,,,,,,,,,,,,,,,,,,,,,,,,2016
451,2016040317,4,40317,1,2,1,13,5,9,55,12,99,1,0,4,1,72,706,72706,80,2005,1HD4CMM175K4,1,H,D,4,C,M,M,1,7,5,K,4,0,0,0,Not Applicable,Not Applicable,0,0,0,1,0,0,0,0,0,0,0,998,0,0,0,98,6,2,12,0,0,0,1,4,86333,6,1,0,0,3,3,69,145,0,0,0,0,0,0,0,0,0,0,27,0,0,0,2,2,65,1,1,2,1,0,0,11,10,99,9,2,72,No Trailing Units,No Trailing Units,No Trailing Units,1,0,,,,,,,,,,,,,,,,,,,,,,,,,2016
452,2016040317,4,40317,2,2,1,13,5,9,55,12,99,1,0,4,2,6,18,6018,4,2012,1C3CCBBB2CN3,1,C,3,C,C,B,B,B,2,C,N,3,0,0,0,Not Applicable,Not Applicable,0,0,0,1,0,0,0,0,0,0,0,998,0,0,0,98,6,2,12,0,0,0,1,4,85225,6,1,0,0,3,0,66,125,0,2,1,0,0,6,2012,12,2012,0,0,0,0,0,2,2,65,1,1,2,1,0,0,1,61,99,9,1,73,No Trailing Units,No Trailing Units,No Trailing Units,0,0,,,,,,,,,,,,,,,,,,,,,,,,,2016
453,2016040318,4,40318,1,1,3,15,5,0,14,52,0,1,0,4,2,20,36,20036,2,2003,2G1WX12K9392,2,G,1,W,X,1,2,K,9,3,9,2,0,0,0,Not Applicable,Not Applicable,0,0,0,1,0,0,0,0,0,0,0,998,0,0,0,98,6,2,52,0,0,0,1,4,85648,0,0,0,0,0,0,67,220,0,0,0,0,0,0,0,0,0,4,91,0,0,0,2,2,75,1,5,2,1,0,0,1,9,99,3,4,2,No Trailing Units,No Trailing Units,No Trailing Units,1,0,,,,,,,,,,,,,,,,,,,,,,,,,2016
454,2016040319,4,40319,1,1,1,17,5,14,58,9,0,1,0,4,2,37,32,37032,4,1991,1HGCB7651MA1,1,H,G,C,B,7,6,5,1,M,A,1,0,0,0,Not Applicable,Not Applicable,0,0,0,1,0,0,0,0,0,0,0,65,0,0,0,62,2,5,9,0,0,0,1,4,85203,6,1,0,0,3,3,66,190,0,0,0,0,0,0,0,0,0,3,0,0,0,0,1,5,45,1,5,8,1,0,0,1,83,16,2,1,13,No Trailing Units,No Trailing Units,No Trailing Units,0,0,,,,,,,,,,,,,,,,,,,,,,,,,2016
455,2016040320,4,40320,1,2,1,19,5,19,44,12,6,1,0,4,2,73,703,73703,80,2014,JKAEX8B13EA0,J,K,A,E,X,8,B,1,3,E,A,0,0,0,0,Not Applicable,Not Applicable,0,0,0,1,0,0,0,0,0,0,0,50,0,0,0,12,6,2,12,0,0,0,1,4,85629,6,1,0,0,3,0,73,180,0,0,0,1,0,10,2014,10,2014,3,0,0,0,0,2,4,40,1,1,2,1,3,3,1,17,7,1,3,69,No Trailing Units,No Trailing Units,No Trailing Units,1,0,,,,,,,,,,,,,,,,,,,,,,,,,2016
456,2016040320,4,40320,2,2,1,19,5,19,44,12,6,1,0,4,1,18,401,18401,14,2006,3G5DA03LX6S6,3,G,5,D,A,0,3,L,X,6,S,6,0,0,0,Not Applicable,Not Applicable,0,0,0,1,0,0,0,0,0,0,0,15,0,0,0,3,4,5,12,0,0,0,1,4,85614,6,1,0,0,3,0,64,180,0,0,0,0,1,10,2012,10,2012,0,38,0,0,0,2,4,40,1,1,2,1,3,3,11,63,1,1,1,68,No Trailing Units,No Trailing Units,No Trailing Units,0,0,,,,,,,,,,,,,,,,,,,,,,,,,2016
457,2016040321,4,40321,1,2,2,21,5,3,9,12,8,1,0,4,1,14,17,14017,4,1996,1MELM53S4TG6,1,M,E,L,M,5,3,S,4,T,G,6,0,0,0,Not Applicable,Not Applicable,0,0,0,1,0,0,0,0,0,0,0,998,0,0,0,62,6,2,12,0,0,0,1,4,85530,6,1,0,0,3,0,73,295,0,0,0,0,0,0,0,0,0,0,28,0,0,0,1,2,65,1,1,2,1,0,0,1,10,99,9,2,64,No Trailing Units,No Trailing Units,No Trailing Units,1,1,,,,,,,,,,,,,,,,,,,,,,,,,2016
458,2016040321,4,40321,2,2,1,21,5,3,9,12,8,1,0,35,3,87,884,87884,66,2014,1NPXGGGG7ED2,1,N,P,X,G,G,G,G,7,E,D,2,1,1,57,354049,57354049,3,6,4,2,2,3077,9,1,0,0,0,998,0,0,0,63,6,2,12,0,0,0,1,35,88061,6,1,6,1,3,3,71,172,98,0,0,0,0,0,0,0,0,0,0,0,0,0,1,2,65,1,1,2,1,0,0,1,62,99,9,1,65,48X1H3723810,No Trailing Units,No Trailing Units,0,0,,,,,,,,,,,,,,,,,,,,,,,,,2016
459,2016040322,4,40322,1,2,2,25,5,14,29,12,2,1,0,12,4,72,706,72706,80,2016,1HD1FCM19GB6,1,H,D,1,F,C,M,1,9,G,B,6,0,0,0,Not Applicable,Not Applicable,0,0,0,1,0,0,0,0,0,0,0,63,0,0,0,12,6,2,12,0,0,0,1,97,0,9,9,99,0,9,9,69,250,99,99,99,99,99,99,9999,99,9999,3,0,0,0,0,1,4,35,1,1,2,1,0,0,1,17,99,1,1,69,No Trailing Units,No Trailing Units,No Trailing Units,2,0,,,,,,,,,,,,,,,,,,,,,,,,,2016
460,2016040322,4,40322,2,2,1,25,5,14,29,12,2,1,0,4,1,2,403,2403,14,1987,2BCCL81K8HB5,2,B,C,C,L,8,1,K,8,H,B,5,0,0,0,Not Applicable,Not Applicable,0,0,0,1,0,0,0,0,0,0,0,998,0,0,0,12,6,2,12,0,0,0,1,4,86337,6,1,0,0,3,0,67,215,0,0,0,0,0,0,0,0,0,0,0,0,0,0,1,4,35,1,1,2,1,0,0,11,63,99,1,1,68,No Trailing Units,No Trailing Units,No Trailing Units,0,0,,,,,,,,,,,,,,,,,,,,,,,,,2016
461,2016040323,4,40323,1,1,1,30,5,20,41,8,0,1,0,4,1,20,421,20421,15,2001,1GNDT13WX1K1,1,G,N,D,T,1,3,W,X,1,K,1,0,0,0,Not Applicable,Not Applicable,0,0,0,1,0,0,0,0,0,0,0,65,0,0,0,82,2,5,8,0,0,0,1,4,85716,6,1,0,0,3,3,69,190,0,0,0,0,0,0,0,0,0,0,0,0,0,0,3,3,65,1,1,2,1,0,0,1,80,1,1,1,13,No Trailing Units,No Trailing Units,No Trailing Units,0,0,,,,,,,,,,,,,,,,,,,,,,,,,2016
462,2016040324,4,40324,1,2,4,31,5,20,29,12,6,1,0,4,2,20,22,20022,2,2009,1G1AT18H8971,1,G,1,A,T,1,8,H,8,9,7,1,0,0,0,Not Applicable,Not Applicable,0,0,0,1,0,0,0,0,0,0,0,15,0,0,0,83,6,2,12,0,0,0,1,4,85207,6,1,0,0,3,0,65,160,0,0,0,0,0,0,0,0,0,0,38,0,0,0,1,6,45,1,1,8,1,3,3,11,15,99,1,1,68,No Trailing Units,No Trailing Units,No Trailing Units,0,0,,,,,,,,,,,,,,,,,,,,,,,,,2016
463,2016040324,4,40324,2,2,1,31,5,20,29,12,6,1,0,4,1,73,703,73703,80,2016,JKAEX8A18GDA,J,K,A,E,X,8,A,1,8,G,D,A,0,0,0,Not Applicable,Not Applicable,0,0,0,1,0,0,0,0,0,0,0,65,0,0,0,12,6,2,12,0,0,0,1,4,85205,6,1,0,0,2,0,68,140,0,2,0,1,1,6,2015,7,2015,3,0,0,0,0,1,5,45,1,1,8,1,3,3,1,62,99,9,3,69,No Trailing Units,No Trailing Units,No Trailing Units,1,0,,,,,,,,,,,,,,,,,,,,,,,,,2016
464,2016040325,4,40325,1,1,1,15,5,19,40,14,0,1,0,99,9,63,999,63999,49,2003,Unknown,9,9,9,9,9,9,9,9,9,9,9,9,0,0,0,Not Applicable,Not Applicable,0,0,0,1,0,0,0,0,0,0,0,999,0,1,1,98,9,9,1,0,0,0,1,4,85301,6,1,0,0,3,0,65,265,0,0,0,0,0,0,0,0,0,9,99,99,99,99,9,9,99,9,9,9,99,0,0,99,99,99,9,4,99,No Trailing Units,No Trailing Units,No Trailing Units,1,0,,,,,,,,,,,,,,,,,,,,,,,,,2016
465,2016040326,4,40326,1,2,1,18,5,4,20,12,6,1,0,4,2,12,481,12481,31,2001,2FTRX18L11CA,2,F,T,R,X,1,8,L,1,1,C,A,0,0,0,Not Applicable,Not Applicable,0,0,0,1,0,0,0,0,0,0,0,998,0,0,0,82,6,2,12,0,0,0,1,4,85303,6,1,0,0,3,0,71,189,0,0,0,1,0,9,2013,9,2013,0,39,0,0,0,2,4,40,1,1,2,2,3,3,1,17,99,9,3,87,No Trailing Units,No Trailing Units,No Trailing Units,1,0,,,,,,,,,,,,,,,,,,,,,,,,,2016
466,2016040326,4,40326,2,2,1,18,5,4,20,12,6,1,0,4,3,82,881,82881,66,2014,3AKJGBDV4ESF,3,A,K,J,G,B,D,V,4,E,S,F,0,0,57,674065,57674065,3,5,96,1,0,0,0,0,0,0,0,998,0,0,0,12,6,2,12,0,0,0,1,4,85388,6,1,6,0,3,3,77,200,0,0,0,0,0,0,0,0,0,0,89,0,0,0,2,4,40,1,1,2,2,3,3,1,66,16,2,1,86,No Trailing Units,No Trailing Units,No Trailing Units,0,0,,,,,,,,,,,,,,,,,,,,,,,,,2016
467,2016040327,4,40327,1,1,1,18,5,99,99,8,0,1,9,99,9,99,999,99999,99,9999,Unknown,9,9,9,9,9,9,9,9,9,9,9,9,0,0,0,Not Applicable,Not Applicable,0,0,0,1,0,0,0,0,0,0,0,999,0,0,0,98,9,9,8,0,0,0,1,99,99999,9,9,99,0,9,9,999,999,99,99,99,99,99,99,9999,99,9999,9,99,99,99,99,9,9,99,9,9,9,99,99,9,99,82,99,9,9,13,No Trailing Units,No Trailing Units,No Trailing Units,0,0,,,,,,,,,,,,,,,,,,,,,,,,,2016
468,2016040328,4,40328,1,1,1,21,5,5,0,1,0,1,0,4,1,12,17,12017,4,1997,1FALP52UXVA1,1,F,A,L,P,5,2,U,X,V,A,1,0,0,0,Not Applicable,Not Applicable,0,0,0,1,0,0,0,0,0,0,0,78,0,1,3,0,6,2,1,0,0,0,1,4,85335,6,1,0,0,3,0,61,105,0,0,0,0,0,0,0,0,0,3,0,0,0,0,2,2,45,2,1,2,1,0,0,14,12,99,9,4,6,No Trailing Units,No Trailing Units,No Trailing Units,1,0,,,,,,,,,,,,,,,,,,,,,,,,,2016
469,2016040329,4,40329,1,1,1,21,5,6,56,1,0,1,0,4,1,72,706,72706,80,2003,1HD1FSW173Y6,1,H,D,1,F,S,W,1,7,3,Y,6,0,0,0,Not Applicable,Not Applicable,0,0,0,1,0,0,0,0,0,0,0,66,0,0,0,0,6,2,1,0,0,0,1,4,85086,6,1,0,0,2,0,72,200,0,0,0,1,0,9,2013,9,2013,4,0,0,0,0,1,2,25,3,1,2,1,0,0,14,13,99,9,4,5,No Trailing Units,No Trailing Units,No Trailing Units,1,1,,,,,,,,,,,,,,,,,,,,,,,,,2016
470,2016040330,4,40330,1,2,2,23,5,19,40,12,6,1,1,4,2,22,16,22016,2,2001,1G2JB1243172,1,G,2,J,B,1,2,4,3,1,7,2,0,0,0,Not Applicable,Not Applicable,0,0,0,1,0,0,0,0,0,0,0,3,0,0,0,81,4,3,12,0,0,0,1,4,85147,0,0,0,0,0,0,62,165,0,0,0,0,0,0,0,0,0,0,38,48,0,0,1,2,65,1,1,2,1,0,0,11,15,99,1,1,68,No Trailing Units,No Trailing Units,No Trailing Units,0,0,,,,,,,,,,,,,,,,,,,,,,,,,2016
471,2016040330,4,40330,2,2,1,23,5,19,40,12,6,1,0,4,1,72,706,72706,80,2004,1HD1BWB164Y0,1,H,D,1,B,W,B,1,6,4,Y,0,0,0,0,Not Applicable,Not Applicable,0,0,0,1,0,0,0,0,0,0,0,998,0,0,0,12,4,3,12,0,0,0,1,4,85128,6,1,0,0,3,3,74,300,0,0,0,0,0,0,0,0,0,3,0,0,0,0,1,3,75,1,1,2,1,0,0,1,62,99,1,1,69,No Trailing Units,No Trailing Units,No Trailing Units,1,0,,,,,,,,,,,,,,,,,,,,,,,,,2016
472,2016040331,4,40331,1,2,1,27,5,12,4,12,99,1,0,4,1,18,7,18007,4,2000,2G4WY55J9Y11,2,G,4,W,Y,5,5,J,9,Y,1,1,0,0,0,Not Applicable,Not Applicable,0,0,0,1,0,0,0,0,0,0,0,75,0,0,0,98,6,2,12,0,0,0,1,4,85354,6,1,0,0,3,0,73,190,0,0,0,0,0,0,0,0,0,0,89,0,0,0,1,2,55,1,1,8,1,0,0,1,99,99,9,4,98,No Trailing Units,No Trailing Units,No Trailing Units,1,1,,,,,,,,,,,,,,,,,,,,,,,,,2016
473,2016040331,4,40331,2,2,1,27,5,12,4,12,99,1,0,4,3,12,481,12481,31,2009,1FTSX21R29EA,1,F,T,S,X,2,1,R,2,9,E,A,0,0,0,Not Applicable,Not Applicable,0,0,0,1,0,0,0,0,0,0,0,87,0,0,0,98,6,2,12,0,0,0,1,4,85354,6,1,0,0,3,0,66,185,0,0,0,0,0,0,0,0,0,3,0,0,0,0,1,2,55,1,1,8,1,0,0,1,62,99,9,4,98,No Trailing Units,No Trailing Units,No Trailing Units,0,0,,,,,,,,,,,,,,,,,,,,,,,,,2016
474,2016040332,4,40332,1,1,1,28,5,8,43,1,0,1,0,4,2,23,421,23421,15,2004,1GKEC13V14R2,1,G,K,E,C,1,3,V,1,4,R,2,0,0,0,Not Applicable,Not Applicable,0,0,0,1,0,0,0,0,0,0,0,999,0,1,6,0,6,2,1,0,0,0,1,4,85121,6,1,0,0,3,3,65,180,0,0,0,0,0,0,0,0,0,9,58,0,0,0,1,2,55,1,1,8,1,0,0,1,13,7,9,4,7,No Trailing Units,No Trailing Units,No Trailing Units,1,0,,,,,,,,,,,,,,,,,,,,,,,,,2016
475,2016040333,4,40333,1,1,2,28,5,20,0,99,99,1,0,99,9,99,999,99999,99,9999,Unknown,9,9,9,9,9,9,9,9,9,9,9,9,0,0,0,Not Applicable,Not Applicable,0,0,0,1,0,0,0,0,0,0,0,999,0,0,0,99,9,9,99,0,0,0,1,99,99999,9,9,99,0,9,9,999,999,99,99,99,99,99,99,9999,99,9999,9,99,99,99,99,9,9,99,9,9,9,99,99,9,99,99,99,9,9,99,No Trailing Units,No Trailing Units,No Trailing Units,1,0,,,,,,,,,,,,,,,,,,,,,,,,,2016