index,accident_id,STATE,ST_CASE,VEH_NO,VE_FORMS,NUMOCCS,DAY,MONTH,HOUR,MINUTE,HARM_EV,MAN_COLL,UNITTYPE,HIT_RUN,REG_STAT,OWNER,MAKE,MODEL,MAK_MOD,BODY_TYP,MOD_YEAR,VIN,VIN_1,VIN_2,VIN_3,VIN_4,VIN_5,VIN_6,VIN_7,VIN_8,VIN_9,VIN_10,VIN_11,VIN_12,TOW_VEH,J_KNIFE,MCARR_I1,MCARR_I2,MCARR_ID,GVWR,V_CONFIG,CARGO_BT,HAZ_INV,HAZ_PLAC,HAZ_ID,HAZ_CNO,HAZ_REL,BUS_USE,SPEC_USE,EMER_USE,TRAV_SP,UNDERIDE,ROLLOVER,ROLINLOC,IMPACT1,DEFORMED,TOWED,M_HARM,VEH_SC1,VEH_SC2,FIRE_EXP,DR_PRES,L_STATE,DR_ZIP,L_STATUS,L_TYPE,CDL_STAT,L_ENDORS,L_COMPL,L_RESTRI,DR_HGT,DR_WGT,PREV_ACC,PREV_SUS,PREV_DWI,PREV_SPD,PREV_OTH,FIRST_MO,FIRST_YR,LAST_MO,LAST_YR,SPEEDREL,DR_SF1,DR_SF2,DR_SF3,DR_SF4,VTRAFWAY,VNUM_LAN,VSPD_LIM,VALIGN,VPROFILE,VPAVETYP,VSURCOND,VTRAFCON,VTCONT_F,P_CRASH1,P_CRASH2,P_CRASH3,PCRASH4,PCRASH5,ACC_TYPE,TRLR1VIN,TRLR2VIN,TRLR3VIN,DEATHS,DR_DRINK,VINTYPE,VINMAKE,VINA_MOD,VIN_BT,VINMODYR,VIN_LNGT,VIN_WGT,WGTCD_TR,WHLBS_LG,WHLBS_SH,SER_TR,FUELCODE,MCYCL_DS,CARBUR,CYLINDER,DISPLACE,MCYCL_CY,MCYCL_WT,TIRE_SZE,TON_RAT,TRK_WT,TRKWTVAR,VIN_REST,WHLDRWHL,Year
606,2016040407,4,40407,1,3,1,9,6,4,14,12,99,1,0,99,9,23,421,23421,15,2002,Unknown,9,9,9,9,9,9,9,9,9,9,9,9,0,0,0,Not Applicable,Not Applicable,0,0,0,1,0,0,0,0,0,0,0,999,0,0,0,98,9,9,12,0,0,0,1,99,99999,9,9,99,0,9,9,999,999,99,99,99,99,99,99,9999,99,9999,0,39,0,0,0,1,7,99,1,9,2,99,3,3,1,17,99,9,9,99,No Trailing Units,No Trailing Units,No Trailing Units,0,0,,,,,,,,,,,,,,,,,,,,,,,,,2016
607,2016040407,4,40407,2,3,2,9,6,4,14,12,99,1,0,99,9,12,461,12461,21,2004,Unknown,9,9,9,9,9,9,9,9,9,9,9,9,0,0,0,Not Applicable,Not Applicable,0,0,0,1,0,0,0,0,0,0,0,999,0,1,1,98,9,9,1,0,0,0,1,4,85035,6,1,0,0,3,0,66,190,0,0,0,2,0,4,2012,6,2015,0,0,0,0,0,2,4,99,1,9,2,99,3,3,1,66,99,9,3,99,No Trailing Units,No Trailing Units,No Trailing Units,1,0,,,,,,,,,,,,,,,,,,,,,,,,,2016
608,2016040407,4,40407,3,3,1,9,6,4,14,12,99,1,0,99,9,35,47,35047,4,2015,Unknown,9,9,9,9,9,9,9,9,9,9,9,9,0,0,0,Not Applicable,Not Applicable,0,0,0,1,0,0,0,0,0,0,0,0,0,0,0,98,9,9,12,0,0,0,1,4,85022,6,1,0,0,3,3,68,240,0,0,0,0,0,0,0,0,0,0,0,0,0,0,1,7,99,1,9,2,99,3,3,5,66,1,1,1,98,No Trailing Units,No Trailing Units,No Trailing Units,0,0,,,,,,,,,,,,,,,,,,,,,,,,,2016
609,2016040408,4,40408,1,2,2,10,6,15,33,12,2,1,0,4,2,7,482,7482,31,2015,3C6JR6AT7FG6,3,C,6,J,R,6,A,T,7,F,G,6,0,0,0,Not Applicable,Not Applicable,0,0,0,1,0,0,0,0,0,0,0,70,0,0,0,12,6,2,12,0,0,0,1,6,92821,1,1,0,0,2,0,61,120,0,1,0,0,1,6,2015,1,2016,4,28,91,0,0,1,2,40,2,5,2,1,0,0,14,10,99,9,2,50,No Trailing Units,No Trailing Units,No Trailing Units,0,0,,,,,,,,,,,,,,,,,,,,,,,,,2016
610,2016040408,4,40408,2,2,6,10,6,15,33,12,2,1,0,6,1,35,401,35401,14,2006,5N1AR18U16C6,5,N,1,A,R,1,8,U,1,6,C,6,0,0,0,Not Applicable,Not Applicable,0,0,0,1,0,0,0,0,0,0,0,30,0,0,0,12,6,2,12,0,0,0,1,6,91724,6,1,0,0,3,0,69,200,1,0,0,0,0,9,2014,9,2014,0,0,0,0,0,1,2,35,3,6,2,1,0,0,14,62,99,9,3,51,No Trailing Units,No Trailing Units,No Trailing Units,2,0,,,,,,,,,,,,,,,,,,,,,,,,,2016
611,2016040409,4,40409,1,1,1,11,6,0,6,9,0,1,0,4,1,59,31,59031,4,2003,JTHBF30G2301,J,T,H,B,F,3,0,G,2,3,0,1,0,0,0,Not Applicable,Not Applicable,0,0,0,1,0,0,0,0,0,0,0,41,0,0,0,98,6,2,9,0,0,0,1,4,85033,0,0,0,0,0,0,74,298,0,0,0,0,0,0,0,0,0,0,0,0,0,0,1,2,35,1,1,8,1,0,0,1,83,99,9,3,13,No Trailing Units,No Trailing Units,No Trailing Units,0,0,,,,,,,,,,,,,,,,,,,,,,,,,2016
612,2016040410,4,40410,1,1,1,11,6,2,22,38,0,1,0,99,9,7,482,7482,31,2003,Unknown,9,9,9,9,9,9,9,9,9,9,9,9,0,0,0,Not Applicable,Not Applicable,0,0,0,1,0,0,0,0,0,0,0,999,0,0,0,12,9,9,38,0,0,0,1,4,85302,1,1,0,0,2,0,69,200,0,1,0,1,0,10,2015,1,2016,9,99,99,99,99,1,6,99,1,1,9,99,0,0,1,9,99,9,4,7,No Trailing Units,No Trailing Units,No Trailing Units,1,1,,,,,,,,,,,,,,,,,,,,,,,,,2016
613,2016040411,4,40411,1,1,3,11,6,22,53,43,0,1,0,99,9,49,471,49471,30,1988,Unknown,9,9,9,9,9,9,9,9,9,9,9,9,0,0,0,Not Applicable,Not Applicable,0,0,0,1,0,0,0,0,0,0,0,999,0,0,0,98,9,9,43,0,0,0,1,99,99999,9,9,99,0,9,9,999,999,99,99,99,99,99,99,9999,99,9999,5,99,99,99,99,2,3,99,1,1,9,99,0,0,1,9,99,9,4,2,No Trailing Units,No Trailing Units,No Trailing Units,1,1,,,,,,,,,,,,,,,,,,,,,,,,,2016
614,2016040412,4,40412,1,1,1,12,6,19,32,42,0,1,0,4,1,12,481,12481,31,2004,2FTRF17284CA,2,F,T,R,F,1,7,2,8,4,C,A,0,0,0,Not Applicable,Not Applicable,0,0,0,1,0,0,0,0,0,0,0,48,0,0,0,9,6,2,42,0,0,0,1,4,85260,0,0,0,0,0,0,71,180,0,0,0,0,0,0,0,0,0,4,0,0,0,0,5,7,45,1,1,2,1,0,0,1,13,99,1,4,1,No Trailing Units,No Trailing Units,No Trailing Units,1,1,,,,,,,,,,,,,,,,,,,,,,,,,2016
615,2016040413,4,40413,1,2,1,13,6,8,59,1,0,1,0,99,9,49,471,49471,30,1994,Unknown,9,9,9,9,9,9,9,9,9,9,9,9,0,0,0,Not Applicable,Not Applicable,0,0,0,1,0,0,0,0,0,0,0,999,0,0,0,6,9,9,12,0,0,0,1,4,85033,0,0,0,0,0,0,66,166,0,0,0,0,0,0,0,0,0,0,38,0,0,0,1,6,99,1,9,2,99,3,3,10,16,1,1,1,98,No Trailing Units,No Trailing Units,No Trailing Units,0,0,,,,,,,,,,,,,,,,,,,,,,,,,2016
616,2016040413,4,40413,2,2,1,13,6,8,59,1,0,1,0,99,9,72,709,72709,80,2015,Unknown,9,9,9,9,9,9,9,9,9,9,9,9,0,0,0,Not Applicable,Not Applicable,0,0,0,1,0,0,0,0,0,0,0,999,0,0,0,0,9,9,12,0,0,0,1,4,85301,6,1,0,0,3,0,70,200,0,0,0,0,0,0,0,0,0,5,0,0,0,0,1,6,99,1,9,2,99,3,3,1,65,16,9,1,98,No Trailing Units,No Trailing Units,No Trailing Units,1,0,,,,,,,,,,,,,,,,,,,,,,,,,2016
617,2016040414,4,40414,1,1,1,14,6,21,16,8,0,1,0,99,9,63,33,63033,5,2002,Unknown,9,9,9,9,9,9,9,9,9,9,9,9,0,0,0,Not Applicable,Not Applicable,0,0,0,1,0,0,0,0,0,0,0,999,0,0,0,98,9,9,8,0,0,0,1,4,85009,6,1,0,0,3,3,65,140,0,0,0,0,0,0,0,0,0,0,0,0,0,0,9,9,99,1,9,9,99,0,0,1,80,99,9,3,13,No Trailing Units,No Trailing Units,No Trailing Units,0,0,,,,,,,,,,,,,,,,,,,,,,,,,2016
618,2016040415,4,40415,1,4,1,15,6,13,51,12,8,1,0,99,9,24,3,24003,6,1998,Unknown,9,9,9,9,9,9,9,9,9,9,9,9,0,0,0,Not Applicable,Not Applicable,0,0,0,1,0,0,0,0,0,0,0,999,0,0,0,61,9,9,12,0,0,0,1,4,85053,6,1,0,0,3,0,68,170,0,0,0,0,0,0,0,0,0,0,28,0,0,0,1,7,99,1,1,8,99,3,3,1,10,99,9,2,64,No Trailing Units,No Trailing Units,No Trailing Units,1,0,,,,,,,,,,,,,,,,,,,,,,,,,2016
619,2016040415,4,40415,2,4,1,15,6,13,51,12,8,1,0,99,9,20,421,20421,15,2014,Unknown,9,9,9,9,9,9,9,9,9,9,9,9,0,0,0,Not Applicable,Not Applicable,0,0,0,1,0,0,0,0,0,5,2,0,0,0,0,61,9,9,12,0,0,0,1,4,85306,6,1,0,0,3,0,72,155,0,0,0,0,0,0,0,0,0,0,0,0,0,0,1,7,99,1,1,8,99,3,3,5,62,1,1,1,65,No Trailing Units,No Trailing Units,No Trailing Units,0,0,,,,,,,,,,,,,,,,,,,,,,,,,2016
620,2016040415,4,40415,3,4,6,15,6,13,51,12,8,1,0,99,9,7,442,7442,20,2006,Unknown,9,9,9,9,9,9,9,9,9,9,9,9,0,0,0,Not Applicable,Not Applicable,0,0,0,1,0,0,0,0,0,0,0,999,0,0,0,61,9,9,12,0,0,0,1,4,85029,6,1,0,0,3,0,69,115,0,0,0,0,0,0,0,0,0,0,0,0,0,0,1,7,99,1,9,8,99,3,3,99,62,99,9,1,98,No Trailing Units,No Trailing Units,No Trailing Units,0,0,,,,,,,,,,,,,,,,,,,,,,,,,2016
621,2016040415,4,40415,4,4,1,15,6,13,51,12,8,1,0,99,9,7,27,7027,6,2012,Unknown,9,9,9,9,9,9,9,9,9,9,9,9,0,0,0,Not Applicable,Not Applicable,0,0,0,1,0,0,0,0,0,0,0,999,0,0,0,12,9,9,12,0,0,0,1,4,85029,6,1,0,0,3,0,67,180,0,0,0,0,1,11,2012,11,2012,0,0,0,0,0,1,7,99,1,9,8,99,3,3,1,54,99,9,1,98,No Trailing Units,No Trailing Units,No Trailing Units,0,0,,,,,,,,,,,,,,,,,,,,,,,,,2016
622,2016040416,4,40416,1,1,2,18,6,1,22,5,0,1,0,99,9,7,482,7482,31,2006,Unknown,9,9,9,9,9,9,9,9,9,9,9,9,0,0,0,Not Applicable,Not Applicable,0,0,0,1,0,0,0,0,0,0,0,999,0,0,0,0,0,9,5,0,0,0,1,4,85203,6,1,0,0,3,3,66,210,0,1,0,2,0,11,2012,4,2016,0,91,0,0,0,5,6,99,1,9,9,99,0,0,1,98,99,1,1,0,No Trailing Units,No Trailing Units,No Trailing Units,1,1,,,,,,,,,,,,,,,,,,,,,,,,,2016
623,2016040417,4,40417,1,2,2,18,6,21,32,12,6,1,0,99,9,24,999,24999,49,2000,Unknown,9,9,9,9,9,9,9,9,9,9,9,9,0,0,0,Not Applicable,Not Applicable,0,0,0,1,0,0,0,0,0,0,0,999,0,0,0,61,9,9,12,0,0,0,1,99,99999,9,9,99,0,9,9,999,999,99,99,99,99,99,99,9999,99,9999,0,99,99,99,99,0,0,0,0,0,0,0,99,9,11,15,99,9,3,82,No Trailing Units,No Trailing Units,No Trailing Units,1,0,,,,,,,,,,,,,,,,,,,,,,,,,2016
624,2016040417,4,40417,2,2,1,18,6,21,32,12,6,1,0,99,9,49,482,49482,31,2014,Unknown,9,9,9,9,9,9,9,9,9,9,9,9,1,1,0,Not Applicable,Not Applicable,0,0,0,1,0,0,0,0,0,0,0,999,0,0,0,12,9,9,12,0,0,0,1,4,85083,6,1,0,0,3,3,65,135,0,0,0,1,0,9,2013,9,2013,0,0,0,0,0,2,4,99,1,9,9,99,0,0,1,72,99,9,3,83,Unknown,No Trailing Units,No Trailing Units,0,0,,,,,,,,,,,,,,,,,,,,,,,,,2016
625,2016040418,4,40418,1,1,4,19,6,0,39,35,0,1,0,4,2,20,481,20481,31,2004,1GCEK19T94E3,1,G,C,E,K,1,9,T,9,4,E,3,0,0,0,Not Applicable,Not Applicable,0,0,0,1,0,0,0,0,0,0,0,48,0,1,5,82,6,2,1,0,0,0,1,4,86001,0,0,0,0,0,0,999,999,0,0,0,1,0,10,2015,10,2015,4,91,0,0,0,1,2,25,3,4,5,1,0,0,14,9,99,9,4,2,No Trailing Units,No Trailing Units,No Trailing Units,1,1,,,,,,,,,,,,,,,,,,,,,,,,,2016
626,2016040419,4,40419,1,3,1,21,6,16,16,12,6,1,0,4,1,20,421,20421,15,1999,1GNEK13R5XJ5,1,G,N,E,K,1,3,R,5,X,J,5,0,0,0,Not Applicable,Not Applicable,0,0,0,1,0,0,0,0,0,0,0,40,0,1,1,82,6,2,1,0,0,0,1,4,85381,6,1,0,0,3,0,69,160,0,0,0,0,0,0,0,0,0,0,58,91,0,0,2,3,40,1,1,2,1,0,0,1,10,99,9,2,66,No Trailing Units,No Trailing Units,No Trailing Units,0,1,,,,,,,,,,,,,,,,,,,,,,,,,2016
627,2016040419,4,40419,2,3,1,21,6,16,16,12,6,1,0,4,1,59,31,59031,4,1997,JT8BF22G7V00,J,T,8,B,F,2,2,G,7,V,0,0,0,0,0,Not Applicable,Not Applicable,0,0,0,1,0,0,0,0,0,0,0,40,0,1,1,12,6,2,12,0,0,0,1,4,85395,6,1,0,0,3,0,67,190,0,0,0,1,0,3,2015,3,2015,0,0,0,0,0,2,5,40,1,1,2,1,0,0,1,62,99,9,3,66,No Trailing Units,No Trailing Units,No Trailing Units,1,0,,,,,,,,,,,,,,,,,,,,,,,,,2016
628,2016040419,4,40419,3,3,1,21,6,16,16,12,6,1,0,4,1,20,16,20016,4,2003,1G1JC52F6372,1,G,1,J,C,5,2,F,6,3,7,2,0,0,0,Not Applicable,Not Applicable,0,0,0,1,0,0,0,0,0,0,0,40,0,0,0,12,6,2,12,0,0,0,1,4,85051,6,1,0,0,3,3,75,188,0,0,0,0,0,0,0,0,0,0,0,0,0,0,2,5,40,1,1,2,1,0,0,1,78,99,9,1,98,No Trailing Units,No Trailing Units,No Trailing Units,0,0,,,,,,,,,,,,,,,,,,,,,,,,,2016
629,2016040420,4,40420,1,2,1,22,6,14,4,12,2,1,0,4,1,7,29,7029,4,2015,1C3CDFBB5FD4,1,C,3,C,D,F,B,B,5,F,D,4,0,0,0,Not Applicable,Not Applicable,0,0,0,1,0,0,0,0,0,0,0,53,0,0,0,12,6,2,12,0,0,0,1,4,85323,6,1,0,0,3,0,70,197,0,0,0,0,0,0,0,0,0,0,28,33,0,0,1,2,55,2,1,2,1,0,0,6,10,99,1,2,50,No Trailing Units,No Trailing Units,No Trailing Units,0,0,,,,,,,,,,,,,,,,,,,,,,,,,2016
630,2016040420,4,40420,2,2,1,22,6,14,4,12,2,1,0,4,2,35,471,35471,30,1992,1N6SD11S4NC3,1,N,6,S,D,1,1,S,4,N,C,3,0,0,0,Not Applicable,Not Applicable,0,0,0,1,0,0,0,0,0,0,0,40,0,0,0,12,6,2,12,0,0,0,1,4,85326,0,0,0,0,0,0,72,235,0,3,1,0,1,11,2013,11,2014,0,0,0,0,0,1,2,55,3,1,2,1,0,0,14,62,99,1,1,51,No Trailing Units,No Trailing Units,No Trailing Units,1,0,,,,,,,,,,,,,,,,,,,,,,,,,2016
631,2016040421,4,40421,1,1,1,23,6,19,44,8,0,1,0,99,9,99,499,99499,39,9999,Unknown,9,9,9,9,9,9,9,9,9,9,9,9,0,0,0,Not Applicable,Not Applicable,0,0,0,1,0,0,0,0,0,0,0,999,0,0,0,98,9,9,8,0,0,0,1,99,99999,9,9,99,0,9,9,999,999,99,99,99,99,99,99,9999,99,9999,9,99,99,99,99,1,3,99,1,1,2,1,3,3,11,80,99,9,3,13,No Trailing Units,No Trailing Units,No Trailing Units,0,0,,,,,,,,,,,,,,,,,,,,,,,,,2016
632,2016040422,4,40422,1,1,2,25,6,21,34,8,0,1,0,99,9,6,18,6018,4,2012,Unknown,9,9,9,9,9,9,9,9,9,9,9,9,0,0,0,Not Applicable,Not Applicable,0,0,0,1,0,0,0,0,0,0,0,999,0,0,0,62,9,9,8,0,0,0,1,4,85353,6,1,0,0,3,3,67,190,0,0,0,1,0,2,2015,2,2015,0,89,0,0,0,9,9,99,1,9,9,99,0,0,1,80,6,9,3,13,No Trailing Units,No Trailing Units,No Trailing Units,0,0,,,,,,,,,,,,,,,,,,,,,,,,,2016
633,2016040423,4,40423,1,2,1,26,6,11,14,12,6,1,0,4,1,12,17,12017,4,2005,1FAFP53U35A2,1,F,A,F,P,5,3,U,3,5,A,2,0,0,0,Not Applicable,Not Applicable,0,0,0,1,0,0,0,0,0,0,0,29,0,0,0,3,6,2,12,0,0,0,1,4,85207,6,1,0,0,3,0,66,125,0,0,0,4,0,7,2014,5,2016,0,39,0,0,0,1,2,25,1,1,2,1,20,3,1,17,99,9,1,87,No Trailing Units,No Trailing Units,No Trailing Units,1,1,,,,,,,,,,,,,,,,,,,,,,,,,2016
634,2016040423,4,40423,2,2,1,26,6,11,14,12,6,1,0,4,3,52,882,52882,61,2006,JL6BBG1S36K0,J,L,6,B,B,G,1,S,3,6,K,0,0,0,88,None,None,2,1,1,1,0,0,0,0,0,0,0,45,0,0,0,12,6,2,30,0,0,0,1,4,85206,6,1,0,0,3,3,64,260,0,0,0,0,0,0,0,0,0,0,0,0,0,0,2,4,45,1,1,2,1,0,0,1,66,99,9,3,86,No Trailing Units,No Trailing Units,No Trailing Units,0,0,,,,,,,,,,,,,,,,,,,,,,,,,2016
635,2016040424,4,40424,1,2,1,27,6,4,15,12,99,1,0,99,9,7,482,7482,31,2000,Unknown,9,9,9,9,9,9,9,9,9,9,9,9,0,0,0,Not Applicable,Not Applicable,0,0,0,1,0,0,0,0,0,0,0,999,0,0,0,98,9,9,12,0,0,0,1,4,85308,6,1,6,0,3,0,71,235,0,2,0,0,0,8,2014,8,2014,0,39,0,0,0,1,5,99,1,9,2,99,3,3,1,17,99,9,3,91,No Trailing Units,No Trailing Units,No Trailing Units,0,0,,,,,,,,,,,,,,,,,,,,,,,,,2016
636,2016040424,4,40424,2,2,1,27,6,4,15,12,99,1,0,99,9,14,6,14006,4,2005,Unknown,9,9,9,9,9,9,9,9,9,9,9,9,0,0,0,Not Applicable,Not Applicable,0,0,0,1,0,0,0,0,0,0,0,999,0,0,0,98,9,9,12,0,0,0,1,4,85029,6,1,0,0,3,3,63,160,0,0,0,0,0,0,0,0,0,0,0,0,0,0,1,6,99,1,9,2,99,3,3,1,68,99,9,3,91,No Trailing Units,No Trailing Units,No Trailing Units,1,0,,,,,,,,,,,,,,,,,,,,,,,,,2016
637,2016040425,4,40425,1,1,1,28,6,11,1,35,0,1,0,4,1,84,884,84884,66,2001,2HSCEAHR71C0,2,H,S,C,E,A,H,R,7,1,C,0,1,1,57,904136,57904136,3,6,3,1,0,0,0,0,0,0,0,60,0,1,5,98,6,2,1,0,0,0,1,4,85037,6,1,6,0,3,3,72,275,0,3,0,1,1,7,2014,8,2015,4,89,58,0,0,9,2,55,3,1,8,1,0,0,14,13,6,4,4,7,ATTF48209520,No Trailing Units,No Trailing Units,1,0,,,,,,,,,,,,,,,,,,,,,,,,,2016
638,2016040426,4,40426,1,2,1,30,6,17,9,12,6,1,0,99,9,24,401,24401,14,2007,Unknown,9,9,9,9,9,9,9,9,9,9,9,9,0,0,0,Not Applicable,Not Applicable,0,0,0,1,0,0,0,0,0,0,0,999,0,0,0,61,9,9,12,0,0,0,1,4,85383,6,1,0,0,3,0,60,100,0,0,0,0,0,0,0,0,0,0,38,0,0,0,0,0,0,0,0,0,0,99,9,10,16,99,9,3,78,No Trailing Units,No Trailing Units,No Trailing Units,1,0,,,,,,,,,,,,,,,,,,,,,,,,,2016
639,2016040426,4,40426,2,2,1,30,6,17,9,12,6,1,0,99,9,2,999,2999,49,1993,Unknown,9,9,9,9,9,9,9,9,9,9,9,9,0,0,0,Not Applicable,Not Applicable,0,0,0,1,0,0,0,0,0,0,0,999,0,0,0,12,9,9,12,0,0,0,1,4,86326,6,1,0,0,3,0,69,200,0,2,0,2,1,11,2011,12,2012,9,0,0,0,0,5,6,99,9,9,9,99,0,0,99,70,99,9,3,79,No Trailing Units,No Trailing Units,No Trailing Units,0,0,,,,,,,,,,,,,,,,,,,,,,,,,2016
640,2016040427,4,40427,1,2,1,30,6,19,35,12,2,1,0,4,2,37,32,37032,2,2005,1HGCM82695A0,1,H,G,C,M,8,2,6,9,5,A,0,0,0,0,Not Applicable,Not Applicable,0,0,0,1,0,0,0,0,0,0,0,53,0,0,0,12,6,2,12,0,0,0,1,4,85041,6,1,0,0,3,0,70,230,0,3,0,1,2,12,2013,6,2015,0,28,0,0,0,5,5,40,1,1,2,1,0,0,1,10,99,9,2,50,No Trailing Units,No Trailing Units,No Trailing Units,1,0,,,,,,,,,,,,,,,,,,,,,,,,,2016
641,2016040427,4,40427,2,2,2,30,6,19,35,12,2,1,0,4,1,20,481,20481,31,2007,1GCEC19C97Z5,1,G,C,E,C,1,9,C,9,7,Z,5,0,0,0,Not Applicable,Not Applicable,0,0,0,1,0,0,0,0,0,0,0,36,0,0,0,12,6,2,12,0,0,0,1,4,85041,0,0,0,0,0,0,999,999,0,1,0,0,2,11,2011,9,2012,0,0,0,0,0,5,5,40,1,1,2,1,0,0,1,62,6,1,3,51,No Trailing Units,No Trailing Units,No Trailing Units,0,0,,,,,,,,,,,,,,,,,,,,,,,,,2016
642,2016040428,4,40428,1,2,1,2,7,2,46,12,99,1,0,4,2,72,706,72706,80,2008,1HD1JA5108Y0,1,H,D,1,J,A,5,1,0,8,Y,0,0,0,0,Not Applicable,Not Applicable,0,0,0,1,0,0,0,0,0,0,0,50,0,0,0,98,6,2,12,0,0,0,1,4,85741,6,1,0,0,2,3,69,180,0,0,0,0,0,0,0,0,0,0,24,0,0,0,2,3,45,1,1,8,1,0,0,1,99,99,9,3,99,No Trailing Units,No Trailing Units,No Trailing Units,1,1,,,,,,,,,,,,,,,,,,,,,,,,,2016
643,2016040428,4,40428,2,2,1,2,7,2,46,12,99,1,0,4,1,76,706,76706,80,2007,JYARN17E87A0,J,Y,A,R,N,1,7,E,8,7,A,0,0,0,0,Not Applicable,Not Applicable,0,0,0,1,0,0,0,0,0,0,0,50,0,0,0,98,6,2,12,0,0,0,1,4,85741,6,1,0,0,3,0,67,145,0,0,0,0,0,0,0,0,0,0,24,0,0,0,2,3,45,1,1,8,1,0,0,1,99,99,9,3,99,No Trailing Units,No Trailing Units,No Trailing Units,1,1,,,,,,,,,,,,,,,,,,,,,,,,,2016
644,2016040429,4,40429,1,1,2,2,7,22,25,8,0,1,0,6,4,12,37,12037,5,2016,1FADP3K29GL2,1,F,A,D,P,3,K,2,9,G,L,2,0,0,0,Not Applicable,Not Applicable,0,0,0,1,0,0,0,0,0,0,0,998,0,0,0,12,6,2,8,0,0,0,1,6,92129,6,1,0,0,3,3,66,117,0,0,0,0,0,0,0,0,0,0,0,0,0,0,2,2,65,1,1,2,1,0,0,17,80,8,1,3,13,No Trailing Units,No Trailing Units,No Trailing Units,0,0,,,,,,,,,,,,,,,,,,,,,,,,,2016
645,2016040430,4,40430,1,1,4,3,7,15,47,1,0,1,0,4,1,14,401,14401,14,1998,4M2ZU54E4WUJ,4,M,2,Z,U,5,4,E,4,W,U,J,0,0,0,Not Applicable,Not Applicable,0,0,0,1,0,0,0,0,0,0,0,998,0,1,5,0,6,2,1,0,0,0,1,4,86042,6,1,0,0,3,0,71,250,0,1,0,0,1,6,2013,12,2013,0,80,0,0,0,1,2,65,1,1,2,1,0,0,1,1,99,9,4,2,No Trailing Units,No Trailing Units,No Trailing Units,1,0,,,,,,,,,,,,,,,,,,,,,,,,,2016
646,2016040431,4,40431,1,1,3,4,7,16,9,5,0,1,0,4,2,12,481,12481,31,2004,1FTPW12504KD,1,F,T,P,W,1,2,5,0,4,K,D,0,0,0,Not Applicable,Not Applicable,0,0,0,1,0,0,0,0,0,0,0,15,0,0,0,0,0,5,5,0,0,0,1,4,85713,1,1,0,0,2,0,71,270,0,4,0,1,0,7,2011,6,2014,0,0,0,0,0,1,2,25,1,1,2,1,0,0,1,98,1,1,1,0,No Trailing Units,No Trailing Units,No Trailing Units,1,0,,,,,,,,,,,,,,,,,,,,,,,,,2016
647,2016040432,4,40432,1,1,1,5,7,3,1,1,0,1,0,4,2,58,37,58037,4,2006,JNKCV51E06M5,J,N,K,C,V,5,1,E,0,6,M,5,0,0,0,Not Applicable,Not Applicable,0,0,0,1,0,0,0,0,0,0,0,998,0,1,3,0,6,2,1,0,0,0,1,4,85745,6,1,0,0,3,0,71,173,0,0,0,0,1,6,2015,6,2015,3,0,0,0,0,2,2,45,3,6,2,1,0,0,14,6,99,5,4,7,No Trailing Units,No Trailing Units,No Trailing Units,1,1,,,,,,,,,,,,,,,,,,,,,,,,,2016
648,2016040433,4,40433,1,1,2,5,7,14,44,42,0,1,0,4,1,35,51,35051,6,2013,JN8AS5MT7DW5,J,N,8,A,S,5,M,T,7,D,W,5,0,0,0,Not Applicable,Not Applicable,0,0,0,1,0,0,0,0,0,0,0,998,0,1,5,98,6,2,1,0,0,0,1,4,85710,6,1,0,0,3,3,67,210,0,0,0,0,1,3,2012,3,2012,9,99,99,99,99,2,2,75,1,1,2,1,0,0,1,13,99,9,4,5,No Trailing Units,No Trailing Units,No Trailing Units,2,0,,,,,,,,,,,,,,,,,,,,,,,,,2016