index,accident_id,STATE,ST_CASE,VEH_NO,VE_FORMS,NUMOCCS,DAY,MONTH,HOUR,MINUTE,HARM_EV,MAN_COLL,UNITTYPE,HIT_RUN,REG_STAT,OWNER,MAKE,MODEL,MAK_MOD,BODY_TYP,MOD_YEAR,VIN,VIN_1,VIN_2,VIN_3,VIN_4,VIN_5,VIN_6,VIN_7,VIN_8,VIN_9,VIN_10,VIN_11,VIN_12,TOW_VEH,J_KNIFE,MCARR_I1,MCARR_I2,MCARR_ID,GVWR,V_CONFIG,CARGO_BT,HAZ_INV,HAZ_PLAC,HAZ_ID,HAZ_CNO,HAZ_REL,BUS_USE,SPEC_USE,EMER_USE,TRAV_SP,UNDERIDE,ROLLOVER,ROLINLOC,IMPACT1,DEFORMED,TOWED,M_HARM,VEH_SC1,VEH_SC2,FIRE_EXP,DR_PRES,L_STATE,DR_ZIP,L_STATUS,L_TYPE,CDL_STAT,L_ENDORS,L_COMPL,L_RESTRI,DR_HGT,DR_WGT,PREV_ACC,PREV_SUS,PREV_DWI,PREV_SPD,PREV_OTH,FIRST_MO,FIRST_YR,LAST_MO,LAST_YR,SPEEDREL,DR_SF1,DR_SF2,DR_SF3,DR_SF4,VTRAFWAY,VNUM_LAN,VSPD_LIM,VALIGN,VPROFILE,VPAVETYP,VSURCOND,VTRAFCON,VTCONT_F,P_CRASH1,P_CRASH2,P_CRASH3,PCRASH4,PCRASH5,ACC_TYPE,TRLR1VIN,TRLR2VIN,TRLR3VIN,DEATHS,DR_DRINK,VINTYPE,VINMAKE,VINA_MOD,VIN_BT,VINMODYR,VIN_LNGT,VIN_WGT,WGTCD_TR,WHLBS_LG,WHLBS_SH,SER_TR,FUELCODE,MCYCL_DS,CARBUR,CYLINDER,DISPLACE,MCYCL_CY,MCYCL_WT,TIRE_SZE,TON_RAT,TRK_WT,TRKWTVAR,VIN_REST,WHLDRWHL,Year
778,2016040524,4,40524,1,1,1,17,8,15,22,1,0,1,0,4,1,72,706,72706,80,2001,1HD1DDV111Y6,1,H,D,1,D,D,V,1,1,1,Y,6,0,0,0,Not Applicable,Not Applicable,0,0,0,1,0,0,0,0,0,0,0,998,0,0,0,0,6,2,1,0,0,0,1,4,85259,6,1,0,0,3,0,73,180,0,0,0,0,0,0,0,0,0,9,0,0,0,0,6,1,65,3,1,1,1,0,0,14,11,99,9,4,5,No Trailing Units,No Trailing Units,No Trailing Units,1,1,,,,,,,,,,,,,,,,,,,,,,,,,2016
779,2016040525,4,40525,1,1,1,19,8,4,11,19,0,1,0,4,1,20,403,20403,14,2003,1GNDS13S5321,1,G,N,D,S,1,3,S,5,3,2,1,0,0,0,Not Applicable,Not Applicable,0,0,0,1,0,0,0,0,0,0,0,90,0,0,0,98,6,2,19,0,0,0,1,4,85022,6,1,0,0,3,0,66,135,0,0,0,0,1,4,2016,4,2016,3,0,0,0,0,1,7,40,1,1,2,1,0,0,1,6,99,4,4,7,No Trailing Units,No Trailing Units,No Trailing Units,1,1,,,,,,,,,,,,,,,,,,,,,,,,,2016
780,2016040526,4,40526,1,2,1,20,8,10,48,12,2,1,0,4,1,12,481,12481,31,2003,1FTSW31FX3EB,1,F,T,S,W,3,1,F,X,3,E,B,0,0,0,Not Applicable,Not Applicable,0,0,0,1,0,0,0,0,0,0,0,998,0,0,0,12,6,2,12,0,0,0,1,4,85283,6,1,0,0,3,0,68,251,0,0,0,1,0,5,2016,5,2016,0,80,0,0,0,2,2,75,1,6,2,1,0,0,1,1,99,9,4,50,No Trailing Units,No Trailing Units,No Trailing Units,0,0,,,,,,,,,,,,,,,,,,,,,,,,,2016
781,2016040526,4,40526,2,2,2,20,8,10,48,12,2,1,0,4,2,49,401,49401,14,2014,JTEBU5JR7E51,J,T,E,B,U,5,J,R,7,E,5,1,0,0,0,Not Applicable,Not Applicable,0,0,0,1,0,0,0,0,0,0,0,998,0,0,0,12,6,2,12,0,0,0,1,4,85050,0,0,0,0,0,0,60,135,0,0,0,0,0,0,0,0,0,0,0,0,0,0,2,2,75,1,5,2,1,0,0,1,62,1,1,1,51,No Trailing Units,No Trailing Units,No Trailing Units,1,0,,,,,,,,,,,,,,,,,,,,,,,,,2016
782,2016040527,4,40527,1,1,1,27,8,6,15,8,0,1,1,4,2,12,401,12401,14,2002,1FMZU63E12ZC,1,F,M,Z,U,6,3,E,1,2,Z,C,0,0,0,Not Applicable,Not Applicable,0,0,0,1,0,0,0,0,0,0,0,998,0,0,0,12,6,2,8,0,0,0,1,4,85353,6,1,0,0,3,0,71,185,0,8,0,3,3,1,2014,12,2015,9,99,99,99,99,5,5,45,1,1,2,1,0,0,1,80,99,1,1,13,No Trailing Units,No Trailing Units,No Trailing Units,0,0,,,,,,,,,,,,,,,,,,,,,,,,,2016
783,2016040528,4,40528,1,2,1,30,8,8,55,12,99,1,0,4,3,20,481,20481,31,2009,3GCEK23C49G2,3,G,C,E,K,2,3,C,4,9,G,2,0,0,0,Not Applicable,Not Applicable,0,0,0,1,0,0,0,0,0,5,6,998,0,1,9,98,6,2,12,0,0,0,1,4,86503,6,1,0,0,3,0,69,230,0,0,0,0,0,0,0,0,0,9,16,0,0,0,1,2,55,2,1,2,1,0,0,14,10,99,9,1,66,No Trailing Units,No Trailing Units,No Trailing Units,1,0,,,,,,,,,,,,,,,,,,,,,,,,,2016
784,2016040528,4,40528,2,2,2,30,8,8,55,12,99,1,0,35,3,23,880,23880,67,2015,1GT422C88FF5,1,G,T,4,2,2,C,8,8,F,F,5,1,1,77,Not Reported,Not Reported,2,4,3,1,0,0,0,0,0,0,0,998,0,0,0,83,6,2,12,0,0,0,1,35,87316,6,1,0,0,3,3,72,230,98,0,0,1,0,8,2014,8,2014,0,0,0,0,0,1,2,55,3,1,2,1,0,0,14,62,6,1,3,66,16VGX2028626,No Trailing Units,No Trailing Units,0,0,,,,,,,,,,,,,,,,,,,,,,,,,2016
785,2016040529,4,40529,1,1,1,4,8,11,29,1,0,1,0,8,1,12,481,12481,31,1998,2FTZF1826WCA,2,F,T,Z,F,1,8,2,6,W,C,A,0,0,0,Not Applicable,Not Applicable,0,0,0,1,0,0,0,0,0,0,0,998,0,1,3,0,6,2,1,0,0,0,1,8,80905,2,1,0,0,2,0,67,185,0,1,1,0,1,1,2012,5,2016,9,99,99,99,99,2,2,75,3,6,2,1,0,0,14,12,8,1,4,10,No Trailing Units,No Trailing Units,No Trailing Units,1,1,,,,,,,,,,,,,,,,,,,,,,,,,2016
786,2016040530,4,40530,1,7,1,7,8,20,16,12,8,1,0,4,2,63,398,63398,4,2004,KNAFE1225450,K,N,A,F,E,1,2,2,5,4,5,0,0,0,0,Not Applicable,Not Applicable,0,0,0,1,0,0,0,0,0,0,0,998,0,0,0,62,6,2,12,0,0,0,1,4,85139,6,1,0,0,3,0,71,240,0,0,0,0,0,0,0,0,0,0,0,0,0,0,2,2,55,1,1,2,1,0,0,1,12,99,9,4,66,No Trailing Units,No Trailing Units,No Trailing Units,1,0,,,,,,,,,,,,,,,,,,,,,,,,,2016
787,2016040530,4,40530,2,7,1,7,8,20,16,12,8,1,0,4,3,20,422,20422,15,2015,1GNSKKKC7FR1,1,G,N,S,K,K,K,C,7,F,R,1,0,0,0,Not Applicable,Not Applicable,0,0,0,1,0,0,0,0,0,0,0,998,0,0,0,63,4,5,12,0,0,0,1,4,85250,6,1,0,0,3,0,72,215,0,0,0,2,0,9,2013,12,2013,0,0,0,0,0,2,2,55,1,1,2,1,0,0,1,62,99,9,1,66,No Trailing Units,No Trailing Units,No Trailing Units,0,0,,,,,,,,,,,,,,,,,,,,,,,,,2016
788,2016040530,4,40530,3,7,1,7,8,20,16,12,8,1,0,4,1,12,880,12880,67,2014,1FT8W3DTXEEA,1,F,T,8,W,3,D,T,X,E,E,A,0,0,88,None,None,2,1,97,1,0,0,0,0,0,0,0,998,0,0,0,12,6,2,99,0,0,0,1,4,85138,6,1,0,0,3,0,68,280,0,0,0,0,0,0,0,0,0,0,0,0,0,0,2,2,55,1,1,2,1,0,0,1,62,6,1,4,98,No Trailing Units,No Trailing Units,No Trailing Units,0,0,,,,,,,,,,,,,,,,,,,,,,,,,2016
789,2016040530,4,40530,4,7,1,7,8,20,16,12,8,1,0,4,1,12,481,12481,31,2016,1FTEW1CG5GFA,1,F,T,E,W,1,C,G,5,G,F,A,0,0,0,Not Applicable,Not Applicable,0,0,0,1,0,0,0,0,0,0,0,998,0,0,0,12,6,2,12,0,0,0,1,4,85138,6,1,6,0,3,0,74,185,0,0,0,0,0,0,0,0,0,0,0,0,0,0,2,2,55,1,1,2,1,0,0,1,54,99,9,1,98,No Trailing Units,No Trailing Units,No Trailing Units,0,0,,,,,,,,,,,,,,,,,,,,,,,,,2016
790,2016040530,4,40530,5,7,2,7,8,20,16,12,8,1,0,4,1,7,442,7442,20,2007,1D4GP24R17B1,1,D,4,G,P,2,4,R,1,7,B,1,0,0,0,Not Applicable,Not Applicable,0,0,0,1,0,0,0,0,0,0,0,998,0,0,0,12,2,5,54,0,0,0,1,4,85139,6,1,0,0,3,0,65,150,0,0,0,0,0,0,0,0,0,0,0,0,0,0,2,2,55,1,1,2,1,0,0,1,90,99,9,1,98,No Trailing Units,No Trailing Units,No Trailing Units,0,0,,,,,,,,,,,,,,,,,,,,,,,,,2016
791,2016040530,4,40530,6,7,1,7,8,20,16,12,8,1,0,4,1,6,441,6441,20,1998,1C4GP54L4WB7,1,C,4,G,P,5,4,L,4,W,B,7,0,0,0,Not Applicable,Not Applicable,0,0,0,1,0,0,0,0,0,0,0,998,0,0,0,82,6,2,54,0,0,0,1,4,85138,6,1,0,0,3,3,65,150,0,0,0,0,0,0,0,0,0,0,0,0,0,0,2,2,55,1,1,2,1,0,0,1,90,99,9,3,98,No Trailing Units,No Trailing Units,No Trailing Units,0,0,,,,,,,,,,,,,,,,,,,,,,,,,2016
792,2016040530,4,40530,7,7,1,7,8,20,16,12,8,1,0,4,2,49,404,49404,14,2007,JTEBU11F1700,J,T,E,B,U,1,1,F,1,7,0,0,0,0,0,Not Applicable,Not Applicable,0,0,0,1,0,0,0,0,0,0,0,998,0,0,0,10,2,5,54,0,0,0,1,4,85138,6,1,0,0,3,3,66,220,0,0,0,0,0,0,0,0,0,0,0,0,0,0,2,2,55,1,1,2,1,0,0,1,90,1,1,1,98,No Trailing Units,No Trailing Units,No Trailing Units,0,0,,,,,,,,,,,,,,,,,,,,,,,,,2016
793,2016040531,4,40531,1,1,2,21,8,21,21,15,0,1,0,4,1,24,401,24401,14,2005,5GZCZ634X5S8,5,G,Z,C,Z,6,3,4,X,5,S,8,0,0,0,Not Applicable,Not Applicable,0,0,0,1,0,0,0,0,0,0,0,20,0,0,0,12,6,2,15,0,0,0,1,4,85016,6,1,0,0,3,3,72,200,0,0,0,0,0,0,0,0,0,0,0,0,0,0,5,6,35,1,1,8,1,0,0,1,83,99,9,1,13,No Trailing Units,No Trailing Units,No Trailing Units,0,0,,,,,,,,,,,,,,,,,,,,,,,,,2016
794,2016040532,4,40532,1,1,2,23,8,5,14,52,0,1,0,17,1,12,24,12024,6,2008,2FMDK36C38BA,2,F,M,D,K,3,6,C,3,8,B,A,0,0,0,Not Applicable,Not Applicable,0,0,0,1,0,0,0,0,0,0,0,998,0,1,5,98,6,2,1,0,0,0,1,4,85283,6,1,0,0,3,3,69,175,0,0,0,0,0,0,0,0,0,0,89,0,0,0,2,3,75,1,1,2,1,0,0,1,13,99,9,4,5,No Trailing Units,No Trailing Units,No Trailing Units,1,0,,,,,,,,,,,,,,,,,,,,,,,,,2016
795,2016040533,4,40533,1,1,2,31,8,19,40,8,0,1,0,4,1,49,482,49482,31,2010,5TFKM5F13AX0,5,T,F,K,M,5,F,1,3,A,X,0,0,0,0,Not Applicable,Not Applicable,0,0,0,1,0,0,0,0,0,0,0,999,0,0,0,12,6,2,8,0,0,0,1,4,85222,6,1,0,0,3,3,68,185,0,0,0,2,0,9,2013,5,2015,0,0,0,0,0,1,2,55,1,1,2,1,0,0,1,80,99,1,1,13,No Trailing Units,No Trailing Units,No Trailing Units,0,0,,,,,,,,,,,,,,,,,,,,,,,,,2016
796,2016040534,4,40534,1,1,2,21,1,20,18,1,0,1,0,99,9,99,999,99999,99,9999,Unknown,9,9,9,9,9,9,9,9,9,9,9,9,0,0,0,Not Applicable,Not Applicable,0,0,0,1,0,0,0,0,0,0,0,999,0,1,9,0,9,9,1,0,0,0,1,99,99999,9,9,99,0,9,9,999,999,99,99,99,99,99,99,9999,99,9999,9,99,99,99,99,9,9,99,9,9,8,99,99,9,99,99,99,9,9,99,No Trailing Units,No Trailing Units,No Trailing Units,1,0,,,,,,,,,,,,,,,,,,,,,,,,,2016
797,2016040535,4,40535,1,2,1,2,6,13,0,12,99,1,0,4,1,35,51,35051,6,2015,5N1AT2MT5FC7,5,N,1,A,T,2,M,T,5,F,C,7,0,0,0,Not Applicable,Not Applicable,0,0,0,1,0,0,0,0,0,0,0,15,0,0,0,98,6,2,12,32,0,0,1,4,85209,6,1,0,0,3,3,67,200,0,0,0,0,0,0,0,0,0,0,38,91,0,0,2,4,45,1,1,2,1,3,3,11,15,99,1,1,68,No Trailing Units,No Trailing Units,No Trailing Units,0,0,,,,,,,,,,,,,,,,,,,,,,,,,2016
798,2016040535,4,40535,2,2,1,2,6,13,0,12,99,1,0,46,1,73,706,73706,80,2013,JKBVNRC13DA0,J,K,B,V,N,R,C,1,3,D,A,0,0,0,0,Not Applicable,Not Applicable,0,0,0,1,0,0,0,0,0,0,0,35,0,0,0,98,6,2,12,0,0,0,1,4,85119,6,1,0,0,3,3,72,230,0,0,0,0,0,0,0,0,0,0,0,0,0,0,2,3,35,1,1,2,1,3,3,1,62,99,9,3,69,No Trailing Units,No Trailing Units,No Trailing Units,1,0,,,,,,,,,,,,,,,,,,,,,,,,,2016
799,2016040536,4,40536,1,1,2,25,6,99,99,99,0,1,0,99,9,99,739,99739,90,9999,Unknown,9,9,9,9,9,9,9,9,9,9,9,9,0,0,0,Not Applicable,Not Applicable,0,0,0,1,0,0,0,0,0,0,0,999,0,0,0,99,9,9,99,0,0,0,1,99,99999,9,9,99,0,9,9,999,999,99,99,99,99,99,99,9999,99,9999,9,99,99,99,99,9,9,99,9,9,9,99,99,9,99,99,99,9,9,99,No Trailing Units,No Trailing Units,No Trailing Units,1,0,,,,,,,,,,,,,,,,,,,,,,,,,2016
800,2016040537,4,40537,1,1,1,25,6,13,56,38,0,1,0,4,1,12,442,12442,20,2002,2FMZA50452BB,2,F,M,Z,A,5,0,4,5,2,B,B,0,0,0,Not Applicable,Not Applicable,0,0,0,1,0,0,0,0,0,0,0,998,0,0,0,12,6,2,30,32,0,0,1,4,85325,6,1,0,0,3,0,71,220,0,0,0,0,0,0,0,0,0,0,0,0,0,0,1,2,55,1,1,2,1,0,0,1,13,99,1,4,1,No Trailing Units,No Trailing Units,No Trailing Units,1,0,,,,,,,,,,,,,,,,,,,,,,,,,2016
801,2016040538,4,40538,1,1,1,1,7,0,40,1,0,1,0,4,2,2,404,2404,14,2004,1J4GW48S64C3,1,J,4,G,W,4,8,S,6,4,C,3,0,0,0,Not Applicable,Not Applicable,0,0,0,1,0,0,0,0,0,0,0,998,0,1,6,0,6,2,1,0,0,0,1,4,86040,0,0,0,0,0,0,69,250,0,0,0,0,0,0,0,0,0,9,58,0,0,0,1,2,98,8,6,2,1,0,0,99,13,99,4,4,7,No Trailing Units,No Trailing Units,No Trailing Units,1,0,,,,,,,,,,,,,,,,,,,,,,,,,2016
802,2016040539,4,40539,1,1,4,2,7,14,0,5,0,1,0,4,1,20,481,20481,31,2004,1GCHK23U44F2,1,G,C,H,K,2,3,U,4,4,F,2,0,0,0,Not Applicable,Not Applicable,0,0,0,1,0,0,0,0,0,0,0,4,0,0,0,0,0,5,5,0,0,0,1,4,85296,6,1,0,0,3,3,70,240,0,0,0,0,0,0,0,0,0,0,0,0,0,0,1,2,0,1,1,8,1,0,0,1,98,99,9,1,0,No Trailing Units,No Trailing Units,No Trailing Units,1,1,,,,,,,,,,,,,,,,,,,,,,,,,2016
803,2016040540,4,40540,1,1,1,7,7,2,13,1,0,1,0,4,3,82,881,82881,66,2013,1FUJGLDV3DLB,1,F,U,J,G,L,D,V,3,D,L,B,1,1,57,01895383,5701895383,3,6,1,1,0,0,0,0,0,0,0,998,0,1,3,0,6,2,1,0,0,0,1,53,98087,6,1,6,0,3,3,70,220,0,0,0,2,6,5,2012,6,2014,0,0,0,0,0,2,2,75,2,1,2,1,0,0,14,9,99,9,4,7,1GRAA062X5B7,No Trailing Units,No Trailing Units,1,0,,,,,,,,,,,,,,,,,,,,,,,,,2016
804,2016040541,4,40541,1,1,4,9,7,20,27,31,0,1,0,49,1,20,481,20481,31,1999,1GCEK19RXXR1,1,G,C,E,K,1,9,R,X,X,R,1,0,0,0,Not Applicable,Not Applicable,0,0,0,1,0,0,0,0,0,0,0,998,0,1,3,12,6,2,1,0,0,0,1,49,84097,1,1,0,0,2,3,999,999,98,0,1,0,0,3,2016,3,2016,0,0,0,0,0,2,2,75,2,6,2,1,0,0,14,12,99,1,4,6,No Trailing Units,No Trailing Units,No Trailing Units,1,1,,,,,,,,,,,,,,,,,,,,,,,,,2016
805,2016040542,4,40542,1,7,1,14,7,23,54,12,7,1,0,4,1,42,47,42047,2,2004,WDBTJ65J54F0,W,D,B,T,J,6,5,J,5,4,F,0,0,0,0,Not Applicable,Not Applicable,0,0,0,1,0,0,0,0,0,0,0,60,0,0,0,62,6,2,12,0,0,0,1,4,85008,6,1,0,0,3,1,70,270,0,0,0,0,0,0,0,0,0,0,0,0,0,0,3,7,65,1,1,2,1,0,0,15,11,99,9,3,45,No Trailing Units,No Trailing Units,No Trailing Units,0,0,,,,,,,,,,,,,,,,,,,,,,,,,2016
806,2016040542,4,40542,2,7,1,14,7,23,54,12,7,1,0,4,1,53,706,53706,80,2016,JS1GR7MA8G21,J,S,1,G,R,7,M,A,8,G,2,1,0,0,0,Not Applicable,Not Applicable,0,0,0,1,0,0,0,0,0,0,0,65,0,0,0,83,6,2,12,0,0,0,1,4,85281,6,1,0,0,3,3,70,150,0,0,0,1,0,1,2013,1,2013,0,89,0,0,0,3,7,65,1,1,2,1,0,0,15,11,99,9,2,46,No Trailing Units,No Trailing Units,No Trailing Units,1,1,,,,,,,,,,,,,,,,,,,,,,,,,2016
807,2016040542,4,40542,3,7,1,14,7,23,54,12,7,1,0,4,1,35,50,35050,5,2009,3N1BC13E89L4,3,N,1,B,C,1,3,E,8,9,L,4,0,0,0,Not Applicable,Not Applicable,0,0,0,1,0,0,0,0,0,0,0,55,0,0,0,12,6,2,12,0,0,0,1,4,85204,6,1,0,0,3,0,63,140,0,0,0,1,0,3,2012,3,2012,0,0,0,0,0,3,7,65,1,1,2,1,0,0,1,50,16,1,1,98,No Trailing Units,No Trailing Units,No Trailing Units,0,0,,,,,,,,,,,,,,,,,,,,,,,,,2016
808,2016040542,4,40542,4,7,2,14,7,23,54,12,7,1,0,4,1,49,40,49040,4,2011,4T4BF3EK2BR2,4,T,4,B,F,3,E,K,2,B,R,2,0,0,0,Not Applicable,Not Applicable,0,0,0,1,0,0,0,0,0,0,0,65,0,0,0,82,6,2,12,0,0,0,1,4,85260,6,1,0,0,3,3,69,160,0,0,0,0,0,0,0,0,0,0,0,0,0,0,3,7,65,1,1,2,1,0,0,1,61,99,9,1,98,No Trailing Units,No Trailing Units,No Trailing Units,0,0,,,,,,,,,,,,,,,,,,,,,,,,,2016
809,2016040542,4,40542,5,7,2,14,7,23,54,12,7,1,0,4,1,55,36,55036,3,2007,KMHCM36C37U0,K,M,H,C,M,3,6,C,3,7,U,0,0,0,0,Not Applicable,Not Applicable,0,0,0,1,0,0,0,0,0,0,0,60,0,0,0,6,6,2,12,0,0,0,1,4,85281,6,1,0,0,3,0,71,230,1,0,0,1,0,3,2012,3,2013,0,89,0,0,0,3,7,65,1,1,2,1,0,0,1,60,99,9,1,98,No Trailing Units,No Trailing Units,No Trailing Units,0,0,,,,,,,,,,,,,,,,,,,,,,,,,2016
810,2016040542,4,40542,6,7,4,14,7,23,54,12,7,1,0,4,2,20,461,20461,21,1988,1GBEG25HXJ71,1,G,B,E,G,2,5,H,X,J,7,1,0,0,0,Not Applicable,Not Applicable,0,0,0,1,0,0,0,0,0,0,0,55,0,0,0,14,0,5,73,0,0,0,1,4,85296,6,1,0,0,3,3,71,177,0,0,0,1,0,7,2014,7,2014,0,0,0,0,0,3,7,65,1,1,2,1,0,0,1,90,6,1,1,98,No Trailing Units,No Trailing Units,No Trailing Units,0,0,,,,,,,,,,,,,,,,,,,,,,,,,2016
811,2016040542,4,40542,7,7,1,14,7,23,54,12,7,1,0,4,1,20,2,20002,4,2013,2G1WF5E31D12,2,G,1,W,F,5,E,3,1,D,1,2,0,0,0,Not Applicable,Not Applicable,0,0,0,1,0,0,0,0,0,0,0,65,0,0,0,14,0,5,73,0,0,0,1,4,85209,6,1,0,0,3,3,75,290,0,0,0,2,0,9,2012,10,2012,0,0,0,0,0,3,7,65,1,1,2,1,0,0,1,90,1,1,1,98,No Trailing Units,No Trailing Units,No Trailing Units,0,0,,,,,,,,,,,,,,,,,,,,,,,,,2016
812,2016040543,4,40543,1,1,99,18,7,20,5,8,0,1,1,99,9,99,499,99499,39,9999,Unknown,9,9,9,9,9,9,9,9,9,9,9,9,0,0,0,Not Applicable,Not Applicable,0,0,0,1,0,0,0,0,0,0,0,998,0,0,0,98,9,5,8,0,0,0,1,99,99999,9,9,99,0,9,9,999,999,99,99,99,99,99,99,9999,99,9999,9,99,99,99,99,1,6,99,1,9,9,99,3,3,1,80,99,9,3,13,No Trailing Units,No Trailing Units,No Trailing Units,0,0,,,,,,,,,,,,,,,,,,,,,,,,,2016
813,2016040544,4,40544,1,2,1,21,7,6,33,12,1,1,0,99,9,49,442,49442,20,2006,Unknown,9,9,9,9,9,9,9,9,9,9,9,9,0,0,0,Not Applicable,Not Applicable,0,0,0,1,0,0,0,0,0,0,0,999,0,0,0,12,6,2,12,0,0,0,1,4,85297,6,1,0,0,3,0,69,225,0,0,0,4,3,1,2013,7,2016,0,39,0,0,0,2,6,99,1,9,2,99,3,3,1,50,99,9,1,20,No Trailing Units,No Trailing Units,No Trailing Units,1,1,,,,,,,,,,,,,,,,,,,,,,,,,2016
814,2016040544,4,40544,2,2,1,21,7,6,33,12,1,1,0,99,9,85,881,85881,66,2006,Unknown,9,9,9,9,9,9,9,9,9,9,9,9,1,1,99,Unknown,Unknown,3,6,4,1,0,0,0,0,0,0,0,0,0,0,0,6,9,5,12,0,0,0,1,4,85219,6,1,6,0,3,3,72,215,0,0,0,1,0,11,2011,11,2011,0,0,0,0,0,2,6,99,1,1,2,99,3,3,5,53,1,1,1,21,Not Reported,No Trailing Units,No Trailing Units,0,0,,,,,,,,,,,,,,,,,,,,,,,,,2016
815,2016040545,4,40545,1,1,3,22,7,6,46,35,0,1,0,13,2,35,39,35039,4,1997,JN1CA21D3VT2,J,N,1,C,A,2,1,D,3,V,T,2,0,0,0,Not Applicable,Not Applicable,0,0,0,1,0,0,0,0,0,0,0,998,0,1,3,61,6,2,1,0,0,0,1,13,30060,6,1,6,0,3,0,66,120,98,0,0,0,0,0,0,0,0,4,0,0,0,0,2,2,75,2,1,2,1,0,0,14,12,99,1,4,6,No Trailing Units,No Trailing Units,No Trailing Units,1,0,,,,,,,,,,,,,,,,,,,,,,,,,2016
816,2016040546,4,40546,1,2,99,22,7,20,3,8,0,1,1,99,9,99,499,99499,39,9999,Unknown,9,9,9,9,9,9,9,9,9,9,9,9,0,0,0,Not Applicable,Not Applicable,0,0,0,1,0,0,0,0,0,0,0,999,0,0,0,2,2,5,8,0,0,0,1,99,99999,9,9,99,0,9,9,999,999,99,99,99,99,99,99,9999,99,9999,9,99,99,99,99,9,9,99,9,9,9,99,0,0,1,80,99,9,9,13,No Trailing Units,No Trailing Units,No Trailing Units,0,0,,,,,,,,,,,,,,,,,,,,,,,,,2016
817,2016040546,4,40546,2,2,2,22,7,20,3,8,0,1,0,99,9,20,37,20037,4,2015,Unknown,9,9,9,9,9,9,9,9,9,9,9,9,0,0,0,Not Applicable,Not Applicable,0,0,0,1,0,0,0,0,0,0,0,998,0,0,0,12,9,9,8,0,0,0,1,4,85381,0,0,0,0,0,0,60,102,0,0,0,0,0,0,0,0,0,0,0,0,0,0,9,9,99,9,9,9,99,0,0,1,80,99,9,3,98,No Trailing Units,No Trailing Units,No Trailing Units,0,0,,,,,,,,,,,,,,,,,,,,,,,,,2016
818,2016040547,4,40547,1,5,1,26,7,10,50,12,1,1,0,99,9,55,33,55033,4,2016,Unknown,9,9,9,9,9,9,9,9,9,9,9,9,0,0,0,Not Applicable,Not Applicable,0,0,0,1,0,0,0,0,0,0,0,100,0,0,0,12,6,2,12,0,0,0,1,4,85373,6,1,0,0,3,0,67,180,0,0,0,2,1,5,2012,11,2014,5,99,99,99,99,2,3,99,9,9,2,1,0,0,99,51,99,9,2,32,No Trailing Units,No Trailing Units,No Trailing Units,0,0,,,,,,,,,,,,,,,,,,,,,,,,,2016
819,2016040547,4,40547,2,5,1,26,7,10,50,12,1,1,0,99,9,2,403,2403,14,2006,Unknown,9,9,9,9,9,9,9,9,9,9,9,9,0,0,0,Not Applicable,Not Applicable,0,0,0,1,0,0,0,0,0,0,0,999,0,1,3,6,6,2,1,0,0,0,1,4,85022,6,1,0,0,3,0,74,175,0,0,0,0,0,0,0,0,0,0,0,0,0,0,2,3,99,9,9,2,1,0,0,99,53,99,9,1,32,No Trailing Units,No Trailing Units,No Trailing Units,1,0,,,,,,,,,,,,,,,,,,,,,,,,,2016
820,2016040547,4,40547,3,5,1,26,7,10,50,12,1,1,0,99,9,20,481,20481,31,2007,Unknown,9,9,9,9,9,9,9,9,9,9,9,9,0,0,0,Not Applicable,Not Applicable,0,0,0,1,0,0,0,0,0,0,0,999,0,0,0,98,9,9,54,0,0,0,1,4,85022,6,1,0,0,3,0,66,130,0,0,0,0,0,0,0,0,0,0,0,0,0,0,2,3,99,9,9,2,1,0,0,99,99,99,9,3,98,No Trailing Units,No Trailing Units,No Trailing Units,0,0,,,,,,,,,,,,,,,,,,,,,,,,,2016
821,2016040547,4,40547,4,5,1,26,7,10,50,12,1,1,0,99,9,37,31,37031,2,1997,Unknown,9,9,9,9,9,9,9,9,9,9,9,9,0,0,0,Not Applicable,Not Applicable,0,0,0,1,0,0,0,0,0,0,0,999,0,0,0,98,6,2,12,0,0,0,1,4,85301,6,1,0,0,3,0,71,230,1,0,0,1,1,11,2015,2,2016,0,0,0,0,0,2,3,99,9,9,2,1,0,0,99,62,99,9,3,98,No Trailing Units,No Trailing Units,No Trailing Units,0,0,,,,,,,,,,,,,,,,,,,,,,,,,2016