index,accident_id,STATE,ST_CASE,VEH_NO,VE_FORMS,NUMOCCS,DAY,MONTH,HOUR,MINUTE,HARM_EV,MAN_COLL,UNITTYPE,HIT_RUN,REG_STAT,OWNER,MAKE,MODEL,MAK_MOD,BODY_TYP,MOD_YEAR,VIN,VIN_1,VIN_2,VIN_3,VIN_4,VIN_5,VIN_6,VIN_7,VIN_8,VIN_9,VIN_10,VIN_11,VIN_12,TOW_VEH,J_KNIFE,MCARR_I1,MCARR_I2,MCARR_ID,GVWR,V_CONFIG,CARGO_BT,HAZ_INV,HAZ_PLAC,HAZ_ID,HAZ_CNO,HAZ_REL,BUS_USE,SPEC_USE,EMER_USE,TRAV_SP,UNDERIDE,ROLLOVER,ROLINLOC,IMPACT1,DEFORMED,TOWED,M_HARM,VEH_SC1,VEH_SC2,FIRE_EXP,DR_PRES,L_STATE,DR_ZIP,L_STATUS,L_TYPE,CDL_STAT,L_ENDORS,L_COMPL,L_RESTRI,DR_HGT,DR_WGT,PREV_ACC,PREV_SUS,PREV_DWI,PREV_SPD,PREV_OTH,FIRST_MO,FIRST_YR,LAST_MO,LAST_YR,SPEEDREL,DR_SF1,DR_SF2,DR_SF3,DR_SF4,VTRAFWAY,VNUM_LAN,VSPD_LIM,VALIGN,VPROFILE,VPAVETYP,VSURCOND,VTRAFCON,VTCONT_F,P_CRASH1,P_CRASH2,P_CRASH3,PCRASH4,PCRASH5,ACC_TYPE,TRLR1VIN,TRLR2VIN,TRLR3VIN,DEATHS,DR_DRINK,VINTYPE,VINMAKE,VINA_MOD,VIN_BT,VINMODYR,VIN_LNGT,VIN_WGT,WGTCD_TR,WHLBS_LG,WHLBS_SH,SER_TR,FUELCODE,MCYCL_DS,CARBUR,CYLINDER,DISPLACE,MCYCL_CY,MCYCL_WT,TIRE_SZE,TON_RAT,TRK_WT,TRKWTVAR,VIN_REST,WHLDRWHL,Year
908,2016040603,4,40603,1,1,1,3,8,20,9,8,0,1,0,99,9,49,46,49046,9,2010,Unknown,9,9,9,9,9,9,9,9,9,9,9,9,0,0,0,Not Applicable,Not Applicable,0,0,0,1,0,0,0,0,0,1,0,999,0,0,0,98,9,9,8,0,0,0,1,4,85008,6,1,0,0,3,3,72,180,0,2,0,1,0,12,2011,9,2012,0,0,0,0,0,9,9,35,1,1,2,99,0,0,1,80,16,1,3,13,No Trailing Units,No Trailing Units,No Trailing Units,0,0,,,,,,,,,,,,,,,,,,,,,,,,,2016
909,2016040604,4,40604,1,1,1,8,8,11,0,43,0,1,0,99,9,23,421,23421,15,2000,Unknown,9,9,9,9,9,9,9,9,9,9,9,9,1,1,0,Not Applicable,Not Applicable,0,0,0,1,0,0,0,0,0,0,0,999,0,0,0,98,9,9,43,0,0,0,1,4,85020,6,1,0,0,3,0,69,395,0,1,0,0,0,6,2012,6,2012,9,51,0,0,0,9,9,99,1,1,9,99,0,0,1,12,99,1,4,10,Not Reported,No Trailing Units,No Trailing Units,1,0,,,,,,,,,,,,,,,,,,,,,,,,,2016
910,2016040605,4,40605,1,3,3,9,8,7,49,12,6,1,0,99,9,2,405,2405,14,2003,Unknown,9,9,9,9,9,9,9,9,9,9,9,9,0,0,0,Not Applicable,Not Applicable,0,0,0,1,0,0,0,0,0,0,0,998,0,0,0,82,9,9,12,0,0,0,1,4,85031,0,0,0,0,0,0,63,117,0,0,0,0,0,0,0,0,0,0,38,0,0,0,9,9,99,1,1,9,99,0,0,12,21,99,9,3,98,No Trailing Units,No Trailing Units,No Trailing Units,1,0,,,,,,,,,,,,,,,,,,,,,,,,,2016
911,2016040605,4,40605,2,3,4,9,8,7,49,12,6,1,0,99,9,23,421,23421,15,2000,Unknown,9,9,9,9,9,9,9,9,9,9,9,9,0,0,0,Not Applicable,Not Applicable,0,0,0,1,0,0,0,0,0,0,0,999,0,0,0,12,9,9,12,0,0,0,1,4,85043,6,1,0,0,3,0,66,180,0,0,0,0,1,4,2013,4,2013,9,99,99,99,99,9,9,99,1,1,9,99,0,0,1,62,99,9,9,98,No Trailing Units,No Trailing Units,No Trailing Units,0,0,,,,,,,,,,,,,,,,,,,,,,,,,2016
912,2016040605,4,40605,3,3,1,9,8,7,49,12,6,1,0,99,9,12,481,12481,31,2002,Unknown,9,9,9,9,9,9,9,9,9,9,9,9,0,0,0,Not Applicable,Not Applicable,0,0,0,1,0,0,0,0,0,0,0,999,0,0,0,98,9,9,54,0,0,0,1,4,85339,6,1,0,0,3,0,61,150,0,0,0,0,1,3,2012,3,2012,0,0,0,0,0,9,9,99,1,1,9,99,0,0,1,98,99,9,3,98,No Trailing Units,No Trailing Units,No Trailing Units,0,0,,,,,,,,,,,,,,,,,,,,,,,,,2016
913,2016040606,4,40606,1,1,2,9,8,21,7,99,99,1,0,99,9,99,999,99999,99,9999,Unknown,9,9,9,9,9,9,9,9,9,9,9,9,0,0,0,Not Applicable,Not Applicable,0,0,0,1,0,0,0,0,0,0,0,999,0,0,0,99,9,9,99,0,0,0,1,99,99999,9,9,99,0,9,9,999,999,99,99,99,99,99,99,9999,99,9999,9,99,99,99,99,3,2,99,9,9,2,1,0,0,99,99,99,9,9,99,No Trailing Units,No Trailing Units,No Trailing Units,1,0,,,,,,,,,,,,,,,,,,,,,,,,,2016
914,2016040608,4,40608,1,1,1,12,8,18,30,8,0,1,0,99,9,20,421,20421,15,2001,Unknown,9,9,9,9,9,9,9,9,9,9,9,9,0,0,0,Not Applicable,Not Applicable,0,0,0,1,0,0,0,0,0,0,0,999,0,0,0,98,9,9,8,0,0,0,1,4,85020,6,1,0,0,3,0,69,185,1,4,0,0,0,10,2012,8,2015,9,38,0,0,0,1,6,99,1,9,9,99,3,3,10,80,1,1,1,13,No Trailing Units,No Trailing Units,No Trailing Units,0,0,,,,,,,,,,,,,,,,,,,,,,,,,2016
915,2016040609,4,40609,1,1,1,12,8,22,16,8,0,1,0,99,9,12,37,12037,9,2004,Unknown,9,9,9,9,9,9,9,9,9,9,9,9,0,0,0,Not Applicable,Not Applicable,0,0,0,1,0,0,0,0,0,0,0,999,0,0,0,12,9,9,8,0,0,0,1,4,85041,6,1,0,0,3,3,64,210,0,0,0,2,0,6,2012,8,2016,0,0,0,0,0,2,9,99,1,1,9,99,0,0,1,80,1,1,1,13,No Trailing Units,No Trailing Units,No Trailing Units,0,0,,,,,,,,,,,,,,,,,,,,,,,,,2016
916,2016040610,4,40610,1,1,99,16,8,8,50,99,99,1,0,99,9,99,999,99999,99,9999,Unknown,9,9,9,9,9,9,9,9,9,9,9,9,0,0,0,Not Applicable,Not Applicable,0,0,0,1,0,0,0,0,0,0,0,999,0,0,0,99,9,9,99,0,0,0,1,99,99999,9,9,99,0,9,9,999,999,99,99,99,99,99,99,9999,99,9999,9,99,99,99,99,9,9,99,9,9,2,99,0,0,99,99,99,9,9,99,No Trailing Units,No Trailing Units,No Trailing Units,2,0,,,,,,,,,,,,,,,,,,,,,,,,,2016
917,2016040611,4,40611,1,1,99,17,8,19,40,8,0,1,1,99,9,20,499,20499,39,9999,Unknown,9,9,9,9,9,9,9,9,9,9,9,9,0,0,0,Not Applicable,Not Applicable,0,0,0,1,0,0,0,0,0,0,0,999,0,0,0,98,9,5,8,0,0,0,1,99,99999,9,9,99,0,9,9,999,999,99,99,99,99,99,99,9999,99,9999,9,99,99,99,99,9,9,99,1,1,9,99,0,0,99,80,99,9,3,13,No Trailing Units,No Trailing Units,No Trailing Units,0,0,,,,,,,,,,,,,,,,,,,,,,,,,2016
918,2016040612,4,40612,1,2,1,19,8,4,15,12,99,1,1,99,9,99,399,99399,4,9999,Unknown,9,9,9,9,9,9,9,9,9,9,9,9,0,0,0,Not Applicable,Not Applicable,0,0,0,1,0,0,0,0,0,0,0,999,0,0,0,98,9,9,12,0,0,0,1,99,99999,9,9,99,0,9,9,999,999,99,99,99,99,99,99,9999,99,9999,9,99,99,99,99,9,9,99,1,1,2,99,0,0,99,99,99,9,9,99,No Trailing Units,No Trailing Units,No Trailing Units,0,0,,,,,,,,,,,,,,,,,,,,,,,,,2016
919,2016040612,4,40612,2,2,1,19,8,4,15,12,99,1,0,99,9,99,709,99709,80,9999,Unknown,9,9,9,9,9,9,9,9,9,9,9,9,0,0,0,Not Applicable,Not Applicable,0,0,0,1,0,0,0,0,0,0,0,999,0,0,0,98,9,9,12,0,0,0,1,4,85335,6,1,6,0,2,0,65,170,0,1,0,0,0,6,2016,6,2016,9,99,99,99,99,9,9,99,1,1,2,99,0,0,99,99,99,9,9,99,No Trailing Units,No Trailing Units,No Trailing Units,1,0,,,,,,,,,,,,,,,,,,,,,,,,,2016
920,2016040613,4,40613,1,2,99,27,8,15,54,12,1,1,0,4,1,20,471,20471,30,1996,1GCCS14X5TK1,1,G,C,C,S,1,4,X,5,T,K,1,0,0,0,Not Applicable,Not Applicable,0,0,0,1,0,0,0,0,0,0,0,37,0,0,0,12,6,2,12,0,0,0,1,4,85086,6,1,0,0,3,0,69,180,0,0,0,0,0,0,0,0,0,4,0,0,0,0,1,2,45,1,1,8,1,0,0,1,51,99,1,1,33,No Trailing Units,No Trailing Units,No Trailing Units,0,0,,,,,,,,,,,,,,,,,,,,,,,,,2016
921,2016040613,4,40613,2,2,1,27,8,15,54,12,1,1,0,4,1,72,706,72706,80,2004,1HD1FVW154Y6,1,H,D,1,F,V,W,1,5,4,Y,6,0,0,0,Not Applicable,Not Applicable,0,0,0,1,0,0,0,0,0,0,0,998,0,0,0,6,6,2,12,0,0,0,1,4,85086,6,1,0,0,2,0,69,160,0,0,0,0,0,0,0,0,0,0,0,0,0,0,1,2,45,1,1,8,1,0,0,11,53,99,1,1,33,No Trailing Units,No Trailing Units,No Trailing Units,1,1,,,,,,,,,,,,,,,,,,,,,,,,,2016
922,2016040614,4,40614,1,1,1,27,8,19,31,9,0,1,0,4,2,20,421,20421,15,2007,1GNFC13077R2,1,G,N,F,C,1,3,0,7,7,R,2,0,0,0,Not Applicable,Not Applicable,0,0,0,1,0,0,0,0,0,0,0,38,0,0,0,12,4,3,9,0,0,0,1,4,85015,6,1,0,0,3,0,67,230,0,2,2,0,1,3,2012,1,2013,0,91,0,0,0,5,6,40,1,1,2,1,0,0,1,83,99,1,1,13,No Trailing Units,No Trailing Units,No Trailing Units,0,1,,,,,,,,,,,,,,,,,,,,,,,,,2016
923,2016040615,4,40615,1,1,99,28,8,2,33,8,0,1,9,99,9,99,999,99999,99,9999,Unknown,9,9,9,9,9,9,9,9,9,9,9,9,0,0,0,Not Applicable,Not Applicable,0,0,0,1,0,0,0,0,0,0,0,999,0,0,0,98,9,9,8,0,0,0,1,99,99999,9,9,99,0,9,9,999,999,99,99,99,99,99,99,9999,99,9999,9,99,99,99,99,1,2,99,9,9,2,99,0,0,99,82,99,9,9,13,No Trailing Units,No Trailing Units,No Trailing Units,0,0,,,,,,,,,,,,,,,,,,,,,,,,,2016
924,2016040616,4,40616,1,2,1,30,8,0,27,12,6,1,0,4,2,35,473,35473,31,2005,1N6AA07A45N5,1,N,6,A,A,0,7,A,4,5,N,5,0,0,0,Not Applicable,Not Applicable,0,0,0,1,0,0,0,0,0,0,0,53,0,0,0,12,6,2,12,0,0,0,1,4,86314,6,1,0,0,3,0,70,130,0,0,0,1,0,4,2012,4,2012,0,39,91,0,0,1,7,40,1,1,2,1,3,3,1,17,99,1,3,86,No Trailing Units,No Trailing Units,No Trailing Units,0,1,,,,,,,,,,,,,,,,,,,,,,,,,2016
925,2016040616,4,40616,2,2,1,30,8,0,27,12,6,1,0,4,1,12,37,12037,5,2012,1FAHP3K23CL2,1,F,A,H,P,3,K,2,3,C,L,2,0,0,0,Not Applicable,Not Applicable,0,0,0,1,0,0,0,0,0,0,0,27,0,0,0,3,6,2,12,0,0,0,1,4,85029,6,1,0,0,3,3,69,175,0,0,0,0,0,0,0,0,0,0,89,0,0,0,2,4,40,1,1,2,1,3,3,1,66,99,1,3,87,No Trailing Units,No Trailing Units,No Trailing Units,1,0,,,,,,,,,,,,,,,,,,,,,,,,,2016
926,2016040617,4,40617,1,2,1,30,8,13,32,12,6,1,0,99,9,49,40,49040,4,1992,Unknown,9,9,9,9,9,9,9,9,9,9,9,9,0,0,0,Not Applicable,Not Applicable,0,0,0,1,0,0,0,0,0,0,0,999,0,0,0,12,9,9,12,0,0,0,1,4,85035,6,1,0,0,3,0,66,184,0,0,0,0,1,9,2011,9,2011,9,38,0,0,0,1,6,99,1,1,2,1,3,3,11,15,99,9,3,68,No Trailing Units,No Trailing Units,No Trailing Units,0,0,,,,,,,,,,,,,,,,,,,,,,,,,2016
927,2016040617,4,40617,2,2,2,30,8,13,32,12,6,1,0,99,9,20,37,20037,4,2013,Unknown,9,9,9,9,9,9,9,9,9,9,9,9,0,0,0,Not Applicable,Not Applicable,0,0,0,1,0,0,0,0,0,0,0,999,0,0,0,61,9,9,8,0,0,0,1,99,99999,9,9,99,0,9,9,999,999,99,99,99,99,99,99,9999,99,9999,5,99,99,99,99,1,6,99,1,1,2,1,3,3,1,62,99,9,3,69,No Trailing Units,No Trailing Units,No Trailing Units,0,0,,,,,,,,,,,,,,,,,,,,,,,,,2016
928,2016040618,4,40618,1,2,1,31,8,20,24,12,1,1,0,99,9,2,999,2999,49,2000,Unknown,9,9,9,9,9,9,9,9,9,9,9,9,0,0,0,Not Applicable,Not Applicable,0,0,0,1,0,0,0,0,0,0,0,999,0,0,0,12,9,9,12,0,0,0,1,4,85019,6,1,0,0,3,0,73,210,0,3,0,0,0,6,2012,10,2012,9,99,99,99,99,9,9,99,1,1,9,99,0,0,1,51,99,1,1,24,No Trailing Units,No Trailing Units,No Trailing Units,0,0,,,,,,,,,,,,,,,,,,,,,,,,,2016
929,2016040618,4,40618,2,2,1,31,8,20,24,12,1,1,0,99,9,99,709,99709,81,9999,Unknown,9,9,9,9,9,9,9,9,9,9,9,9,0,0,0,Not Applicable,Not Applicable,0,0,0,1,0,0,0,0,0,0,0,999,0,0,0,6,9,9,12,0,0,0,1,4,85020,0,0,0,0,0,0,68,190,0,0,0,0,0,0,0,0,0,9,99,99,99,99,9,9,99,1,1,9,99,0,0,1,53,99,1,1,25,No Trailing Units,No Trailing Units,No Trailing Units,1,0,,,,,,,,,,,,,,,,,,,,,,,,,2016
930,2016040619,4,40619,1,1,1,1,9,21,38,1,0,1,0,4,2,20,37,20037,4,2001,1G1NE52J0161,1,G,1,N,E,5,2,J,0,1,6,1,0,0,0,Not Applicable,Not Applicable,0,0,0,1,0,0,0,0,0,0,0,998,0,1,2,0,6,2,1,0,0,0,1,4,85123,6,1,0,0,3,0,74,215,0,0,0,1,0,4,2014,4,2014,0,0,0,0,0,2,2,75,3,1,2,1,0,0,14,13,99,9,4,98,No Trailing Units,No Trailing Units,No Trailing Units,1,1,,,,,,,,,,,,,,,,,,,,,,,,,2016
931,2016040620,4,40620,1,1,99,13,8,1,39,8,0,1,1,99,9,99,999,99999,99,9999,Unknown,9,9,9,9,9,9,9,9,9,9,9,9,0,0,0,Not Applicable,Not Applicable,0,0,0,1,0,0,0,0,0,0,0,999,0,0,0,98,9,5,8,0,0,0,1,99,99999,9,9,99,0,9,9,999,999,99,99,99,99,99,99,9999,99,9999,9,99,99,99,99,2,4,45,1,1,8,1,0,0,99,80,99,9,3,13,No Trailing Units,No Trailing Units,No Trailing Units,0,0,,,,,,,,,,,,,,,,,,,,,,,,,2016
932,2016040621,4,40621,1,1,1,14,9,22,38,8,0,1,0,4,2,20,482,20482,31,2004,3GNEK12T74G2,3,G,N,E,K,1,2,T,7,4,G,2,0,0,0,Not Applicable,Not Applicable,0,0,0,1,0,0,0,0,0,0,0,30,0,0,0,12,4,5,8,0,0,0,1,4,85035,6,1,0,0,3,0,67,180,0,2,1,0,0,8,2014,10,2014,0,91,0,0,0,1,6,45,1,1,8,1,0,0,1,80,99,1,1,13,No Trailing Units,No Trailing Units,No Trailing Units,0,1,,,,,,,,,,,,,,,,,,,,,,,,,2016
933,2016040622,4,40622,1,1,2,30,9,19,30,1,0,1,0,4,2,20,22,20022,4,2008,1G1AL58F3872,1,G,1,A,L,5,8,F,3,8,7,2,0,0,0,Not Applicable,Not Applicable,0,0,0,1,0,0,0,0,0,0,0,998,0,1,1,0,6,2,1,0,0,0,1,4,85349,6,1,0,0,3,0,73,175,0,0,0,0,0,0,0,0,0,0,0,0,0,0,2,2,75,1,1,2,1,0,0,1,12,6,9,6,98,No Trailing Units,No Trailing Units,No Trailing Units,1,0,,,,,,,,,,,,,,,,,,,,,,,,,2016
934,2016040623,4,40623,1,1,5,27,8,13,31,32,0,1,0,4,2,41,51,41051,4,2005,JM1BK12FX513,J,M,1,B,K,1,2,F,X,5,1,3,0,0,0,Not Applicable,Not Applicable,0,0,0,1,0,0,0,0,0,0,0,35,0,0,0,12,6,2,32,0,0,0,1,4,86503,6,1,0,0,3,3,62,152,0,0,0,0,0,0,0,0,0,4,0,0,0,0,1,2,35,3,6,2,2,0,0,14,13,99,9,4,5,No Trailing Units,No Trailing Units,No Trailing Units,4,1,,,,,,,,,,,,,,,,,,,,,,,,,2016
935,2016040624,4,40624,1,3,2,9,9,11,25,12,6,1,0,4,1,52,47,52047,6,2003,JA4LZ31G83U0,J,A,4,L,Z,3,1,G,8,3,U,0,0,0,0,Not Applicable,Not Applicable,0,0,0,1,0,0,0,0,0,0,0,10,0,0,0,82,6,2,12,0,0,0,1,4,85282,3,1,0,0,2,3,57,105,0,0,0,0,0,0,0,0,0,0,38,91,0,0,1,7,40,1,1,8,1,3,3,11,15,99,1,1,68,No Trailing Units,No Trailing Units,No Trailing Units,1,0,,,,,,,,,,,,,,,,,,,,,,,,,2016
936,2016040624,4,40624,2,3,1,9,9,11,25,12,6,1,0,4,3,12,402,12402,14,2014,1FMCU0GXXEUD,1,F,M,C,U,0,G,X,X,E,U,D,0,0,0,Not Applicable,Not Applicable,0,0,0,1,0,0,0,0,0,0,0,45,0,0,0,12,6,2,12,0,0,0,1,4,85251,6,1,0,0,3,0,72,215,0,0,0,0,0,0,0,0,0,0,0,0,0,0,1,7,40,1,1,8,1,3,3,1,62,99,1,1,69,No Trailing Units,No Trailing Units,No Trailing Units,0,0,,,,,,,,,,,,,,,,,,,,,,,,,2016
937,2016040624,4,40624,3,3,1,9,9,11,25,12,6,1,0,4,1,20,25,20025,4,2014,1G1PC5SB3E73,1,G,1,P,C,5,S,B,3,E,7,3,0,0,0,Not Applicable,Not Applicable,0,0,0,1,0,0,0,0,0,0,0,0,0,0,0,12,2,5,12,0,0,0,1,4,85281,6,1,0,0,3,3,68,128,0,0,0,0,0,0,0,0,0,0,89,0,0,0,1,7,40,1,1,8,1,3,3,5,67,1,1,1,98,No Trailing Units,No Trailing Units,No Trailing Units,0,0,,,,,,,,,,,,,,,,,,,,,,,,,2016
938,2016040625,4,40625,1,1,2,17,9,1,56,1,0,1,0,4,9,20,471,20471,30,2002,1GCCS1457282,1,G,C,C,S,1,4,5,7,2,8,2,0,0,0,Not Applicable,Not Applicable,0,0,0,1,0,0,0,0,0,0,0,998,0,1,3,0,6,2,1,0,0,0,1,99,99999,9,9,99,0,9,9,999,999,99,99,99,99,99,99,9999,99,9999,4,0,0,0,0,2,2,65,1,6,2,1,0,0,1,12,6,4,4,7,No Trailing Units,No Trailing Units,No Trailing Units,1,0,,,,,,,,,,,,,,,,,,,,,,,,,2016
939,2016040626,4,40626,1,1,2,5,9,10,36,1,0,1,0,4,2,76,998,76998,97,2006,5Y4AM08YX6A0,5,Y,4,A,M,0,8,Y,X,6,A,0,0,0,0,Not Applicable,Not Applicable,0,0,0,1,0,0,0,0,0,0,0,20,0,1,1,0,4,3,1,0,0,0,1,4,85032,0,0,0,0,0,0,60,80,0,0,0,0,0,0,0,0,0,4,24,0,0,0,1,2,25,1,1,2,1,0,0,98,15,1,1,1,98,No Trailing Units,No Trailing Units,No Trailing Units,1,0,,,,,,,,,,,,,,,,,,,,,,,,,2016
940,2016040627,4,40627,1,1,1,9,9,18,46,5,0,1,0,4,2,49,472,49472,40,2001,5TEWM72N31Z8,5,T,E,W,M,7,2,N,3,1,Z,8,0,0,0,Not Applicable,Not Applicable,0,0,0,1,0,0,0,0,0,0,0,0,0,0,0,0,9,9,5,0,0,0,1,4,85929,6,1,0,0,3,3,65,190,0,0,0,0,1,10,2014,10,2014,0,59,0,0,0,8,8,98,8,6,8,98,0,0,5,98,1,1,1,0,No Trailing Units,No Trailing Units,No Trailing Units,1,0,,,,,,,,,,,,,,,,,,,,,,,,,2016
941,2016040628,4,40628,1,1,99,9,9,99,99,8,0,1,9,99,9,99,999,99999,99,9999,Unknown,9,9,9,9,9,9,9,9,9,9,9,9,0,0,0,Not Applicable,Not Applicable,0,0,0,1,0,0,0,0,0,0,0,999,0,0,0,98,9,9,8,0,0,0,1,99,99999,9,9,99,0,9,9,999,999,99,99,99,99,99,99,9999,99,9999,9,99,99,99,99,9,9,99,9,9,9,99,99,9,99,82,99,9,9,13,No Trailing Units,No Trailing Units,No Trailing Units,0,0,,,,,,,,,,,,,,,,,,,,,,,,,2016
942,2016040629,4,40629,1,1,2,11,9,1,39,1,0,1,0,99,9,99,999,99999,99,9999,Unknown,9,9,9,9,9,9,9,9,9,9,9,9,0,0,0,Not Applicable,Not Applicable,0,0,0,1,0,0,0,0,0,0,0,999,0,1,9,0,9,9,1,0,0,0,1,99,99999,9,9,99,0,9,9,999,999,99,99,99,99,99,99,9999,99,9999,5,99,99,99,99,9,9,99,9,9,9,99,99,9,99,99,99,9,9,99,No Trailing Units,No Trailing Units,No Trailing Units,1,0,,,,,,,,,,,,,,,,,,,,,,,,,2016
943,2016040630,4,40630,1,1,99,12,9,99,99,3,0,1,9,99,9,99,499,99499,39,9999,Unknown,9,9,9,9,9,9,9,9,9,9,9,9,0,0,0,Not Applicable,Not Applicable,0,0,0,1,0,0,0,0,0,0,0,999,0,0,0,0,9,9,3,0,0,0,1,99,99999,9,9,99,0,9,9,999,999,99,99,99,99,99,99,9999,99,9999,9,99,99,99,99,9,9,99,9,9,9,99,99,9,99,99,99,9,9,0,No Trailing Units,No Trailing Units,No Trailing Units,1,0,,,,,,,,,,,,,,,,,,,,,,,,,2016
944,2016040631,4,40631,1,1,99,17,9,19,41,8,0,1,0,4,2,23,421,23421,15,2005,1GKEC13VX5R2,1,G,K,E,C,1,3,V,X,5,R,2,0,0,0,Not Applicable,Not Applicable,0,0,0,1,0,0,0,0,0,0,0,52,0,0,0,12,6,2,8,0,0,0,1,4,85043,6,1,0,0,3,0,61,110,0,0,0,1,0,9,2014,9,2014,0,0,0,0,0,1,4,50,1,1,8,1,0,0,1,80,99,1,1,13,No Trailing Units,No Trailing Units,No Trailing Units,0,0,,,,,,,,,,,,,,,,,,,,,,,,,2016
945,2016040632,4,40632,1,1,99,18,9,7,6,1,0,1,9,99,9,99,999,99999,99,9999,Unknown,9,9,9,9,9,9,9,9,9,9,9,9,0,0,0,Not Applicable,Not Applicable,0,0,0,1,0,0,0,0,0,0,0,999,0,9,9,0,9,9,1,0,0,0,1,99,99999,9,9,99,0,9,9,999,999,99,99,99,99,99,99,9999,99,9999,9,99,99,99,99,9,9,99,9,9,9,99,99,9,99,99,99,9,9,99,No Trailing Units,No Trailing Units,No Trailing Units,1,0,,,,,,,,,,,,,,,,,,,,,,,,,2016
946,2016040633,4,40633,1,1,99,18,9,17,0,1,0,1,0,4,2,20,481,20481,31,2005,1GCHK23U85F9,1,G,C,H,K,2,3,U,8,5,F,9,0,0,0,Not Applicable,Not Applicable,0,0,0,1,0,0,0,0,0,0,0,998,0,1,1,0,6,2,1,0,0,0,1,4,86045,6,1,0,0,3,3,66,180,0,0,0,0,0,0,0,0,0,5,99,99,99,99,8,8,98,8,9,8,98,0,0,99,6,99,9,3,98,No Trailing Units,No Trailing Units,No Trailing Units,1,0,,,,,,,,,,,,,,,,,,,,,,,,,2016
947,2016040634,4,40634,1,2,1,18,9,17,38,12,6,1,0,4,2,49,40,49040,4,2007,4T1BE46K77U5,4,T,1,B,E,4,6,K,7,7,U,5,0,0,0,Not Applicable,Not Applicable,0,0,0,1,0,0,0,0,0,0,0,998,0,0,0,62,6,2,12,0,0,0,1,4,85022,6,1,0,0,3,0,59,100,0,0,0,0,0,0,0,0,0,0,99,99,99,99,2,5,40,1,1,8,1,3,3,1,17,99,9,3,89,No Trailing Units,No Trailing Units,No Trailing Units,1,0,,,,,,,,,,,,,,,,,,,,,,,,,2016
948,2016040634,4,40634,2,2,2,18,9,17,38,12,6,1,0,4,1,12,401,12401,14,2016,1FM5K7D85GGC,1,F,M,5,K,7,D,8,5,G,G,C,0,0,0,Not Applicable,Not Applicable,0,0,0,1,0,0,0,0,0,0,0,998,0,0,0,12,6,2,12,0,0,0,1,4,85345,6,1,0,0,3,3,75,275,0,0,0,0,0,0,0,0,0,0,99,99,99,99,1,7,40,1,1,8,1,3,3,1,66,1,1,1,88,No Trailing Units,No Trailing Units,No Trailing Units,0,0,,,,,,,,,,,,,,,,,,,,,,,,,2016
949,2016040635,4,40635,1,2,99,19,9,5,55,12,2,1,0,4,2,38,402,38402,14,1995,4S2CG58V7S43,4,S,2,C,G,5,8,V,7,S,4,3,0,0,0,Not Applicable,Not Applicable,0,0,0,1,0,0,0,0,0,0,0,998,0,0,0,12,6,2,12,0,0,0,1,6,91401,0,0,0,0,0,0,59,98,1,0,0,0,0,3,2016,3,2016,0,28,0,0,0,1,2,45,3,8,2,1,0,0,14,10,99,9,6,52,No Trailing Units,No Trailing Units,No Trailing Units,1,1,,,,,,,,,,,,,,,,,,,,,,,,,2016
950,2016040635,4,40635,2,2,1,19,9,5,55,12,2,1,0,39,3,84,884,84884,66,2017,3HSDJSNR9HN6,3,H,S,D,J,S,N,R,9,H,N,6,1,1,57,192897,57192897,3,6,3,1,0,0,0,0,0,0,0,998,0,0,0,12,6,2,12,0,0,0,1,41,97230,6,1,6,0,3,0,74,235,0,0,0,0,0,0,0,0,0,0,0,0,0,0,1,2,45,2,8,2,1,0,0,14,62,99,1,1,52,Not Reported,No Trailing Units,No Trailing Units,0,0,,,,,,,,,,,,,,,,,,,,,,,,,2016