index,accident_id,STATE,ST_CASE,VEH_NO,VE_FORMS,NUMOCCS,DAY,MONTH,HOUR,MINUTE,HARM_EV,MAN_COLL,UNITTYPE,HIT_RUN,REG_STAT,OWNER,MAKE,MODEL,MAK_MOD,BODY_TYP,MOD_YEAR,VIN,VIN_1,VIN_2,VIN_3,VIN_4,VIN_5,VIN_6,VIN_7,VIN_8,VIN_9,VIN_10,VIN_11,VIN_12,TOW_VEH,J_KNIFE,MCARR_I1,MCARR_I2,MCARR_ID,GVWR,V_CONFIG,CARGO_BT,HAZ_INV,HAZ_PLAC,HAZ_ID,HAZ_CNO,HAZ_REL,BUS_USE,SPEC_USE,EMER_USE,TRAV_SP,UNDERIDE,ROLLOVER,ROLINLOC,IMPACT1,DEFORMED,TOWED,M_HARM,VEH_SC1,VEH_SC2,FIRE_EXP,DR_PRES,L_STATE,DR_ZIP,L_STATUS,L_TYPE,CDL_STAT,L_ENDORS,L_COMPL,L_RESTRI,DR_HGT,DR_WGT,PREV_ACC,PREV_SUS,PREV_DWI,PREV_SPD,PREV_OTH,FIRST_MO,FIRST_YR,LAST_MO,LAST_YR,SPEEDREL,DR_SF1,DR_SF2,DR_SF3,DR_SF4,VTRAFWAY,VNUM_LAN,VSPD_LIM,VALIGN,VPROFILE,VPAVETYP,VSURCOND,VTRAFCON,VTCONT_F,P_CRASH1,P_CRASH2,P_CRASH3,PCRASH4,PCRASH5,ACC_TYPE,TRLR1VIN,TRLR2VIN,TRLR3VIN,DEATHS,DR_DRINK,VINTYPE,VINMAKE,VINA_MOD,VIN_BT,VINMODYR,VIN_LNGT,VIN_WGT,WGTCD_TR,WHLBS_LG,WHLBS_SH,SER_TR,FUELCODE,MCYCL_DS,CARBUR,CYLINDER,DISPLACE,MCYCL_CY,MCYCL_WT,TIRE_SZE,TON_RAT,TRK_WT,TRKWTVAR,VIN_REST,WHLDRWHL,Year
1253,2016040828,4,40828,2,2,1,28,12,4,52,12,6,1,0,6,3,84,881,84881,66,2012,3HSDJSJR4CN5,3,H,S,D,J,S,J,R,4,C,N,5,1,1,57,2470026,572470026,3,6,1,1,0,0,0,0,0,0,0,998,0,1,3,12,6,2,1,0,0,0,1,6,90041,6,1,8,0,2,0,61,180,0,0,0,0,2,9,2016,11,2016,0,0,0,0,0,2,1,55,1,1,2,1,0,0,1,50,99,1,1,48,1JJV532DXBL5,No Trailing Units,No Trailing Units,1,0,,,,,,,,,,,,,,,,,,,,,,,,,2016
1254,2016040829,4,40829,1,2,1,28,12,9,44,12,6,1,0,4,1,13,1,13001,4,1999,1LNHM82W8XY6,1,L,N,H,M,8,2,W,8,X,Y,6,0,0,0,Not Applicable,Not Applicable,0,0,0,1,0,0,0,0,0,0,0,999,0,0,0,12,6,2,12,0,0,0,1,4,85625,6,1,0,0,3,3,67,220,0,0,0,0,0,0,0,0,0,4,39,0,0,0,1,2,45,1,1,5,1,21,3,1,17,99,1,1,91,No Trailing Units,No Trailing Units,No Trailing Units,1,0,,,,,,,,,,,,,,,,,,,,,,,,,2016
1255,2016040829,4,40829,2,2,1,28,12,9,44,12,6,1,0,35,2,12,481,12481,31,2004,2FTRX18W64CA,2,F,T,R,X,1,8,W,6,4,C,A,0,0,0,Not Applicable,Not Applicable,0,0,0,1,0,0,0,0,0,0,0,999,0,1,9,81,6,2,12,0,0,0,1,4,85625,6,1,0,0,3,0,67,150,0,0,0,0,0,0,0,0,0,0,0,0,0,0,1,2,45,1,1,5,1,0,0,1,66,99,1,1,91,No Trailing Units,No Trailing Units,No Trailing Units,0,0,,,,,,,,,,,,,,,,,,,,,,,,,2016
1256,2016040830,4,40830,1,1,1,28,12,11,35,43,0,1,0,4,1,49,44,49044,1,2008,4T1FA38PX8U1,4,T,1,F,A,3,8,P,X,8,U,1,0,0,0,Not Applicable,Not Applicable,0,0,0,1,0,0,0,0,0,0,0,40,0,0,0,82,6,2,43,32,0,0,1,4,85745,6,1,0,0,3,3,69,205,0,0,0,0,1,3,2012,3,2012,0,0,0,0,0,2,3,40,1,1,2,1,0,0,1,13,99,1,4,1,No Trailing Units,No Trailing Units,No Trailing Units,1,0,,,,,,,,,,,,,,,,,,,,,,,,,2016
1257,2016040831,4,40831,1,2,2,29,12,16,45,12,6,1,0,4,1,30,46,30046,4,2007,WVWAK73C67P0,W,V,W,A,K,7,3,C,6,7,P,0,0,0,0,Not Applicable,Not Applicable,0,0,0,1,0,0,0,0,0,0,0,5,0,0,0,82,6,2,12,0,0,0,1,4,85260,6,1,0,0,3,0,74,195,0,0,0,0,0,0,0,0,0,0,38,0,0,0,1,6,45,1,1,8,1,3,3,11,15,99,1,1,68,No Trailing Units,No Trailing Units,No Trailing Units,0,0,,,,,,,,,,,,,,,,,,,,,,,,,2016
1258,2016040831,4,40831,2,2,1,29,12,16,45,12,6,1,0,4,1,76,706,76706,80,2015,JYAVN05E7FA0,J,Y,A,V,N,0,5,E,7,F,A,0,0,0,0,Not Applicable,Not Applicable,0,0,0,1,0,0,0,0,0,0,0,37,0,0,0,12,6,2,12,0,0,0,1,4,85283,1,1,0,0,2,0,72,200,0,12,0,6,2,11,2012,9,2016,0,0,0,0,0,1,6,45,1,1,8,1,3,3,1,62,16,2,1,69,No Trailing Units,No Trailing Units,No Trailing Units,1,0,,,,,,,,,,,,,,,,,,,,,,,,,2016
1259,2016040832,4,40832,1,2,1,31,12,4,55,12,1,1,0,4,1,12,24,12024,6,2014,2FMDK3KC3EBA,2,F,M,D,K,3,K,C,3,E,B,A,0,0,0,Not Applicable,Not Applicable,0,0,0,1,0,0,0,0,0,0,0,999,0,0,0,12,4,5,12,0,0,0,1,4,85128,6,1,0,0,3,0,63,135,0,0,0,0,0,0,0,0,0,4,0,0,0,0,1,2,65,1,1,2,2,0,0,1,51,99,1,1,24,No Trailing Units,No Trailing Units,No Trailing Units,0,0,,,,,,,,,,,,,,,,,,,,,,,,,2016
1260,2016040832,4,40832,2,2,1,31,12,4,55,12,1,1,0,4,1,98,703,98703,88,2015,LXDTCLT84F10,L,X,D,T,C,L,T,8,4,F,1,0,0,0,0,Not Applicable,Not Applicable,0,0,0,1,0,0,0,0,0,0,0,999,0,0,0,6,6,2,12,0,0,0,1,4,85194,6,1,0,0,2,0,75,230,0,0,0,0,0,0,0,0,0,0,0,0,0,0,1,2,65,1,1,2,2,0,0,1,53,99,1,1,25,No Trailing Units,No Trailing Units,No Trailing Units,1,0,,,,,,,,,,,,,,,,,,,,,,,,,2016
1261,2016040833,4,40833,1,1,1,13,4,18,8,41,0,1,0,92,0,37,703,37703,83,1997,JH2ME030XVM9,J,H,2,M,E,0,3,0,X,V,M,9,0,0,0,Not Applicable,Not Applicable,0,0,0,1,0,0,0,0,0,0,0,998,0,0,0,98,6,2,19,0,0,0,1,4,85303,1,1,0,0,2,3,70,235,1,2,0,0,1,7,2013,5,2014,4,0,0,0,0,1,2,25,1,1,8,1,0,0,1,12,99,1,4,6,No Trailing Units,No Trailing Units,No Trailing Units,1,0,,,,,,,,,,,,,,,,,,,,,,,,,2016
1262,2016040834,4,40834,1,2,1,23,12,13,38,12,6,1,0,4,1,55,33,55033,4,2009,5NPET46C39H4,5,N,P,E,T,4,6,C,3,9,H,4,0,0,0,Not Applicable,Not Applicable,0,0,0,1,0,0,0,0,0,0,0,998,0,0,0,3,6,2,12,0,0,0,1,4,85382,6,1,0,0,3,0,66,145,0,0,0,0,0,0,0,0,0,0,38,0,0,0,1,7,40,1,1,8,1,3,3,11,15,99,1,1,68,No Trailing Units,No Trailing Units,No Trailing Units,1,0,,,,,,,,,,,,,,,,,,,,,,,,,2016
1263,2016040834,4,40834,2,2,3,23,12,13,38,12,6,1,0,4,2,12,481,12481,31,2009,1FTSW21R59EA,1,F,T,S,W,2,1,R,5,9,E,A,0,0,0,Not Applicable,Not Applicable,0,0,0,1,0,0,0,0,0,0,0,998,0,0,0,12,4,5,12,0,0,0,1,4,85308,6,1,0,0,3,3,67,200,0,0,0,0,0,0,0,0,0,9,99,99,99,99,2,5,40,1,1,8,1,3,3,1,62,1,1,1,69,No Trailing Units,No Trailing Units,No Trailing Units,0,0,,,,,,,,,,,,,,,,,,,,,,,,,2016
1264,2016040835,4,40835,1,1,1,31,12,21,54,8,0,1,1,4,2,7,21,7021,6,2005,2D4FV48V85H6,2,D,4,F,V,4,8,V,8,5,H,6,0,0,0,Not Applicable,Not Applicable,0,0,0,1,0,0,0,0,0,0,0,25,0,0,0,12,2,5,8,0,0,0,1,4,85021,6,1,0,0,3,3,74,185,0,0,0,0,0,0,0,0,0,0,0,0,0,0,1,2,25,1,1,8,1,0,0,1,80,99,1,1,13,No Trailing Units,No Trailing Units,No Trailing Units,0,0,,,,,,,,,,,,,,,,,,,,,,,,,2016
1265,2016040836,4,40836,1,2,1,21,12,9,19,1,0,1,0,4,1,76,706,76706,80,2015,JYARN39EXFA0,J,Y,A,R,N,3,9,E,X,F,A,0,0,0,0,Not Applicable,Not Applicable,0,0,0,1,0,0,0,0,0,0,0,998,0,0,0,0,6,2,12,0,0,0,1,4,85022,6,1,0,0,2,0,72,230,0,0,0,0,0,0,0,0,0,4,0,0,0,0,6,3,35,1,1,1,2,2,3,11,6,99,1,1,98,No Trailing Units,No Trailing Units,No Trailing Units,1,0,,,,,,,,,,,,,,,,,,,,,,,,,2016
1266,2016040836,4,40836,2,2,1,21,12,9,19,1,0,1,0,49,1,85,881,85881,66,2014,1XKAD49X9EJ4,1,X,K,A,D,4,9,X,9,E,J,4,1,1,57,2837064,572837064,3,6,3,1,0,0,0,0,0,0,0,998,0,0,0,10,0,5,12,0,0,0,1,49,84701,6,1,6,0,3,0,74,215,98,0,0,1,0,1,2015,1,2015,0,0,0,0,0,6,3,35,1,1,1,2,2,3,11,60,1,1,1,98,Not Reported,No Trailing Units,No Trailing Units,0,0,,,,,,,,,,,,,,,,,,,,,,,,,2016
1267,2016040837,4,40837,1,1,2,4,9,1,15,1,0,1,0,4,2,20,37,20037,4,2004,1G1ND52F14M6,1,G,1,N,D,5,2,F,1,4,M,6,0,0,0,Not Applicable,Not Applicable,0,0,0,1,0,0,0,0,0,0,0,998,0,1,9,0,6,2,1,0,0,0,1,4,85121,0,0,0,0,0,0,64,188,0,0,0,0,0,0,0,0,0,0,0,0,0,0,1,2,55,1,1,8,1,0,0,1,9,99,9,4,2,No Trailing Units,No Trailing Units,No Trailing Units,2,1,,,,,,,,,,,,,,,,,,,,,,,,,2016
1268,2016040838,4,40838,1,1,1,29,8,9,36,1,0,1,0,4,3,98,809,98809,66,2005,2FWJA3DE35AV,2,F,W,J,A,3,D,E,3,5,A,V,1,1,57,1126433,571126433,3,6,4,1,0,0,0,0,0,0,0,50,0,1,1,0,6,2,1,0,0,0,1,4,85310,6,1,6,0,3,0,74,327,0,2,0,0,0,10,2015,11,2015,4,0,0,0,0,1,3,98,1,1,8,1,0,0,10,16,1,1,1,98,Not Reported,No Trailing Units,No Trailing Units,1,0,,,,,,,,,,,,,,,,,,,,,,,,,2016
1269,2016040840,4,40840,1,2,99,4,9,18,58,12,99,1,9,99,9,99,999,99999,99,9999,Unknown,9,9,9,9,9,9,9,9,9,9,9,9,0,0,0,Not Applicable,Not Applicable,0,0,0,1,0,0,0,0,0,0,0,999,0,0,0,99,9,9,12,0,0,0,1,99,99999,9,9,99,0,9,9,999,999,99,99,99,99,99,99,9999,99,9999,9,99,99,99,99,9,9,99,9,9,9,99,99,9,99,99,99,9,9,99,No Trailing Units,No Trailing Units,No Trailing Units,1,0,,,,,,,,,,,,,,,,,,,,,,,,,2016
1270,2016040840,4,40840,2,2,99,4,9,18,58,12,99,1,9,99,9,99,999,99999,99,9999,Unknown,9,9,9,9,9,9,9,9,9,9,9,9,0,0,0,Not Applicable,Not Applicable,0,0,0,1,0,0,0,0,0,0,0,999,0,0,0,99,9,9,12,0,0,0,1,99,99999,9,9,99,0,9,9,999,999,99,99,99,99,99,99,9999,99,9999,9,99,99,99,99,9,9,99,9,9,9,99,99,9,99,99,99,9,9,99,No Trailing Units,No Trailing Units,No Trailing Units,0,0,,,,,,,,,,,,,,,,,,,,,,,,,2016
1271,2016040841,4,40841,1,1,2,6,9,99,99,99,0,1,0,99,9,99,999,99999,99,9999,Unknown,9,9,9,9,9,9,9,9,9,9,9,9,0,0,0,Not Applicable,Not Applicable,0,0,0,1,0,0,0,0,0,0,0,999,0,0,0,99,9,9,99,0,0,0,1,99,99999,9,9,99,0,9,9,999,999,99,99,99,99,99,99,9999,99,9999,9,99,99,99,99,9,9,99,9,9,9,99,99,9,99,99,99,9,9,99,No Trailing Units,No Trailing Units,No Trailing Units,1,0,,,,,,,,,,,,,,,,,,,,,,,,,2016
1272,2016040842,4,40842,1,1,1,12,11,18,39,14,0,1,0,4,2,37,32,37032,4,2013,1HGCR2F36DA0,1,H,G,C,R,2,F,3,6,D,A,0,0,0,0,Not Applicable,Not Applicable,0,0,0,1,0,0,0,0,0,0,0,20,0,0,0,12,6,2,14,0,0,0,1,4,85382,6,1,0,0,3,3,70,170,0,0,0,0,0,0,0,0,0,0,0,0,0,0,1,2,25,1,1,8,1,0,0,1,10,1,1,4,11,No Trailing Units,No Trailing Units,No Trailing Units,1,0,,,,,,,,,,,,,,,,,,,,,,,,,2016
1273,2016040843,4,40843,1,1,99,8,11,99,99,99,99,1,0,99,9,99,999,99999,99,9999,Unknown,9,9,9,9,9,9,9,9,9,9,9,9,0,0,0,Not Applicable,Not Applicable,0,0,0,1,0,0,0,0,0,0,0,999,0,0,0,99,9,9,99,0,0,0,1,4,85634,6,1,0,0,3,3,64,230,0,0,0,0,0,0,0,0,0,9,99,99,99,99,9,9,99,9,9,9,99,99,9,99,99,99,9,9,99,No Trailing Units,No Trailing Units,No Trailing Units,1,0,,,,,,,,,,,,,,,,,,,,,,,,,2016
1274,2016040844,4,40844,1,1,99,13,11,99,99,9,0,1,9,99,9,99,999,99999,99,9999,Unknown,9,9,9,9,9,9,9,9,9,9,9,9,0,0,0,Not Applicable,Not Applicable,0,0,0,1,0,0,0,0,0,0,0,999,0,0,0,98,9,9,9,0,0,0,1,99,99999,9,9,99,0,9,9,999,999,99,99,99,99,99,99,9999,99,9999,9,99,99,99,99,9,9,99,9,9,9,99,99,9,99,85,99,9,9,13,No Trailing Units,No Trailing Units,No Trailing Units,0,0,,,,,,,,,,,,,,,,,,,,,,,,,2016
1275,2016040845,4,40845,1,2,99,28,11,13,26,12,99,1,0,99,9,99,999,99999,99,9999,Unknown,9,9,9,9,9,9,9,9,9,9,9,9,0,0,0,Not Applicable,Not Applicable,0,0,0,1,0,0,0,0,0,0,0,999,0,0,0,98,9,9,12,0,0,0,1,4,86017,6,1,0,0,3,0,71,220,1,0,0,2,0,2,2013,1,2015,9,99,99,99,99,9,9,99,9,9,9,99,99,9,99,99,99,9,9,99,No Trailing Units,No Trailing Units,No Trailing Units,1,0,,,,,,,,,,,,,,,,,,,,,,,,,2016
1276,2016040845,4,40845,2,2,99,28,11,13,26,12,99,1,9,99,9,99,999,99999,99,9999,Unknown,9,9,9,9,9,9,9,9,9,9,9,9,0,0,0,Not Applicable,Not Applicable,0,0,0,1,0,0,0,0,0,0,0,999,0,0,0,98,9,9,12,0,0,0,1,99,99999,9,9,99,0,9,9,999,999,99,99,99,99,99,99,9999,99,9999,9,99,99,99,99,9,9,99,9,9,9,99,99,9,99,99,99,9,9,99,No Trailing Units,No Trailing Units,No Trailing Units,0,0,,,,,,,,,,,,,,,,,,,,,,,,,2016
1277,2016040846,4,40846,1,2,1,14,12,6,44,12,1,1,0,4,2,52,46,52046,4,2003,JA3AJ26E43U0,J,A,3,A,J,2,6,E,4,3,U,0,0,0,0,Not Applicable,Not Applicable,0,0,0,1,0,0,0,0,0,0,0,45,0,0,0,12,6,2,12,0,0,0,1,4,85033,6,1,0,0,3,0,63,115,0,2,0,0,1,1,2016,3,2016,4,0,0,0,0,5,6,45,1,1,8,1,0,0,1,52,99,1,1,28,No Trailing Units,No Trailing Units,No Trailing Units,1,0,,,,,,,,,,,,,,,,,,,,,,,,,2016
1278,2016040846,4,40846,2,2,2,14,12,6,44,12,1,1,0,4,1,55,402,55402,14,2011,KM8JU3AC4BU3,K,M,8,J,U,3,A,C,4,B,U,3,0,0,0,Not Applicable,Not Applicable,0,0,0,1,0,0,0,0,0,0,0,30,0,0,0,6,4,5,12,0,0,0,1,4,85017,6,1,0,0,3,0,65,185,0,0,0,0,0,0,0,0,0,0,0,0,0,0,5,6,45,1,1,8,1,0,0,2,53,1,1,1,29,No Trailing Units,No Trailing Units,No Trailing Units,0,0,,,,,,,,,,,,,,,,,,,,,,,,,2016
1279,2016040848,4,40848,1,2,1,15,12,15,36,12,1,1,0,4,2,35,472,35472,30,1999,1N6DD26S0XC3,1,N,6,D,D,2,6,S,0,X,C,3,0,0,0,Not Applicable,Not Applicable,0,0,0,1,0,0,0,0,0,0,0,998,0,0,0,12,6,2,12,32,0,0,1,4,85742,6,1,0,0,3,3,69,157,0,0,0,0,0,0,0,0,0,4,0,0,0,0,2,1,75,1,1,2,1,0,0,1,51,99,1,1,24,No Trailing Units,No Trailing Units,No Trailing Units,0,0,,,,,,,,,,,,,,,,,,,,,,,,,2016
1280,2016040848,4,40848,2,2,2,15,12,15,36,12,1,1,0,6,1,30,441,30441,20,1968,VINNOT10OR17,V,I,N,N,O,T,1,0,O,R,1,7,0,0,0,Not Applicable,Not Applicable,0,0,0,1,0,0,0,0,0,0,0,65,0,1,1,6,6,2,1,0,0,0,1,6,92105,6,1,0,0,3,3,61,140,0,0,0,0,0,0,0,0,0,0,0,0,0,0,2,1,75,1,1,2,1,0,0,1,53,99,1,1,25,No Trailing Units,No Trailing Units,No Trailing Units,1,0,,,,,,,,,,,,,,,,,,,,,,,,,2016
1281,2016040849,4,40849,1,1,1,27,12,21,46,59,0,1,0,4,1,12,481,12481,31,1989,1FTDF15Y5KLA,1,F,T,D,F,1,5,Y,5,K,L,A,0,0,0,Not Applicable,Not Applicable,0,0,0,1,0,0,0,0,0,0,0,998,0,1,1,12,6,2,1,0,0,0,1,4,85541,6,1,0,0,3,3,71,165,0,0,0,0,0,0,0,0,0,9,0,0,0,0,3,5,65,3,1,2,1,0,0,14,13,99,1,4,1,No Trailing Units,No Trailing Units,No Trailing Units,1,1,,,,,,,,,,,,,,,,,,,,,,,,,2016
1282,2016040850,4,40850,1,1,1,1,12,6,24,8,0,1,0,99,9,22,16,22016,4,2002,Unknown,9,9,9,9,9,9,9,9,9,9,9,9,0,0,0,Not Applicable,Not Applicable,0,0,0,1,0,0,0,0,0,0,0,999,0,0,0,98,9,9,8,0,0,0,1,4,85201,6,1,0,0,3,3,76,235,0,0,0,0,0,0,0,0,0,0,0,0,0,0,9,9,99,1,1,9,99,0,0,1,80,99,1,1,13,No Trailing Units,No Trailing Units,No Trailing Units,0,0,,,,,,,,,,,,,,,,,,,,,,,,,2016
1283,2016040851,4,40851,1,1,99,2,12,22,38,8,0,1,9,99,9,99,999,99999,99,9999,Unknown,9,9,9,9,9,9,9,9,9,9,9,9,0,0,0,Not Applicable,Not Applicable,0,0,0,1,0,0,0,0,0,0,0,999,0,0,0,98,9,9,8,0,0,0,1,99,99999,9,9,99,0,9,9,999,999,99,99,99,99,99,99,9999,99,9999,9,99,99,99,99,9,9,99,9,9,9,99,99,9,99,82,99,9,9,13,No Trailing Units,No Trailing Units,No Trailing Units,0,0,,,,,,,,,,,,,,,,,,,,,,,,,2016
1284,2016040852,4,40852,1,1,1,3,12,0,52,33,0,1,0,99,9,50,709,50709,80,2006,Unknown,9,9,9,9,9,9,9,9,9,9,9,9,0,0,0,Not Applicable,Not Applicable,0,0,0,1,0,0,0,0,0,0,0,999,0,0,0,98,9,9,38,0,0,0,1,4,85254,1,1,0,0,2,0,67,150,0,5,0,3,0,1,2014,9,2016,5,0,0,0,0,9,9,99,9,9,9,99,0,0,99,6,99,9,4,5,No Trailing Units,No Trailing Units,No Trailing Units,1,1,,,,,,,,,,,,,,,,,,,,,,,,,2016
1285,2016040853,4,40853,1,1,1,3,12,7,10,1,0,1,0,4,2,20,481,20481,31,1992,2GCEK19K4N11,2,G,C,E,K,1,9,K,4,N,1,1,0,0,0,Not Applicable,Not Applicable,0,0,0,1,0,0,0,0,0,0,0,998,0,1,9,0,6,2,1,0,0,0,1,4,85122,6,1,0,0,3,0,67,200,0,0,0,0,0,0,0,0,0,4,0,0,0,0,1,2,50,1,1,2,1,0,0,1,6,99,5,4,5,No Trailing Units,No Trailing Units,No Trailing Units,1,1,,,,,,,,,,,,,,,,,,,,,,,,,2016
1286,2016040854,4,40854,1,1,1,3,12,6,42,8,0,1,0,99,9,7,26,7026,4,2013,Unknown,9,9,9,9,9,9,9,9,9,9,9,9,0,0,0,Not Applicable,Not Applicable,0,0,0,1,0,0,0,0,0,0,0,999,0,0,0,98,9,9,8,0,0,0,1,4,85040,6,1,0,0,3,0,75,215,0,0,0,1,0,12,2014,12,2014,0,86,0,0,0,9,9,99,1,1,9,99,3,3,1,80,98,1,3,13,No Trailing Units,No Trailing Units,No Trailing Units,0,0,,,,,,,,,,,,,,,,,,,,,,,,,2016
1287,2016040855,4,40855,1,3,2,3,12,7,35,12,99,1,0,99,9,20,481,20481,31,1996,Unknown,9,9,9,9,9,9,9,9,9,9,9,9,1,1,0,Not Applicable,Not Applicable,0,0,0,1,0,0,0,0,0,0,0,999,0,1,1,98,9,9,1,0,0,0,1,4,85051,0,0,0,0,0,0,66,140,0,0,0,0,0,0,0,0,0,9,39,0,0,0,1,6,99,1,1,9,99,3,3,1,17,99,1,1,91,Not Reported,No Trailing Units,No Trailing Units,1,0,,,,,,,,,,,,,,,,,,,,,,,,,2016
1288,2016040855,4,40855,2,3,1,3,12,7,35,12,99,1,0,99,9,21,21,21021,4,1999,Unknown,9,9,9,9,9,9,9,9,9,9,9,9,0,0,0,Not Applicable,Not Applicable,0,0,0,1,0,0,0,0,0,0,0,999,0,0,0,98,9,9,12,0,0,0,1,4,85304,6,1,0,0,3,0,68,205,0,1,0,1,0,5,2013,8,2013,0,0,0,0,0,1,7,99,1,1,9,99,3,3,1,66,99,1,1,91,No Trailing Units,No Trailing Units,No Trailing Units,0,1,,,,,,,,,,,,,,,,,,,,,,,,,2016
1289,2016040855,4,40855,3,3,1,3,12,7,35,12,99,1,0,99,9,20,39,20039,4,2008,Unknown,9,9,9,9,9,9,9,9,9,9,9,9,0,0,0,Not Applicable,Not Applicable,0,0,0,1,0,0,0,0,0,0,0,999,0,0,0,12,9,9,12,0,0,0,1,4,85029,0,0,0,0,0,0,58,135,0,0,0,0,0,0,0,0,0,0,0,0,0,0,1,7,99,1,1,9,99,3,3,1,66,99,1,1,98,No Trailing Units,No Trailing Units,No Trailing Units,0,0,,,,,,,,,,,,,,,,,,,,,,,,,2016
1290,2016040856,4,40856,1,1,1,3,12,20,45,8,0,1,0,4,1,49,32,49032,4,2003,JTDBR32E7300,J,T,D,B,R,3,2,E,7,3,0,0,0,0,0,Not Applicable,Not Applicable,0,0,0,1,0,0,0,0,0,0,0,46,0,0,0,12,4,3,8,0,0,0,1,4,85122,6,1,0,0,3,0,70,270,0,0,0,0,0,0,0,0,0,0,0,0,0,0,1,2,50,1,1,8,1,0,0,1,80,1,1,1,13,No Trailing Units,No Trailing Units,No Trailing Units,0,0,,,,,,,,,,,,,,,,,,,,,,,,,2016
1291,2016040857,4,40857,1,2,99,4,12,18,10,12,99,1,0,99,9,99,999,99999,99,9999,Unknown,9,9,9,9,9,9,9,9,9,9,9,9,0,0,0,Not Applicable,Not Applicable,0,0,0,1,0,0,0,0,0,0,0,999,0,0,0,98,9,9,12,0,0,0,1,99,99999,9,9,99,0,9,9,999,999,99,99,99,99,99,99,9999,99,9999,9,99,99,99,99,1,9,99,1,1,9,99,99,9,99,99,99,9,9,99,No Trailing Units,No Trailing Units,No Trailing Units,2,0,,,,,,,,,,,,,,,,,,,,,,,,,2016
1292,2016040857,4,40857,2,2,99,4,12,18,10,12,99,1,9,99,9,99,999,99999,99,9999,Unknown,9,9,9,9,9,9,9,9,9,9,9,9,0,0,0,Not Applicable,Not Applicable,0,0,0,1,0,0,0,0,0,0,0,999,0,0,0,98,9,9,12,0,0,0,1,99,99999,9,9,99,0,9,9,999,999,99,99,99,99,99,99,9999,99,9999,9,99,99,99,99,1,9,99,1,1,9,99,99,9,99,99,99,9,9,99,No Trailing Units,No Trailing Units,No Trailing Units,0,0,,,,,,,,,,,,,,,,,,,,,,,,,2016
1293,2016040858,4,40858,1,2,2,6,12,2,6,12,6,1,0,99,9,24,401,24401,14,2007,Unknown,9,9,9,9,9,9,9,9,9,9,9,9,0,0,0,Not Applicable,Not Applicable,0,0,0,1,0,0,0,0,0,0,0,999,0,1,1,12,9,9,1,0,0,0,1,4,85335,6,1,0,0,3,3,67,140,0,0,0,1,0,8,2012,8,2012,0,39,0,0,0,2,3,99,1,1,2,1,3,3,1,17,99,1,1,88,No Trailing Units,No Trailing Units,No Trailing Units,0,1,,,,,,,,,,,,,,,,,,,,,,,,,2016
1294,2016040858,4,40858,2,2,2,6,12,2,6,12,6,1,0,99,9,49,38,49038,4,1997,Unknown,9,9,9,9,9,9,9,9,9,9,9,9,0,0,0,Not Applicable,Not Applicable,0,0,0,1,0,0,0,0,0,0,0,999,0,0,0,61,9,9,12,0,0,0,1,4,85051,6,1,0,0,3,0,62,148,0,0,0,0,0,0,0,0,0,0,0,0,0,0,2,4,99,1,1,2,99,3,3,1,66,99,1,1,89,No Trailing Units,No Trailing Units,No Trailing Units,1,0,,,,,,,,,,,,,,,,,,,,,,,,,2016