index,accident_id,STATE,ST_CASE,VEH_NO,VE_FORMS,NUMOCCS,DAY,MONTH,HOUR,MINUTE,HARM_EV,MAN_COLL,UNITTYPE,HIT_RUN,REG_STAT,OWNER,MAKE,MODEL,MAK_MOD,BODY_TYP,MOD_YEAR,VIN,VIN_1,VIN_2,VIN_3,VIN_4,VIN_5,VIN_6,VIN_7,VIN_8,VIN_9,VIN_10,VIN_11,VIN_12,TOW_VEH,J_KNIFE,MCARR_I1,MCARR_I2,MCARR_ID,GVWR,V_CONFIG,CARGO_BT,HAZ_INV,HAZ_PLAC,HAZ_ID,HAZ_CNO,HAZ_REL,BUS_USE,SPEC_USE,EMER_USE,TRAV_SP,UNDERIDE,ROLLOVER,ROLINLOC,IMPACT1,DEFORMED,TOWED,M_HARM,VEH_SC1,VEH_SC2,FIRE_EXP,DR_PRES,L_STATE,DR_ZIP,L_STATUS,L_TYPE,CDL_STAT,L_ENDORS,L_COMPL,L_RESTRI,DR_HGT,DR_WGT,PREV_ACC,PREV_SUS,PREV_DWI,PREV_SPD,PREV_OTH,FIRST_MO,FIRST_YR,LAST_MO,LAST_YR,SPEEDREL,DR_SF1,DR_SF2,DR_SF3,DR_SF4,VTRAFWAY,VNUM_LAN,VSPD_LIM,VALIGN,VPROFILE,VPAVETYP,VSURCOND,VTRAFCON,VTCONT_F,P_CRASH1,P_CRASH2,P_CRASH3,PCRASH4,PCRASH5,ACC_TYPE,TRLR1VIN,TRLR2VIN,TRLR3VIN,DEATHS,DR_DRINK,VINTYPE,VINMAKE,VINA_MOD,VIN_BT,VINMODYR,VIN_LNGT,VIN_WGT,WGTCD_TR,WHLBS_LG,WHLBS_SH,SER_TR,FUELCODE,MCYCL_DS,CARBUR,CYLINDER,DISPLACE,MCYCL_CY,MCYCL_WT,TIRE_SZE,TON_RAT,TRK_WT,TRKWTVAR,VIN_REST,WHLDRWHL,Year
1295,2016040859,4,40859,1,1,2,9,12,18,10,8,0,1,0,99,9,20,421,20421,15,2001,Unknown,9,9,9,9,9,9,9,9,9,9,9,9,0,0,0,Not Applicable,Not Applicable,0,0,0,1,0,0,0,0,0,0,0,999,0,0,0,98,9,9,8,0,0,0,1,4,85041,6,1,1,0,3,0,72,211,0,6,0,1,1,1,2012,2,2016,0,0,0,0,0,5,5,99,1,1,9,99,0,0,1,80,99,1,1,13,No Trailing Units,No Trailing Units,No Trailing Units,0,0,,,,,,,,,,,,,,,,,,,,,,,,,2016
1296,2016040860,4,40860,1,1,1,10,12,19,3,8,0,1,0,99,9,12,37,12037,5,2012,Unknown,9,9,9,9,9,9,9,9,9,9,9,9,0,0,0,Not Applicable,Not Applicable,0,0,0,1,0,0,0,0,0,0,0,999,0,0,0,98,9,9,8,0,0,0,1,99,99999,9,9,99,0,9,9,999,999,99,99,99,99,99,99,9999,99,9999,9,0,0,0,0,1,5,99,1,1,9,99,2,3,11,80,99,1,1,13,No Trailing Units,No Trailing Units,No Trailing Units,0,0,,,,,,,,,,,,,,,,,,,,,,,,,2016
1297,2016040861,4,40861,1,2,1,12,12,5,39,12,99,1,0,99,9,35,47,35047,4,2008,Unknown,9,9,9,9,9,9,9,9,9,9,9,9,0,0,0,Not Applicable,Not Applicable,0,0,0,1,0,0,0,0,0,0,0,999,0,0,0,98,9,9,12,0,0,0,1,4,85035,6,1,0,0,3,0,72,215,0,0,0,2,0,3,2012,11,2012,0,38,0,0,0,1,5,99,1,1,2,1,0,0,11,15,99,1,1,68,No Trailing Units,No Trailing Units,No Trailing Units,0,0,,,,,,,,,,,,,,,,,,,,,,,,,2016
1298,2016040861,4,40861,2,2,1,12,12,5,39,12,99,1,0,99,9,20,481,20481,31,2005,Unknown,9,9,9,9,9,9,9,9,9,9,9,9,0,0,0,Not Applicable,Not Applicable,0,0,0,1,0,0,0,0,0,0,0,999,0,1,1,98,9,9,1,0,0,0,1,4,85043,6,1,0,0,3,0,67,190,0,0,0,2,0,6,2014,6,2015,0,0,0,0,0,1,5,99,1,1,2,1,0,0,1,62,99,1,1,69,No Trailing Units,No Trailing Units,No Trailing Units,1,0,,,,,,,,,,,,,,,,,,,,,,,,,2016
1299,2016040862,4,40862,1,3,99,13,12,17,0,12,99,1,0,99,9,99,999,99999,99,9999,Unknown,9,9,9,9,9,9,9,9,9,9,9,9,0,0,0,Not Applicable,Not Applicable,0,0,0,1,0,0,0,0,0,0,0,999,0,0,0,98,9,9,12,0,0,0,1,4,85050,6,1,0,0,3,3,70,220,0,0,0,0,0,0,0,0,0,9,99,99,99,99,9,9,99,9,9,2,99,99,9,99,99,99,9,9,99,No Trailing Units,No Trailing Units,No Trailing Units,1,0,,,,,,,,,,,,,,,,,,,,,,,,,2016
1300,2016040862,4,40862,2,3,99,13,12,17,0,12,99,1,0,99,9,99,999,99999,99,9999,Unknown,9,9,9,9,9,9,9,9,9,9,9,9,0,0,0,Not Applicable,Not Applicable,0,0,0,1,0,0,0,0,0,0,0,999,0,0,0,98,9,9,12,0,0,0,1,99,99999,9,9,99,0,9,9,999,999,99,99,99,99,99,99,9999,99,9999,9,99,99,99,99,9,9,99,9,9,2,99,99,9,99,99,99,9,9,99,No Trailing Units,No Trailing Units,No Trailing Units,0,0,,,,,,,,,,,,,,,,,,,,,,,,,2016
1301,2016040862,4,40862,3,3,99,13,12,17,0,12,99,1,0,99,9,99,999,99999,99,9999,Unknown,9,9,9,9,9,9,9,9,9,9,9,9,0,0,0,Not Applicable,Not Applicable,0,0,0,1,0,0,0,0,0,0,0,999,0,0,0,98,9,9,12,0,0,0,1,99,99999,9,9,99,0,9,9,999,999,99,99,99,99,99,99,9999,99,9999,9,99,99,99,99,9,9,99,9,9,2,99,99,9,99,99,99,9,9,98,No Trailing Units,No Trailing Units,No Trailing Units,0,0,,,,,,,,,,,,,,,,,,,,,,,,,2016
1302,2016040863,4,40863,1,1,5,16,12,20,0,34,0,1,0,99,9,99,999,99999,99,9999,Unknown,9,9,9,9,9,9,9,9,9,9,9,9,0,0,0,Not Applicable,Not Applicable,0,0,0,1,0,0,0,0,0,0,0,999,0,1,5,98,9,9,1,0,0,0,1,99,99999,9,9,99,0,9,9,999,999,99,99,99,99,99,99,9999,99,9999,9,58,0,0,0,9,9,99,4,9,9,99,99,9,14,9,98,9,4,99,No Trailing Units,No Trailing Units,No Trailing Units,1,0,,,,,,,,,,,,,,,,,,,,,,,,,2016
1303,2016040864,4,40864,1,1,1,20,12,1,52,33,0,1,0,99,9,72,709,72709,80,2014,Unknown,9,9,9,9,9,9,9,9,9,9,9,9,0,0,0,Not Applicable,Not Applicable,0,0,0,1,0,0,0,0,0,0,0,999,0,0,0,12,9,9,38,0,0,0,1,4,85226,6,1,0,0,3,3,73,180,0,0,0,0,0,0,0,0,0,0,0,0,0,0,1,2,99,2,1,9,99,0,0,14,12,99,1,4,6,No Trailing Units,No Trailing Units,No Trailing Units,1,1,,,,,,,,,,,,,,,,,,,,,,,,,2016
1304,2016040865,4,40865,1,2,1,20,12,11,28,12,99,1,0,99,9,37,32,37032,4,2002,Unknown,9,9,9,9,9,9,9,9,9,9,9,9,0,0,0,Not Applicable,Not Applicable,0,0,0,1,0,0,0,0,0,0,0,999,0,0,0,98,9,9,12,0,0,0,1,4,85032,6,1,0,0,3,3,65,140,0,0,0,0,0,0,0,0,0,0,38,0,0,0,5,5,99,1,1,9,99,0,0,11,15,99,1,1,68,No Trailing Units,No Trailing Units,No Trailing Units,0,0,,,,,,,,,,,,,,,,,,,,,,,,,2016
1305,2016040865,4,40865,2,2,1,20,12,11,28,12,99,1,0,99,9,73,709,73709,80,2014,Unknown,9,9,9,9,9,9,9,9,9,9,9,9,0,0,0,Not Applicable,Not Applicable,0,0,0,1,0,0,0,0,0,0,0,999,0,0,0,98,9,9,12,0,0,0,1,4,85032,6,1,0,0,2,0,68,140,0,0,0,0,0,0,0,0,0,0,0,0,0,0,5,5,99,1,1,9,99,0,0,1,62,99,1,1,69,No Trailing Units,No Trailing Units,No Trailing Units,1,0,,,,,,,,,,,,,,,,,,,,,,,,,2016
1306,2016040866,4,40866,1,2,1,21,12,16,41,12,99,1,0,99,9,99,709,99709,89,9999,Unknown,9,9,9,9,9,9,9,9,9,9,9,9,1,1,0,Not Applicable,Not Applicable,0,0,0,1,0,0,0,0,0,0,0,999,0,0,0,98,9,9,12,0,0,0,1,4,85041,0,0,0,0,0,0,67,145,0,3,0,0,1,10,2012,11,2016,0,39,0,0,0,1,2,99,1,1,2,99,20,3,11,15,99,1,1,82,Not Reported,No Trailing Units,No Trailing Units,1,0,,,,,,,,,,,,,,,,,,,,,,,,,2016
1307,2016040866,4,40866,2,2,1,21,12,16,41,12,99,1,0,99,9,20,481,20481,31,2014,Unknown,9,9,9,9,9,9,9,9,9,9,9,9,0,0,0,Not Applicable,Not Applicable,0,0,0,1,0,0,0,0,0,0,0,999,0,0,0,98,9,9,12,35,0,0,1,4,85009,6,1,0,0,3,0,70,225,0,0,0,0,0,0,0,0,0,0,0,0,0,0,1,2,99,1,1,2,1,0,0,1,67,99,1,1,83,No Trailing Units,No Trailing Units,No Trailing Units,0,0,,,,,,,,,,,,,,,,,,,,,,,,,2016
1308,2016040867,4,40867,1,2,1,22,12,18,46,8,0,1,0,99,9,12,880,12880,67,2016,Unknown,9,9,9,9,9,9,9,9,9,9,9,9,0,0,77,Not Reported,Not Reported,2,1,97,1,0,0,0,0,0,0,0,999,0,0,0,3,9,9,8,0,0,0,1,99,99999,9,9,99,0,9,9,999,999,99,99,99,99,99,99,9999,99,9999,0,0,0,0,0,9,9,99,1,1,9,99,0,0,1,80,99,1,1,13,No Trailing Units,No Trailing Units,No Trailing Units,0,0,,,,,,,,,,,,,,,,,,,,,,,,,2016
1309,2016040867,4,40867,2,2,1,22,12,18,46,8,0,1,0,99,9,35,51,35051,6,2015,Unknown,9,9,9,9,9,9,9,9,9,9,9,9,0,0,0,Not Applicable,Not Applicable,0,0,0,1,0,0,0,0,0,0,0,999,0,0,0,12,9,9,8,0,0,0,1,4,85053,6,1,0,0,3,3,61,190,0,0,0,0,0,0,0,0,0,0,0,0,0,0,9,9,99,1,1,9,99,0,0,1,80,99,1,1,98,No Trailing Units,No Trailing Units,No Trailing Units,0,0,,,,,,,,,,,,,,,,,,,,,,,,,2016
1310,2016040868,4,40868,1,1,1,23,12,18,0,8,0,1,0,99,9,20,471,20471,30,1993,Unknown,9,9,9,9,9,9,9,9,9,9,9,9,0,0,0,Not Applicable,Not Applicable,0,0,0,1,0,0,0,0,0,0,0,999,0,0,0,98,9,9,8,0,0,0,1,4,86031,6,1,0,0,3,0,71,205,0,1,0,1,0,7,2016,7,2016,0,0,0,0,0,1,7,99,1,1,9,99,3,3,1,80,99,1,1,13,No Trailing Units,No Trailing Units,No Trailing Units,0,0,,,,,,,,,,,,,,,,,,,,,,,,,2016
1311,2016040870,4,40870,1,2,1,27,12,13,32,12,6,1,0,4,1,59,403,59403,14,2006,JTJGW31UX620,J,T,J,G,W,3,1,U,X,6,2,0,0,0,0,Not Applicable,Not Applicable,0,0,0,1,0,0,0,0,0,0,0,45,0,0,0,12,6,2,12,0,0,0,1,4,85282,6,1,0,0,3,3,72,140,0,0,0,1,0,3,2013,3,2013,0,39,91,0,0,2,3,45,1,1,8,1,3,3,1,17,1,1,1,83,No Trailing Units,No Trailing Units,No Trailing Units,0,1,,,,,,,,,,,,,,,,,,,,,,,,,2016
1312,2016040870,4,40870,2,2,3,27,12,13,32,12,6,1,0,4,1,63,37,63037,6,2014,KNDJN2A26E70,K,N,D,J,N,2,A,2,6,E,7,0,0,0,0,Not Applicable,Not Applicable,0,0,0,1,0,0,0,0,0,0,0,15,0,1,1,9,6,2,12,0,0,0,1,4,85224,6,1,0,0,3,3,59,120,0,0,0,0,0,0,0,0,0,0,0,0,0,0,1,3,35,1,1,8,1,3,3,11,66,1,1,1,82,No Trailing Units,No Trailing Units,No Trailing Units,1,0,,,,,,,,,,,,,,,,,,,,,,,,,2016
1313,2016040871,4,40871,1,1,2,29,12,18,41,8,0,1,0,99,9,35,43,35043,8,2000,Unknown,9,9,9,9,9,9,9,9,9,9,9,9,0,0,0,Not Applicable,Not Applicable,0,0,0,1,0,0,0,0,0,0,0,999,0,0,0,98,9,9,8,0,0,0,1,4,85035,0,0,0,0,0,0,999,999,0,0,0,0,0,0,0,0,0,0,0,0,0,0,9,9,99,1,1,9,99,0,0,1,80,99,1,1,13,No Trailing Units,No Trailing Units,No Trailing Units,0,0,,,,,,,,,,,,,,,,,,,,,,,,,2016
1314,2016040872,4,40872,1,1,99,30,12,14,18,99,0,1,0,99,9,99,998,99998,95,9999,Unknown,9,9,9,9,9,9,9,9,9,9,9,9,0,0,0,Not Applicable,Not Applicable,0,0,0,1,0,0,0,0,0,0,0,999,0,0,0,99,9,9,99,0,0,0,1,4,85375,6,1,0,0,3,3,66,155,0,0,0,0,0,0,0,0,0,9,99,99,99,99,9,9,99,9,9,9,99,99,9,99,99,99,9,9,99,No Trailing Units,No Trailing Units,No Trailing Units,1,0,,,,,,,,,,,,,,,,,,,,,,,,,2016
1315,2016040873,4,40873,1,1,1,30,12,18,12,30,0,1,0,99,9,55,35,55035,9,2001,Unknown,9,9,9,9,9,9,9,9,9,9,9,9,0,0,0,Not Applicable,Not Applicable,0,0,0,1,0,0,0,0,0,0,0,999,0,0,0,12,9,9,30,0,0,0,1,4,85051,6,1,0,0,3,0,68,180,0,0,0,1,1,3,2014,3,2015,0,99,99,99,99,1,7,99,1,1,9,99,3,3,1,13,99,1,4,1,No Trailing Units,No Trailing Units,No Trailing Units,1,1,,,,,,,,,,,,,,,,,,,,,,,,,2016
1316,2016040874,4,40874,1,2,2,30,12,18,33,12,6,1,0,99,9,20,481,20481,31,2005,Unknown,9,9,9,9,9,9,9,9,9,9,9,9,0,0,0,Not Applicable,Not Applicable,0,0,0,1,0,0,0,0,0,0,0,999,0,0,0,81,9,9,12,0,0,0,1,4,85304,6,1,0,0,3,0,60,145,1,0,0,1,0,2,2016,6,2016,0,38,0,0,0,1,6,99,1,1,9,99,3,3,11,15,99,1,1,68,No Trailing Units,No Trailing Units,No Trailing Units,0,0,,,,,,,,,,,,,,,,,,,,,,,,,2016
1317,2016040874,4,40874,2,2,1,30,12,18,33,12,6,1,0,99,9,72,709,72709,80,1994,Unknown,9,9,9,9,9,9,9,9,9,9,9,9,0,0,0,Not Applicable,Not Applicable,0,0,0,1,0,0,0,0,0,0,0,999,0,0,0,12,9,9,12,0,0,0,1,4,85306,6,1,0,0,3,0,74,190,0,0,0,0,1,1,2016,1,2016,0,0,0,0,0,1,6,99,1,1,9,99,3,3,1,62,99,1,1,69,No Trailing Units,No Trailing Units,No Trailing Units,1,0,,,,,,,,,,,,,,,,,,,,,,,,,2016
1318,2016040875,4,40875,1,1,99,30,12,18,56,99,99,1,9,99,9,99,999,99999,99,9999,Unknown,9,9,9,9,9,9,9,9,9,9,9,9,0,0,0,Not Applicable,Not Applicable,0,0,0,1,0,0,0,0,0,0,0,999,0,0,0,99,9,9,99,0,0,0,1,99,99999,9,9,99,0,9,9,999,999,99,99,99,99,99,99,9999,99,9999,9,99,99,99,99,9,9,99,9,9,9,99,99,9,99,99,99,9,9,99,No Trailing Units,No Trailing Units,No Trailing Units,2,0,,,,,,,,,,,,,,,,,,,,,,,,,2016
1319,2016040876,4,40876,1,1,1,31,12,22,21,8,0,1,0,99,9,23,481,23481,31,2005,Unknown,9,9,9,9,9,9,9,9,9,9,9,9,0,0,0,Not Applicable,Not Applicable,0,0,0,1,0,0,0,0,0,0,0,999,0,0,0,98,9,9,8,0,0,0,1,4,85027,6,1,0,0,3,0,67,195,0,0,0,0,0,0,0,0,0,0,0,0,0,0,9,9,99,1,1,9,99,0,0,1,80,99,1,1,13,No Trailing Units,No Trailing Units,No Trailing Units,0,0,,,,,,,,,,,,,,,,,,,,,,,,,2016
1320,2016040877,4,40877,1,2,1,15,11,11,44,12,6,1,0,4,1,37,31,37031,4,2009,19XFA16559E0,1,9,X,F,A,1,6,5,5,9,E,0,0,0,0,Not Applicable,Not Applicable,0,0,0,1,0,0,0,0,0,0,0,5,0,0,0,62,6,2,12,0,0,0,1,4,85308,6,1,0,0,3,0,64,122,0,0,0,0,0,0,0,0,0,0,38,89,91,0,1,3,25,1,1,8,1,3,3,10,16,1,1,1,78,No Trailing Units,No Trailing Units,No Trailing Units,0,0,,,,,,,,,,,,,,,,,,,,,,,,,2016
1321,2016040877,4,40877,2,2,2,15,11,11,44,12,6,1,0,4,1,49,472,49472,30,2002,5TEGN92N62Z0,5,T,E,G,N,9,2,N,6,2,Z,0,0,0,0,Not Applicable,Not Applicable,0,0,0,1,0,0,0,0,0,0,0,40,0,1,5,12,6,2,1,0,0,0,1,4,85308,6,1,0,0,3,3,73,175,0,0,0,0,0,0,0,0,0,0,0,0,0,0,2,4,40,1,1,8,1,3,3,1,65,6,1,1,79,No Trailing Units,No Trailing Units,No Trailing Units,1,0,,,,,,,,,,,,,,,,,,,,,,,,,2016
1322,2016040878,4,40878,1,2,1,12,9,17,16,12,1,1,0,4,1,12,401,12401,14,1994,1FMDU34X0RUE,1,F,M,D,U,3,4,X,0,R,U,E,0,0,0,Not Applicable,Not Applicable,0,0,0,1,0,0,0,0,0,0,0,10,0,0,0,12,4,5,12,0,0,0,1,4,85023,2,1,0,0,2,3,63,90,1,1,0,1,0,2,2016,6,2016,4,91,0,0,0,2,5,40,1,6,8,1,3,3,1,50,1,1,1,20,No Trailing Units,No Trailing Units,No Trailing Units,1,0,,,,,,,,,,,,,,,,,,,,,,,,,2016
1323,2016040878,4,40878,2,2,4,12,9,17,16,12,1,1,0,4,2,53,402,53402,14,2002,2S3TE52V0261,2,S,3,T,E,5,2,V,0,2,6,1,0,0,0,Not Applicable,Not Applicable,0,0,0,1,0,0,0,0,0,0,0,0,0,0,0,6,4,5,12,0,0,0,1,4,85033,0,0,0,0,0,0,999,999,0,0,0,0,0,0,0,0,0,0,91,0,0,0,2,5,40,1,6,8,1,3,3,5,53,1,1,1,21,No Trailing Units,No Trailing Units,No Trailing Units,0,0,,,,,,,,,,,,,,,,,,,,,,,,,2016
1324,2016040879,4,40879,1,1,2,10,12,19,12,8,0,1,0,4,1,55,33,55033,4,2013,5NPEC4AC3DH7,5,N,P,E,C,4,A,C,3,D,H,7,0,0,0,Not Applicable,Not Applicable,0,0,0,1,0,0,0,0,0,0,0,30,0,0,0,62,4,5,8,0,0,0,1,4,85016,6,1,0,0,3,3,73,200,0,0,0,0,0,0,0,0,0,0,0,0,0,0,5,6,35,1,1,8,1,0,0,1,80,99,1,1,13,No Trailing Units,No Trailing Units,No Trailing Units,0,0,,,,,,,,,,,,,,,,,,,,,,,,,2016
1325,2016040880,4,40880,1,1,1,10,11,17,32,41,0,1,0,4,2,49,40,49040,4,1998,JT2BF22K8W01,J,T,2,B,F,2,2,K,8,W,0,1,0,0,0,Not Applicable,Not Applicable,0,0,0,1,0,0,0,0,0,0,0,998,0,0,0,12,6,2,2,0,0,1,1,4,85247,1,1,0,0,2,3,69,175,1,8,1,2,0,1,2015,11,2016,0,99,99,99,99,1,2,0,3,8,5,1,0,0,14,13,99,1,4,1,No Trailing Units,No Trailing Units,No Trailing Units,1,1,,,,,,,,,,,,,,,,,,,,,,,,,2016
1326,2015040001,4,40001,1,1,99,1,1,5,14,8,0,1,1,99,9,99,999,99999,99,9999,Unknown,9,9,9,9,9,9,9,9,9,9,9,9,0,0,0,Not Applicable,Not Applicable,0,0,0,1,0,0,0,0,0,0,0,998,0,0,0,99,9,5,8,99,99,0,1,99,99999,9,9,99,9,9,9,999,999,99,99,99,99,99,99,9999,99,9999,9,99,99,99,99,1,2,65,1,1,2,2,0,0,1,80,99,9,1,13,,,,0,0,,,,,,,,,,,,,,,,,,,,,,,,,2015
1327,2015040002,4,40002,1,1,3,1,1,9,2,14,0,1,0,48,1,63,38,63038,4,2014,KNAFX4A6XE52,K,N,A,F,X,4,A,6,X,E,5,2,0,0,0,Not Applicable,Not Applicable,0,0,0,1,0,0,0,0,0,0,0,998,0,0,0,98,6,2,14,0,0,0,1,4,85032,6,1,0,0,3,0,63,152,0,0,0,0,0,0,0,0,0,4,89,87,0,0,2,2,65,1,1,2,4,0,0,1,5,99,9,4,2,,,,0,0,,,,,,,,,,,,,,,,,,,,,,,,,2015
1328,2015040003,4,40003,1,1,1,3,1,14,11,8,0,1,0,4,1,35,43,35043,4,2013,3N1AB7AP3DL7,3,N,1,A,B,7,A,P,3,D,L,7,0,0,0,Not Applicable,Not Applicable,0,0,0,1,0,0,0,0,0,0,0,45,0,0,0,12,6,2,8,0,0,0,1,4,85225,6,1,0,0,3,0,67,140,0,0,0,0,0,0,0,0,0,0,0,0,0,0,2,4,45,1,1,8,1,0,0,1,80,99,1,1,13,,,,0,0,,,,,,,,,,,,,,,,,,,,,,,,,2015
1329,2015040004,4,40004,1,1,3,4,1,21,17,1,0,1,0,4,1,12,402,12402,14,2003,1FMYU02183KA,1,F,M,Y,U,0,2,1,8,3,K,A,0,0,0,Not Applicable,Not Applicable,0,0,0,1,0,0,0,0,0,0,0,998,0,1,5,0,6,2,1,0,0,0,1,4,85029,6,1,0,0,3,0,63,126,0,3,0,1,1,9,2011,10,2012,4,0,0,0,0,2,3,65,1,1,2,1,0,0,1,6,8,3,4,2,,,,1,1,,,,,,,,,,,,,,,,,,,,,,,,,2015
1330,2015040005,4,40005,1,2,1,5,1,6,55,12,6,1,0,4,1,55,36,55036,4,2002,KMHCG45C02U4,K,M,H,C,G,4,5,C,0,2,U,4,0,0,0,Not Applicable,Not Applicable,0,0,0,1,0,0,0,0,0,0,0,998,0,0,0,63,6,2,12,0,0,0,1,4,85713,6,1,0,0,3,3,62,135,0,0,0,0,0,0,0,0,0,5,39,0,0,0,2,4,35,1,1,8,1,3,3,1,17,99,1,1,89,,,,1,0,,,,,,,,,,,,,,,,,,,,,,,,,2015
1331,2015040005,4,40005,2,2,1,5,1,6,55,12,6,1,0,4,1,49,482,49482,31,2010,5TFUM5F14AX0,5,T,F,U,M,5,F,1,4,A,X,0,0,0,0,Not Applicable,Not Applicable,0,0,0,1,0,0,0,0,0,0,0,37,0,0,0,12,6,2,12,0,0,0,1,4,85713,6,1,0,0,3,0,67,170,0,0,0,0,0,0,0,0,0,0,0,0,0,0,2,5,40,1,1,8,1,3,3,1,62,99,1,1,88,,,,0,0,,,,,,,,,,,,,,,,,,,,,,,,,2015
1332,2015040006,4,40006,1,2,1,6,1,10,37,12,2,1,0,35,1,20,481,20481,31,1999,1GCEK14T3XE2,1,G,C,E,K,1,4,T,3,X,E,2,0,0,0,Not Applicable,Not Applicable,0,0,0,1,0,0,0,0,0,0,0,65,0,0,0,12,6,2,12,0,0,0,1,35,87830,6,1,0,0,3,3,72,190,98,0,0,2,0,1,2014,12,2014,0,28,0,0,0,1,2,65,2,1,2,1,0,0,14,10,99,1,2,50,,,,1,0,,,,,,,,,,,,,,,,,,,,,,,,,2015
1333,2015040006,4,40006,2,2,1,6,1,10,37,12,2,1,0,4,2,49,32,49032,4,2006,1NXBR32E66Z6,1,N,X,B,R,3,2,E,6,6,Z,6,0,0,0,Not Applicable,Not Applicable,0,0,0,1,0,0,0,0,0,0,0,45,0,0,0,12,6,2,12,0,0,0,1,4,85938,6,1,0,0,3,3,67,125,0,0,0,0,0,0,0,0,0,0,0,0,0,0,1,2,65,1,1,2,1,0,0,1,62,99,1,1,51,,,,0,0,,,,,,,,,,,,,,,,,,,,,,,,,2015
1334,2015040007,4,40007,1,1,1,9,1,8,39,42,0,1,0,4,3,12,16,12016,4,2000,2FAFP71W5YX2,2,F,A,F,P,7,1,W,5,Y,X,2,0,0,0,Not Applicable,Not Applicable,0,0,0,1,0,0,0,0,0,1,0,998,0,1,3,12,6,2,1,32,0,0,1,4,86401,6,1,0,0,3,3,64,275,0,0,0,0,0,0,0,0,0,4,89,0,0,0,2,2,65,1,1,2,1,0,0,1,12,99,1,4,6,,,,1,0,,,,,,,,,,,,,,,,,,,,,,,,,2015
1335,2015040008,4,40008,1,1,3,9,1,19,0,8,0,1,0,4,1,34,34,34034,1,2004,WBABW534X4PL,W,B,A,B,W,5,3,4,X,4,P,L,0,0,0,Not Applicable,Not Applicable,0,0,0,1,0,0,0,0,0,0,0,30,0,0,0,12,6,2,8,0,0,0,1,4,85750,6,1,0,0,3,3,69,170,0,0,0,2,0,3,2010,8,2011,0,0,0,0,0,2,2,45,1,1,8,1,0,0,1,80,1,1,1,13,,,,0,0,,,,,,,,,,,,,,,,,,,,,,,,,2015
1336,2015040009,4,40009,1,2,1,10,1,5,58,33,0,1,0,4,1,12,37,12037,5,2014,1FADP3L90EL1,1,F,A,D,P,3,L,9,0,E,L,1,0,0,0,Not Applicable,Not Applicable,0,0,0,1,0,0,0,0,0,0,0,998,0,1,1,12,6,2,1,0,0,0,1,4,85704,6,1,0,0,3,0,69,170,0,0,0,0,0,0,0,0,0,5,0,0,0,0,2,3,50,1,1,8,1,0,0,1,12,99,9,4,7,,,,1,1,,,,,,,,,,,,,,,,,,,,,,,,,2015
1337,2015040009,4,40009,2,2,2,10,1,5,58,33,0,1,0,4,1,48,401,48401,14,2015,JF2SJAFC9FH5,J,F,2,S,J,A,F,C,9,F,H,5,0,0,0,Not Applicable,Not Applicable,0,0,0,1,0,0,0,0,0,0,0,55,0,0,0,12,2,5,54,0,0,0,1,4,85755,6,1,0,0,3,0,72,185,0,0,0,1,0,7,2011,7,2011,0,0,0,0,0,2,3,50,1,1,8,1,0,0,1,90,99,1,1,98,,,,0,0,,,,,,,,,,,,,,,,,,,,,,,,,2015
1338,2015040010,4,40010,1,1,2,11,1,6,24,1,0,1,0,4,2,12,422,12422,15,2006,1FMFU19546LA,1,F,M,F,U,1,9,5,4,6,L,A,0,0,0,Not Applicable,Not Applicable,0,0,0,1,0,0,0,0,0,0,0,999,0,1,5,0,6,2,1,0,0,0,1,4,85122,6,1,0,0,3,0,70,260,0,0,0,0,0,0,0,0,0,0,0,0,0,0,1,2,98,1,1,2,1,0,0,1,9,99,9,4,10,,,,2,0,,,,,,,,,,,,,,,,,,,,,,,,,2015
1339,2015040011,4,40011,1,1,2,11,1,7,17,30,0,1,0,4,2,35,481,35481,31,2007,1N6AA07A47N2,1,N,6,A,A,0,7,A,4,7,N,2,0,0,0,Not Applicable,Not Applicable,0,0,0,1,0,0,0,0,0,0,0,35,0,0,0,9,6,2,30,0,0,0,1,4,85713,0,0,0,0,0,0,67,185,0,2,1,0,0,3,2012,4,2012,4,0,0,0,0,5,5,35,1,1,8,1,0,0,1,6,7,3,4,2,,,,1,1,,,,,,,,,,,,,,,,,,,,,,,,,2015