index,accident_id,STATE,ST_CASE,VEH_NO,VE_FORMS,NUMOCCS,DAY,MONTH,HOUR,MINUTE,HARM_EV,MAN_COLL,UNITTYPE,HIT_RUN,REG_STAT,OWNER,MAKE,MODEL,MAK_MOD,BODY_TYP,MOD_YEAR,VIN,VIN_1,VIN_2,VIN_3,VIN_4,VIN_5,VIN_6,VIN_7,VIN_8,VIN_9,VIN_10,VIN_11,VIN_12,TOW_VEH,J_KNIFE,MCARR_I1,MCARR_I2,MCARR_ID,GVWR,V_CONFIG,CARGO_BT,HAZ_INV,HAZ_PLAC,HAZ_ID,HAZ_CNO,HAZ_REL,BUS_USE,SPEC_USE,EMER_USE,TRAV_SP,UNDERIDE,ROLLOVER,ROLINLOC,IMPACT1,DEFORMED,TOWED,M_HARM,VEH_SC1,VEH_SC2,FIRE_EXP,DR_PRES,L_STATE,DR_ZIP,L_STATUS,L_TYPE,CDL_STAT,L_ENDORS,L_COMPL,L_RESTRI,DR_HGT,DR_WGT,PREV_ACC,PREV_SUS,PREV_DWI,PREV_SPD,PREV_OTH,FIRST_MO,FIRST_YR,LAST_MO,LAST_YR,SPEEDREL,DR_SF1,DR_SF2,DR_SF3,DR_SF4,VTRAFWAY,VNUM_LAN,VSPD_LIM,VALIGN,VPROFILE,VPAVETYP,VSURCOND,VTRAFCON,VTCONT_F,P_CRASH1,P_CRASH2,P_CRASH3,PCRASH4,PCRASH5,ACC_TYPE,TRLR1VIN,TRLR2VIN,TRLR3VIN,DEATHS,DR_DRINK,VINTYPE,VINMAKE,VINA_MOD,VIN_BT,VINMODYR,VIN_LNGT,VIN_WGT,WGTCD_TR,WHLBS_LG,WHLBS_SH,SER_TR,FUELCODE,MCYCL_DS,CARBUR,CYLINDER,DISPLACE,MCYCL_CY,MCYCL_WT,TIRE_SZE,TON_RAT,TRK_WT,TRKWTVAR,VIN_REST,WHLDRWHL,Year
1541,2015040144,4,40144,1,1,2,11,3,0,6,8,0,1,0,4,1,20,22,20022,4,2010,1G1AB5F54A72,1,G,1,A,B,5,F,5,4,A,7,2,0,0,0,Not Applicable,Not Applicable,0,0,0,1,0,0,0,0,0,0,0,40,0,0,0,12,4,3,8,0,0,0,1,4,85118,6,1,0,0,3,3,70,195,1,2,1,0,0,7,2010,2,2011,0,89,0,0,0,5,3,35,1,1,2,1,0,0,1,80,99,1,1,13,,,,0,1,,,,,,,,,,,,,,,,,,,,,,,,,2015
1542,2015040145,4,40145,1,2,1,11,3,7,12,12,1,1,0,4,2,12,401,12401,14,2005,1FMZU62E45UA,1,F,M,Z,U,6,2,E,4,5,U,A,0,0,0,Not Applicable,Not Applicable,0,0,0,1,0,0,0,0,0,0,0,65,0,0,0,12,6,2,12,0,0,0,1,4,86333,6,1,0,0,3,0,72,200,0,0,0,0,0,0,0,0,0,4,0,0,0,0,2,2,65,1,5,2,1,0,0,1,51,1,1,1,24,,,,0,0,,,,,,,,,,,,,,,,,,,,,,,,,2015
1543,2015040145,4,40145,2,2,1,11,3,7,12,12,1,1,0,4,1,49,46,49046,5,2010,JTDKN3DU7A02,J,T,D,K,N,3,D,U,7,A,0,2,0,0,0,Not Applicable,Not Applicable,0,0,0,1,0,0,0,0,0,0,0,10,0,0,0,6,6,2,12,0,0,0,1,4,86333,6,1,0,0,3,0,70,180,0,0,0,0,0,0,0,0,0,0,0,0,0,0,2,2,65,1,5,2,1,0,0,1,53,99,1,1,25,,,,1,0,,,,,,,,,,,,,,,,,,,,,,,,,2015
1544,2015040146,4,40146,1,2,1,11,3,16,5,12,6,1,0,4,1,18,7,18007,4,2005,2G4WS52J4511,2,G,4,W,S,5,2,J,4,5,1,1,0,0,0,Not Applicable,Not Applicable,0,0,0,1,0,0,0,0,0,0,0,998,0,0,0,61,6,2,12,0,0,0,1,4,86413,6,1,0,0,3,0,69,200,0,0,0,0,0,0,0,0,0,0,38,0,0,0,8,8,98,1,1,8,1,20,3,11,15,99,1,1,82,,,,1,0,,,,,,,,,,,,,,,,,,,,,,,,,2015
1545,2015040146,4,40146,2,2,1,11,3,16,5,12,6,1,0,4,3,87,881,87881,66,2000,1XP5DB9X7YD5,1,X,P,5,D,B,9,X,7,Y,D,5,1,1,57,01687545,5701687545,3,6,2,1,0,0,0,0,0,0,0,53,0,0,0,12,6,2,12,0,0,0,1,35,88011,6,1,6,0,3,0,67,140,98,0,0,2,1,3,2011,1,2014,0,0,0,0,0,2,2,55,1,1,2,1,0,0,1,67,3,2,3,83,,,,0,0,,,,,,,,,,,,,,,,,,,,,,,,,2015
1546,2015040147,4,40147,1,1,1,12,3,5,49,8,0,1,0,4,1,20,16,20016,2,2004,1G1JC12F5471,1,G,1,J,C,1,2,F,5,4,7,1,0,0,0,Not Applicable,Not Applicable,0,0,0,1,0,0,0,0,0,0,0,58,0,0,0,12,6,2,8,0,0,0,1,4,85222,6,1,0,0,3,0,69,220,0,0,0,0,0,0,0,0,0,0,0,0,0,0,2,2,45,1,1,8,1,0,0,1,80,1,1,1,13,,,,0,0,,,,,,,,,,,,,,,,,,,,,,,,,2015
1547,2015040148,4,40148,1,2,1,12,3,5,54,12,9,1,0,4,3,87,881,87881,63,2007,1NPALUTX97D7,1,N,P,A,L,U,T,X,9,7,D,7,0,0,57,782797,57782797,3,2,4,1,0,0,0,0,0,0,0,5,0,0,0,6,6,2,12,0,0,0,1,4,85306,6,1,6,0,3,3,70,180,0,4,0,0,0,4,2010,4,2012,0,0,0,0,0,2,2,55,3,1,2,1,0,0,3,53,1,1,1,32,,,,0,0,,,,,,,,,,,,,,,,,,,,,,,,,2015
1548,2015040148,4,40148,2,2,1,12,3,5,54,12,9,1,0,4,2,42,42,42042,4,2002,WDBRF61J62F2,W,D,B,R,F,6,1,J,6,2,F,2,0,0,0,Not Applicable,Not Applicable,0,0,0,1,0,0,0,0,0,0,0,75,0,0,0,9,6,2,2,32,0,1,1,4,85139,6,1,0,0,3,0,72,185,0,0,0,0,0,0,0,0,0,4,89,0,0,0,2,2,55,3,1,2,1,0,0,14,51,99,3,3,32,,,,1,1,,,,,,,,,,,,,,,,,,,,,,,,,2015
1549,2015040149,4,40149,1,1,1,12,3,20,51,8,0,1,0,4,1,49,40,49040,4,1999,JT2BF22K3X02,J,T,2,B,F,2,2,K,3,X,0,2,0,0,0,Not Applicable,Not Applicable,0,0,0,1,0,0,0,0,0,0,0,40,0,0,0,12,4,5,8,0,0,0,1,4,85730,6,1,0,0,3,0,68,200,0,0,0,1,0,5,2011,5,2011,0,0,0,0,0,2,3,40,1,1,2,1,0,0,1,80,1,1,1,13,,,,0,0,,,,,,,,,,,,,,,,,,,,,,,,,2015
1550,2015040150,4,40150,1,2,1,13,3,20,25,12,6,1,0,4,1,20,481,20481,31,2005,1GCEK19T75E2,1,G,C,E,K,1,9,T,7,5,E,2,0,0,0,Not Applicable,Not Applicable,0,0,0,1,0,0,0,0,0,0,0,18,0,0,0,62,6,2,12,0,0,0,1,4,85326,6,1,0,0,3,0,69,135,0,0,0,0,0,0,0,0,0,0,38,0,0,0,1,2,25,1,1,2,1,20,3,11,15,11,1,1,82,,,,0,0,,,,,,,,,,,,,,,,,,,,,,,,,2015
1551,2015040150,4,40150,2,2,1,13,3,20,25,12,6,1,0,4,1,98,709,98709,80,2005,1B9SD21085B6,1,B,9,S,D,2,1,0,8,5,B,6,0,0,0,Not Applicable,Not Applicable,0,0,0,1,0,0,0,0,0,0,0,998,0,0,0,12,6,2,12,0,0,0,1,4,85326,6,1,0,0,3,0,75,240,0,0,0,1,0,10,2010,10,2010,0,0,0,0,0,1,2,45,1,1,2,1,0,0,1,67,6,1,2,83,,,,1,0,,,,,,,,,,,,,,,,,,,,,,,,,2015
1552,2015040151,4,40151,1,2,1,14,3,2,48,12,1,1,0,4,1,53,706,53706,80,2004,JS1GT75A6421,J,S,1,G,T,7,5,A,6,4,2,1,0,0,0,Not Applicable,Not Applicable,0,0,0,1,0,0,0,0,0,0,0,115,0,0,0,12,6,2,12,0,0,0,1,4,85301,1,1,0,0,2,3,67,165,0,2,0,0,0,12,2014,12,2014,3,0,0,0,0,5,4,40,1,1,2,1,0,0,1,51,99,1,1,24,,,,1,1,,,,,,,,,,,,,,,,,,,,,,,,,2015
1553,2015040151,4,40151,2,2,1,14,3,2,48,12,1,1,0,4,2,35,481,35481,31,2013,1N6AA0EC8DN3,1,N,6,A,A,0,E,C,8,D,N,3,0,0,0,Not Applicable,Not Applicable,0,0,0,1,0,0,0,0,0,0,0,40,0,1,5,6,6,2,12,0,0,0,1,33,3878,3,1,0,0,2,0,64,105,0,0,0,0,0,0,0,0,0,0,0,0,0,0,5,4,40,1,1,2,1,0,0,1,53,1,1,1,25,,,,0,0,,,,,,,,,,,,,,,,,,,,,,,,,2015
1554,2015040152,4,40152,1,1,2,15,3,10,51,9,0,1,0,41,1,59,403,59403,14,2004,JTJHA31U0400,J,T,J,H,A,3,1,U,0,4,0,0,0,0,0,Not Applicable,Not Applicable,0,0,0,1,0,0,0,0,0,0,0,20,0,0,0,12,2,3,9,0,0,0,1,41,97471,6,1,0,0,3,0,64,144,1,0,0,0,0,1,2011,1,2011,0,0,0,0,0,1,2,25,1,1,8,1,0,0,1,83,1,1,1,13,,,,0,0,,,,,,,,,,,,,,,,,,,,,,,,,2015
1555,2015040153,4,40153,1,1,1,15,3,17,26,14,0,1,0,4,2,53,739,53739,90,2003,JSAAK47A8321,J,S,A,A,K,4,7,A,8,3,2,1,0,0,0,Not Applicable,Not Applicable,0,0,0,1,0,0,0,0,0,0,0,998,0,1,1,82,4,5,1,0,0,0,1,4,85297,6,1,0,0,3,0,62,130,0,0,0,0,0,0,0,0,0,0,52,89,0,0,1,2,25,2,1,2,1,0,0,3,8,99,1,4,11,,,,1,1,,,,,,,,,,,,,,,,,,,,,,,,,2015
1556,2015040154,4,40154,1,1,1,15,3,19,31,1,0,1,0,4,1,12,401,12401,14,1987,1FMCU14T3HUB,1,F,M,C,U,1,4,T,3,H,U,B,0,0,0,Not Applicable,Not Applicable,0,0,0,1,0,0,0,0,0,0,0,65,0,1,1,0,6,2,1,0,0,0,1,4,85541,6,1,0,0,3,3,64,135,0,0,0,0,0,0,0,0,0,4,81,0,0,0,2,2,65,1,6,2,1,0,0,1,90,7,9,6,98,,,,1,0,,,,,,,,,,,,,,,,,,,,,,,,,2015
1557,2015040155,4,40155,1,1,1,16,3,6,49,15,0,1,0,4,1,14,21,14021,4,2007,3MEHM07157R6,3,M,E,H,M,0,7,1,5,7,R,6,0,0,0,Not Applicable,Not Applicable,0,0,0,1,0,0,0,0,0,0,0,35,0,0,0,12,6,2,15,0,0,0,1,4,85037,6,1,0,0,3,0,71,175,0,1,0,0,1,9,2014,9,2014,4,0,0,0,0,5,7,35,1,1,8,1,0,0,1,80,1,1,1,13,,,,0,0,,,,,,,,,,,,,,,,,,,,,,,,,2015
1558,2015040156,4,40156,1,3,2,16,3,17,59,12,7,1,0,4,1,49,403,49403,14,2004,JTEEP21A9400,J,T,E,E,P,2,1,A,9,4,0,0,0,0,0,Not Applicable,Not Applicable,0,0,0,1,0,0,0,0,0,0,0,998,0,0,0,62,2,5,12,0,0,0,1,4,85215,6,1,0,0,3,3,64,130,0,0,0,1,0,8,2011,8,2011,0,38,27,0,0,5,5,45,1,1,8,1,20,3,10,16,99,1,3,78,,,,0,0,,,,,,,,,,,,,,,,,,,,,,,,,2015
1559,2015040156,4,40156,2,3,1,16,3,17,59,12,7,1,0,4,1,73,705,73705,80,2015,JKAKLEE11FDA,J,K,A,K,L,E,E,1,1,F,D,A,0,0,0,Not Applicable,Not Applicable,0,0,0,1,0,0,0,0,0,0,0,998,0,0,0,81,6,2,12,0,0,0,1,4,85215,6,1,0,0,3,3,74,182,0,1,0,2,0,5,2010,4,2011,0,0,0,0,0,5,5,45,1,1,8,1,0,0,1,65,99,1,3,79,,,,1,1,,,,,,,,,,,,,,,,,,,,,,,,,2015
1560,2015040156,4,40156,3,3,2,16,3,17,59,12,7,1,0,4,1,49,472,49472,30,2010,3TMMU4FN5AM0,3,T,M,M,U,4,F,N,5,A,M,0,0,0,0,Not Applicable,Not Applicable,0,0,0,1,0,0,0,0,0,0,0,998,0,0,0,62,6,2,12,0,0,0,1,4,85207,6,1,0,0,3,0,71,170,0,0,0,0,0,0,0,0,0,0,0,0,0,0,5,5,45,1,1,8,1,0,0,1,62,99,1,1,98,,,,0,0,,,,,,,,,,,,,,,,,,,,,,,,,2015
1561,2015040157,4,40157,1,1,1,16,3,22,9,8,0,1,0,4,2,20,37,20037,4,2012,1G1ZB5E04CF1,1,G,1,Z,B,5,E,0,4,C,F,1,0,0,0,Not Applicable,Not Applicable,0,0,0,1,0,0,0,0,0,0,0,60,0,0,0,12,6,2,8,0,0,0,1,4,86413,6,1,0,0,3,0,61,170,0,0,0,1,0,3,2015,3,2015,3,89,0,0,0,2,2,55,1,1,2,1,0,0,1,80,98,1,1,13,,,,0,0,,,,,,,,,,,,,,,,,,,,,,,,,2015
1562,2015040158,4,40158,1,1,6,16,3,23,32,1,0,1,0,4,1,20,404,20404,14,2005,2CNDL73F8561,2,C,N,D,L,7,3,F,8,5,6,1,1,1,0,Not Applicable,Not Applicable,0,0,0,1,0,0,0,0,0,0,0,75,0,1,5,0,6,2,1,0,0,0,1,4,85301,6,1,0,0,3,0,60,115,0,1,0,0,1,6,2013,6,2013,0,0,0,0,0,2,2,75,1,1,2,1,0,0,1,12,7,9,4,2,,,,1,0,,,,,,,,,,,,,,,,,,,,,,,,,2015
1563,2015040159,4,40159,1,2,1,17,3,1,1,12,99,1,0,27,1,12,471,12471,30,1999,1FTZR15X9XPA,1,F,T,Z,R,1,5,X,9,X,P,A,0,0,0,Not Applicable,Not Applicable,0,0,0,1,0,0,0,0,0,0,0,0,0,1,9,98,6,2,12,0,0,0,1,27,55123,6,1,0,0,3,3,63,130,1,0,0,0,2,1,2012,6,2012,0,0,0,0,0,2,2,75,1,6,2,1,0,0,7,53,99,1,1,98,,,,1,0,,,,,,,,,,,,,,,,,,,,,,,,,2015
1564,2015040159,4,40159,2,2,1,17,3,1,1,12,99,1,0,35,3,85,884,85884,66,2011,1XKAD49X1BJ2,1,X,K,A,D,4,9,X,1,B,J,2,1,1,57,0033677,570033677,3,6,1,1,0,0,0,0,0,0,0,74,0,0,0,12,6,2,12,0,0,0,1,4,85035,6,1,6,0,3,3,72,180,0,2,0,3,1,5,2010,9,2014,0,89,84,0,0,2,2,75,1,6,2,1,0,0,1,50,99,1,1,98,,,,0,0,,,,,,,,,,,,,,,,,,,,,,,,,2015
1565,2015040160,4,40160,1,1,1,17,3,15,45,35,0,1,0,4,1,23,481,23481,31,1992,2GTEC19K8N15,2,G,T,E,C,1,9,K,8,N,1,5,0,0,0,Not Applicable,Not Applicable,0,0,0,1,0,0,0,0,0,0,0,63,0,1,5,81,6,2,1,0,0,0,1,4,86426,6,1,0,0,3,0,66,200,0,0,0,0,0,0,0,0,0,3,0,0,0,0,2,2,50,2,5,8,1,0,0,14,6,99,9,4,7,,,,1,1,,,,,,,,,,,,,,,,,,,,,,,,,2015
1566,2015040161,4,40161,1,2,5,17,3,19,23,12,99,1,0,4,2,20,481,20481,31,2002,2GCEK19T8214,2,G,C,E,K,1,9,T,8,2,1,4,0,0,0,Not Applicable,Not Applicable,0,0,0,1,0,0,0,0,0,0,0,998,0,1,5,98,6,2,1,0,0,0,1,4,85335,0,0,0,0,0,0,67,160,0,0,0,0,0,0,0,0,0,9,0,0,0,0,2,2,75,2,6,2,1,0,0,14,11,99,9,2,48,,,,1,0,,,,,,,,,,,,,,,,,,,,,,,,,2015
1567,2015040161,4,40161,2,2,2,17,3,19,23,12,99,1,0,4,1,67,32,67032,3,2015,JTKJF5C79FJ0,J,T,K,J,F,5,C,7,9,F,J,0,0,0,0,Not Applicable,Not Applicable,0,0,0,1,0,0,0,0,0,0,0,998,0,0,0,98,4,3,12,0,0,0,1,4,85308,6,1,0,0,3,0,71,185,0,0,0,2,0,10,2014,1,2015,0,0,0,0,0,2,2,75,2,6,2,1,0,0,14,60,99,1,1,48,,,,0,0,,,,,,,,,,,,,,,,,,,,,,,,,2015
1568,2015040163,4,40163,1,2,1,18,3,17,11,12,6,1,0,4,1,63,32,63032,4,2003,KNADC1250362,K,N,A,D,C,1,2,5,0,3,6,2,0,0,0,Not Applicable,Not Applicable,0,0,0,1,0,0,0,0,0,0,0,5,0,0,0,9,6,2,12,0,0,0,1,4,85024,6,1,0,0,3,0,68,165,0,0,0,0,1,9,2012,9,2012,0,38,0,0,0,1,2,45,1,1,8,1,20,3,11,15,99,1,1,82,,,,1,0,,,,,,,,,,,,,,,,,,,,,,,,,2015
1569,2015040163,4,40163,2,2,1,18,3,17,11,12,6,1,0,4,4,30,46,30046,4,2015,1VWAT7A39FC0,1,V,W,A,T,7,A,3,9,F,C,0,0,0,0,Not Applicable,Not Applicable,0,0,0,1,0,0,0,0,0,0,0,45,0,0,0,12,6,2,12,0,0,0,1,53,99208,6,1,0,0,3,0,71,215,0,0,0,1,1,7,2010,1,2011,0,0,0,0,0,5,5,45,1,1,8,1,0,0,1,67,1,1,1,83,,,,0,0,,,,,,,,,,,,,,,,,,,,,,,,,2015
1570,2015040164,4,40164,1,2,1,20,3,21,29,12,2,1,0,4,2,7,18,7018,4,1991,1B3XC46R8MD2,1,B,3,X,C,4,6,R,8,M,D,2,0,0,0,Not Applicable,Not Applicable,0,0,0,1,0,0,0,0,0,0,0,50,0,0,0,12,6,2,12,0,0,0,1,4,85713,0,0,0,0,0,0,64,130,0,0,0,0,0,0,0,0,0,0,28,0,0,0,1,2,50,1,1,8,1,0,0,1,10,99,1,1,50,,,,1,1,,,,,,,,,,,,,,,,,,,,,,,,,2015
1571,2015040164,4,40164,2,2,1,20,3,21,29,12,2,1,0,4,2,14,17,14017,4,2003,1MEFM50U33G6,1,M,E,F,M,5,0,U,3,3,G,6,0,0,0,Not Applicable,Not Applicable,0,0,0,1,0,0,0,0,0,0,0,50,0,0,0,12,6,2,12,0,0,0,1,4,85716,6,1,0,0,3,0,71,195,0,0,0,0,0,0,0,0,0,0,0,0,0,0,1,2,50,1,1,8,1,0,0,1,62,99,1,1,51,,,,0,0,,,,,,,,,,,,,,,,,,,,,,,,,2015
1572,2015040165,4,40165,1,2,3,22,3,11,20,1,0,1,0,4,1,12,481,12481,31,1997,1FTDX1724VKC,1,F,T,D,X,1,7,2,4,V,K,C,0,0,0,Not Applicable,Not Applicable,0,0,0,1,0,0,0,0,0,0,0,0,0,0,0,63,2,5,12,0,0,0,1,4,85748,6,1,0,0,3,1,73,183,0,0,0,0,0,0,0,0,0,0,38,91,0,0,1,2,40,1,5,2,1,20,3,5,17,1,1,1,98,,,,0,0,,,,,,,,,,,,,,,,,,,,,,,,,2015
1573,2015040165,4,40165,2,2,1,22,3,11,20,1,0,1,0,4,1,72,706,72706,80,2001,1HD1BSY161Y0,1,H,D,1,B,S,Y,1,6,1,Y,0,0,0,0,Not Applicable,Not Applicable,0,0,0,1,0,0,0,0,0,0,0,40,0,0,0,0,6,2,12,0,0,0,1,4,85715,6,1,6,0,3,3,70,200,0,4,0,0,0,6,2010,8,2012,0,0,0,0,0,2,3,40,1,1,2,1,0,0,1,66,99,9,1,98,,,,1,0,,,,,,,,,,,,,,,,,,,,,,,,,2015
1574,2015040166,4,40166,1,1,1,22,3,15,7,24,0,1,0,4,1,35,473,35473,31,2006,1N6AA07A56N5,1,N,6,A,A,0,7,A,5,6,N,5,0,0,0,Not Applicable,Not Applicable,0,0,0,1,0,0,0,0,0,0,0,50,0,1,3,98,6,2,1,0,0,0,1,4,86004,6,1,0,0,3,0,70,230,0,1,0,0,0,9,2010,9,2010,0,0,0,0,0,6,1,45,2,5,1,1,0,0,14,6,99,5,4,7,,,,1,1,,,,,,,,,,,,,,,,,,,,,,,,,2015
1575,2015040167,4,40167,1,1,1,22,3,20,16,33,0,1,0,4,1,20,481,20481,31,2004,1GCEC14X04Z2,1,G,C,E,C,1,4,X,0,4,Z,2,0,0,0,Not Applicable,Not Applicable,0,0,0,1,0,0,0,0,0,0,0,65,0,1,5,12,6,2,1,0,0,0,1,4,85746,6,1,0,0,3,0,71,240,0,0,0,0,1,4,2010,4,2010,4,0,0,0,0,5,5,35,1,1,2,1,40,3,1,6,99,9,4,2,,,,1,1,,,,,,,,,,,,,,,,,,,,,,,,,2015
1576,2015040168,4,40168,1,2,1,23,3,17,13,12,1,1,0,4,3,23,481,23481,31,2012,3GTP2VE76CG2,3,G,T,P,2,V,E,7,6,C,G,2,0,0,0,Not Applicable,Not Applicable,0,0,0,1,0,0,0,0,0,0,0,90,1,0,0,12,6,2,12,0,0,0,1,4,85635,6,1,0,0,3,0,70,190,0,0,0,0,0,0,0,0,0,4,0,0,0,0,2,2,75,1,1,2,1,0,0,1,51,99,1,1,24,,,,1,0,,,,,,,,,,,,,,,,,,,,,,,,,2015
1577,2015040168,4,40168,2,2,2,23,3,17,13,12,1,1,0,18,3,82,881,82881,66,2015,3AKJGLD59FSG,3,A,K,J,G,L,D,5,9,F,S,G,1,1,57,0005428,570005428,3,6,1,1,0,0,0,0,0,0,0,25,0,0,0,6,4,3,12,0,0,0,1,39,45403,6,1,6,0,3,0,67,160,0,0,0,2,0,4,2013,5,2014,0,0,0,0,0,2,2,75,1,1,2,1,0,0,3,53,1,1,1,25,,,,0,0,,,,,,,,,,,,,,,,,,,,,,,,,2015
1578,2015040169,4,40169,1,2,1,24,3,6,19,12,2,1,0,4,5,37,31,37031,2,2001,1HGEM22991L0,1,H,G,E,M,2,2,9,9,1,L,0,0,0,0,Not Applicable,Not Applicable,0,0,0,1,0,0,0,0,0,0,0,998,3,0,0,12,6,2,12,0,0,0,1,4,85711,1,1,0,0,2,0,73,220,0,1,0,0,0,3,2014,3,2014,4,51,0,0,0,2,2,75,1,6,2,1,0,0,1,54,99,1,1,52,,,,1,1,,,,,,,,,,,,,,,,,,,,,,,,,2015
1579,2015040169,4,40169,2,2,2,24,3,6,19,12,2,1,0,29,3,82,881,82881,66,2014,1FUJGLD55ELF,1,F,U,J,G,L,D,5,5,E,L,F,1,1,57,778506,57778506,3,6,1,1,0,0,0,0,0,0,0,70,0,0,0,12,6,2,12,0,0,0,1,40,74344,6,1,6,0,3,0,67,205,0,0,0,1,0,3,2013,3,2013,0,0,0,0,0,2,2,75,1,5,2,1,0,0,1,54,1,1,1,52,,,,0,0,,,,,,,,,,,,,,,,,,,,,,,,,2015
1580,2015040170,4,40170,1,1,5,26,3,21,2,59,0,1,0,4,2,6,441,6441,20,2005,2C4GP44R85R1,2,C,4,G,P,4,4,R,8,5,R,1,0,0,0,Not Applicable,Not Applicable,0,0,0,1,0,0,0,0,0,0,0,998,0,1,6,98,6,2,1,32,0,0,1,4,85033,0,0,0,0,0,0,60,120,0,0,0,0,0,0,0,0,0,5,91,37,0,0,2,2,65,1,1,2,1,0,0,15,6,99,9,4,2,,,,1,0,,,,,,,,,,,,,,,,,,,,,,,,,2015
1581,2015040171,4,40171,1,2,1,26,3,23,22,12,6,1,0,4,1,20,37,20037,4,2014,1G11B5SL2EF1,1,G,1,1,B,5,S,L,2,E,F,1,0,0,0,Not Applicable,Not Applicable,0,0,0,1,0,0,0,0,0,0,0,10,0,0,0,1,6,2,12,0,0,0,1,4,85283,6,1,0,0,3,0,71,201,0,0,0,0,0,0,0,0,0,0,38,0,0,0,2,3,35,2,1,2,1,0,0,11,15,99,1,1,68,,,,0,0,,,,,,,,,,,,,,,,,,,,,,,,,2015
1582,2015040171,4,40171,2,2,2,26,3,23,22,12,6,1,0,4,1,98,709,98709,80,2014,L5YTCKPA4E11,L,5,Y,T,C,K,P,A,4,E,1,1,0,0,0,Not Applicable,Not Applicable,0,0,0,1,0,0,0,0,0,0,0,35,0,0,0,12,6,2,12,0,0,0,1,4,85282,6,1,0,0,2,0,72,245,0,0,0,0,0,0,0,0,0,0,0,0,0,0,2,3,35,3,1,2,1,0,0,14,62,99,1,1,69,,,,1,1,,,,,,,,,,,,,,,,,,,,,,,,,2015
1583,2015040172,4,40172,1,2,2,28,3,13,15,12,6,1,0,35,1,72,706,72706,80,2007,1HD1FC4117Y6,1,H,D,1,F,C,4,1,1,7,Y,6,0,0,0,Not Applicable,Not Applicable,0,0,0,1,0,0,0,0,0,0,0,45,0,0,0,12,6,2,12,0,0,0,1,35,87413,6,1,6,0,3,0,68,220,98,0,0,0,0,0,0,0,0,0,39,0,0,0,2,4,45,1,1,8,1,3,3,1,17,99,1,3,88,,,,2,0,,,,,,,,,,,,,,,,,,,,,,,,,2015
1584,2015040172,4,40172,2,2,2,28,3,13,15,12,6,1,0,4,1,42,44,42044,1,2013,WDDJK7DA3DF0,W,D,D,J,K,7,D,A,3,D,F,0,0,0,0,Not Applicable,Not Applicable,0,0,0,1,0,0,0,0,0,0,0,15,0,0,0,62,6,2,12,0,0,0,1,4,85260,6,1,0,0,3,0,66,165,0,0,0,0,0,0,0,0,0,0,0,0,0,0,2,3,45,1,1,8,1,3,3,1,66,1,1,1,89,,,,0,0,,,,,,,,,,,,,,,,,,,,,,,,,2015
1585,2015040173,4,40173,1,1,1,29,3,2,48,59,0,1,0,4,1,59,34,59034,4,2006,JTHBH96S3650,J,T,H,B,H,9,6,S,3,6,5,0,0,0,0,Not Applicable,Not Applicable,0,0,0,1,0,0,0,0,0,0,0,998,0,0,0,12,6,2,43,0,0,0,1,4,85040,6,1,0,0,3,3,64,180,0,3,0,2,1,10,2011,3,2014,4,39,0,0,0,1,2,25,1,1,2,1,20,3,1,6,99,1,4,1,,,,1,1,,,,,,,,,,,,,,,,,,,,,,,,,2015
1586,2015040174,4,40174,1,1,1,29,3,6,49,35,0,1,0,4,2,35,43,35043,4,2009,3N1AB61E19L6,3,N,1,A,B,6,1,E,1,9,L,6,0,0,0,Not Applicable,Not Applicable,0,0,0,1,0,0,0,0,0,0,0,50,0,1,5,82,6,2,3,0,0,0,1,4,85349,6,1,0,0,3,0,62,140,0,0,0,0,1,11,2010,11,2010,0,0,0,0,0,1,2,50,1,1,4,1,0,0,1,9,99,3,4,2,,,,1,1,,,,,,,,,,,,,,,,,,,,,,,,,2015
1587,2015040175,4,40175,1,1,1,29,3,6,50,1,0,1,0,4,2,20,421,20421,15,2003,1GNEC13ZX3R1,1,G,N,E,C,1,3,Z,X,3,R,1,0,0,0,Not Applicable,Not Applicable,0,0,0,1,0,0,0,0,0,0,0,998,0,1,3,0,6,2,1,0,0,0,1,4,85283,6,1,0,0,3,3,68,270,0,0,0,0,0,0,0,0,0,9,99,99,99,99,2,2,75,1,1,2,1,0,0,1,9,99,9,4,7,,,,1,0,,,,,,,,,,,,,,,,,,,,,,,,,2015
1588,2015040176,4,40176,1,2,1,29,3,18,1,12,6,1,0,4,1,72,706,72706,80,1993,1HD1DPL15PY5,1,H,D,1,D,P,L,1,5,P,Y,5,0,0,0,Not Applicable,Not Applicable,0,0,0,1,0,0,0,0,0,0,0,35,0,0,0,12,6,2,12,32,0,0,1,4,85119,6,1,0,0,3,0,66,160,0,0,0,0,0,0,0,0,0,0,39,0,0,0,1,2,35,1,1,2,1,20,3,1,17,3,2,3,88,,,,1,0,,,,,,,,,,,,,,,,,,,,,,,,,2015
1589,2015040176,4,40176,2,2,1,29,3,18,1,12,6,1,0,4,2,37,37,37037,5,2010,JHMZE2H5XAS0,J,H,M,Z,E,2,H,5,X,A,S,0,0,0,0,Not Applicable,Not Applicable,0,0,0,1,0,0,0,0,0,0,0,35,0,0,0,62,6,2,12,32,0,0,1,4,85215,6,1,0,0,3,3,62,165,0,0,0,0,1,2,2014,2,2014,0,0,0,0,0,1,2,35,1,1,2,1,0,0,1,66,99,1,1,89,,,,0,0,,,,,,,,,,,,,,,,,,,,,,,,,2015
1590,2015040177,4,40177,1,1,1,30,3,11,53,33,0,1,0,4,2,76,706,76706,80,2007,JYARN20E47A0,J,Y,A,R,N,2,0,E,4,7,A,0,0,0,0,Not Applicable,Not Applicable,0,0,0,1,0,0,0,0,0,0,0,40,0,0,0,14,6,9,19,0,0,0,1,4,85714,6,1,0,0,2,0,70,200,0,3,0,1,1,5,2010,9,2012,4,0,0,0,0,1,2,25,1,1,8,1,0,0,1,14,99,1,4,14,,,,1,0,,,,,,,,,,,,,,,,,,,,,,,,,2015