index,accident_id,STATE,ST_CASE,VEH_NO,VE_FORMS,NUMOCCS,DAY,MONTH,HOUR,MINUTE,HARM_EV,MAN_COLL,UNITTYPE,HIT_RUN,REG_STAT,OWNER,MAKE,MODEL,MAK_MOD,BODY_TYP,MOD_YEAR,VIN,VIN_1,VIN_2,VIN_3,VIN_4,VIN_5,VIN_6,VIN_7,VIN_8,VIN_9,VIN_10,VIN_11,VIN_12,TOW_VEH,J_KNIFE,MCARR_I1,MCARR_I2,MCARR_ID,GVWR,V_CONFIG,CARGO_BT,HAZ_INV,HAZ_PLAC,HAZ_ID,HAZ_CNO,HAZ_REL,BUS_USE,SPEC_USE,EMER_USE,TRAV_SP,UNDERIDE,ROLLOVER,ROLINLOC,IMPACT1,DEFORMED,TOWED,M_HARM,VEH_SC1,VEH_SC2,FIRE_EXP,DR_PRES,L_STATE,DR_ZIP,L_STATUS,L_TYPE,CDL_STAT,L_ENDORS,L_COMPL,L_RESTRI,DR_HGT,DR_WGT,PREV_ACC,PREV_SUS,PREV_DWI,PREV_SPD,PREV_OTH,FIRST_MO,FIRST_YR,LAST_MO,LAST_YR,SPEEDREL,DR_SF1,DR_SF2,DR_SF3,DR_SF4,VTRAFWAY,VNUM_LAN,VSPD_LIM,VALIGN,VPROFILE,VPAVETYP,VSURCOND,VTRAFCON,VTCONT_F,P_CRASH1,P_CRASH2,P_CRASH3,PCRASH4,PCRASH5,ACC_TYPE,TRLR1VIN,TRLR2VIN,TRLR3VIN,DEATHS,DR_DRINK,VINTYPE,VINMAKE,VINA_MOD,VIN_BT,VINMODYR,VIN_LNGT,VIN_WGT,WGTCD_TR,WHLBS_LG,WHLBS_SH,SER_TR,FUELCODE,MCYCL_DS,CARBUR,CYLINDER,DISPLACE,MCYCL_CY,MCYCL_WT,TIRE_SZE,TON_RAT,TRK_WT,TRKWTVAR,VIN_REST,WHLDRWHL,Year
1640,2015040211,4,40211,2,2,1,1,4,14,37,12,2,1,0,4,1,20,431,20431,16,1995,1GNFK16K5SJ3,1,G,N,F,K,1,6,K,5,S,J,3,0,0,0,Not Applicable,Not Applicable,0,0,0,1,0,0,0,0,0,0,0,55,0,0,0,12,6,2,12,0,0,0,1,4,85621,6,1,0,0,3,3,66,170,0,0,0,0,1,9,2014,9,2014,0,89,0,0,0,1,2,55,1,1,8,1,0,0,1,62,99,1,1,51,,,,0,0,,,,,,,,,,,,,,,,,,,,,,,,,2015
1641,2015040212,4,40212,1,2,1,1,4,19,20,8,0,1,1,4,2,49,32,49032,4,2011,2T1BU4EE1BC6,2,T,1,B,U,4,E,E,1,B,C,6,0,0,0,Not Applicable,Not Applicable,0,0,0,1,0,0,0,0,0,0,0,41,0,0,0,12,4,5,8,0,0,0,1,4,85051,6,1,0,0,3,3,72,245,0,0,0,0,0,0,0,0,0,0,0,0,0,0,5,6,40,1,1,2,1,0,0,1,80,1,1,1,13,,,,0,0,,,,,,,,,,,,,,,,,,,,,,,,,2015
1642,2015040212,4,40212,2,2,1,1,4,19,20,8,0,1,1,99,9,99,999,99999,99,9999,Unknown,9,9,9,9,9,9,9,9,9,9,9,9,0,0,0,Not Applicable,Not Applicable,0,0,0,1,0,0,0,0,0,0,0,998,0,0,0,99,4,5,8,99,99,0,1,99,99999,9,9,99,0,9,9,999,999,99,99,99,99,99,99,9999,99,9999,9,99,99,99,99,5,6,40,1,1,2,1,0,0,1,80,99,9,9,98,,,,0,0,,,,,,,,,,,,,,,,,,,,,,,,,2015
1643,2015040213,4,40213,1,1,1,2,4,10,15,1,0,1,0,4,1,12,401,12401,14,1996,1FMDU32P8TZB,1,F,M,D,U,3,2,P,8,T,Z,B,0,0,0,Not Applicable,Not Applicable,0,0,0,1,0,0,0,0,0,0,0,998,0,1,5,0,6,2,1,0,0,0,1,4,85020,6,1,0,0,3,0,71,160,0,0,0,0,0,0,0,0,0,4,58,0,0,0,2,2,55,3,6,2,1,0,0,14,13,99,1,4,1,,,,1,0,,,,,,,,,,,,,,,,,,,,,,,,,2015
1644,2015040215,4,40215,1,3,2,3,4,11,30,12,8,1,0,6,1,20,481,20481,31,2011,1GCRCTE03BZ1,1,G,C,R,C,T,E,0,3,B,Z,1,0,0,0,Not Applicable,Not Applicable,0,0,0,1,0,0,0,0,0,0,0,70,0,0,0,62,6,2,12,0,0,0,1,6,95355,6,1,0,0,3,3,69,190,0,0,0,1,0,8,2012,8,2012,0,28,0,0,0,1,2,65,1,1,2,1,40,3,15,10,99,1,2,64,,,,1,0,,,,,,,,,,,,,,,,,,,,,,,,,2015
1645,2015040215,4,40215,2,3,1,3,4,11,30,12,8,1,0,47,3,82,881,82881,66,2014,3AKJGLD67ESF,3,A,K,J,G,L,D,6,7,E,S,F,1,1,57,0070627,570070627,3,6,1,1,0,0,0,0,0,0,0,65,0,0,0,63,6,2,12,0,0,0,1,4,86018,6,1,6,0,3,3,69,195,0,4,0,0,0,1,2012,3,2015,0,89,0,0,0,1,2,65,1,1,2,1,40,3,1,62,99,1,1,65,,,,0,0,,,,,,,,,,,,,,,,,,,,,,,,,2015
1646,2015040215,4,40215,3,3,2,3,4,11,30,12,8,1,0,4,1,37,402,37402,14,2013,2HKRM3H78DH5,2,H,K,R,M,3,H,7,8,D,H,5,0,0,0,Not Applicable,Not Applicable,0,0,0,1,0,0,0,0,0,0,0,65,0,0,0,12,6,2,12,0,0,0,1,4,85710,6,1,0,0,3,0,69,230,0,0,0,0,0,0,0,0,0,0,0,0,0,0,1,2,65,1,1,2,1,40,3,1,54,99,1,1,98,,,,2,0,,,,,,,,,,,,,,,,,,,,,,,,,2015
1647,2015040217,4,40217,1,1,1,4,4,1,51,1,0,1,0,4,1,49,472,49472,30,2007,5TEJU62N47Z4,5,T,E,J,U,6,2,N,4,7,Z,4,0,0,0,Not Applicable,Not Applicable,0,0,0,1,0,0,0,0,0,0,0,998,0,1,5,0,6,2,1,0,0,0,1,4,85714,6,1,0,0,3,0,68,165,0,1,1,1,0,4,2012,2,2013,9,99,99,99,99,2,2,75,1,1,2,1,0,0,1,12,99,9,4,2,,,,1,1,,,,,,,,,,,,,,,,,,,,,,,,,2015
1648,2015040218,4,40218,1,2,1,5,4,12,45,12,6,1,0,4,1,49,482,49482,31,2007,5TFSV54107X0,5,T,F,S,V,5,4,1,0,7,X,0,0,0,0,Not Applicable,Not Applicable,0,0,0,1,0,0,0,0,0,0,0,5,0,0,0,62,6,2,12,0,0,0,1,4,85750,6,1,0,0,3,0,68,155,0,0,0,0,0,0,0,0,0,0,0,0,0,0,0,0,0,0,0,0,0,0,0,11,66,99,1,1,82,,,,0,0,,,,,,,,,,,,,,,,,,,,,,,,,2015
1649,2015040218,4,40218,2,2,1,5,4,12,45,12,6,1,0,4,1,53,706,53706,80,2006,JS1GT76A7621,J,S,1,G,T,7,6,A,7,6,2,1,0,0,0,Not Applicable,Not Applicable,0,0,0,1,0,0,0,0,0,0,0,50,0,0,0,12,6,2,12,0,0,0,1,4,85705,6,1,0,0,3,3,67,195,0,0,0,0,0,0,0,0,0,3,0,0,0,0,1,4,40,1,1,2,1,0,0,1,17,99,1,1,83,,,,1,0,,,,,,,,,,,,,,,,,,,,,,,,,2015
1650,2015040219,4,40219,1,2,2,5,4,14,52,12,1,1,0,4,2,35,39,35039,4,2010,1N4AA5AP3AC8,1,N,4,A,A,5,A,P,3,A,C,8,0,0,0,Not Applicable,Not Applicable,0,0,0,1,0,0,0,0,0,0,0,998,0,1,5,6,6,2,1,0,0,0,1,4,85142,6,1,0,0,3,0,75,230,0,0,0,0,0,0,0,0,0,3,91,0,0,0,8,8,45,1,1,8,1,0,0,1,53,99,1,1,25,,,,1,0,,,,,,,,,,,,,,,,,,,,,,,,,2015
1651,2015040219,4,40219,2,2,1,5,4,14,52,12,1,1,0,4,2,54,35,54035,4,2002,19UUA56702A0,1,9,U,U,A,5,6,7,0,2,A,0,0,0,0,Not Applicable,Not Applicable,0,0,0,1,0,0,0,0,0,0,0,998,0,0,0,12,6,2,12,0,0,0,1,4,85295,6,1,0,0,3,0,69,175,0,0,0,0,0,0,0,0,0,3,91,0,0,0,8,8,45,1,1,8,1,0,0,1,51,99,1,1,24,,,,0,0,,,,,,,,,,,,,,,,,,,,,,,,,2015
1652,2015040220,4,40220,1,2,1,5,4,18,17,12,1,1,0,4,1,72,706,72706,80,2009,1HD1GV4189K3,1,H,D,1,G,V,4,1,8,9,K,3,0,0,0,Not Applicable,Not Applicable,0,0,0,1,0,0,0,0,0,0,0,60,0,0,0,12,6,2,12,0,0,0,1,4,86403,6,1,0,0,3,0,71,185,0,0,0,0,0,0,0,0,0,4,0,0,0,0,5,5,35,2,1,2,1,0,0,14,51,99,9,1,24,,,,1,1,,,,,,,,,,,,,,,,,,,,,,,,,2015
1653,2015040220,4,40220,2,2,1,5,4,18,17,12,1,1,0,4,2,7,472,7472,31,2001,1B7GG22X61S1,1,B,7,G,G,2,2,X,6,1,S,1,0,0,0,Not Applicable,Not Applicable,0,0,0,1,0,0,0,0,0,0,0,35,0,0,0,6,4,5,12,0,0,0,1,4,86404,6,1,0,0,3,0,66,130,0,0,0,0,0,0,0,0,0,0,0,0,0,0,5,5,35,2,1,2,1,0,0,14,53,99,1,1,25,,,,0,0,,,,,,,,,,,,,,,,,,,,,,,,,2015
1654,2015040221,4,40221,1,2,1,7,4,7,15,12,6,1,0,4,2,21,21,21021,4,1997,1G3NL52T3VM3,1,G,3,N,L,5,2,T,3,V,M,3,0,0,0,Not Applicable,Not Applicable,0,0,0,1,0,0,0,0,0,0,0,10,0,0,0,9,6,2,12,0,0,0,1,4,85901,6,1,0,0,3,3,62,130,0,0,0,0,0,0,0,0,0,0,38,0,0,0,1,2,98,1,1,2,1,20,3,11,15,99,1,1,82,,,,1,0,,,,,,,,,,,,,,,,,,,,,,,,,2015
1655,2015040221,4,40221,2,2,1,7,4,7,15,12,6,1,0,4,1,42,42,42042,2,2003,WDBRN40J33A3,W,D,B,R,N,4,0,J,3,3,A,3,0,0,0,Not Applicable,Not Applicable,0,0,0,1,0,0,0,0,0,0,0,65,0,0,0,12,6,2,12,0,0,0,1,4,85924,6,1,0,0,3,0,64,165,0,0,0,0,0,0,0,0,0,0,0,0,0,0,2,3,65,1,1,2,1,0,0,1,67,99,1,1,83,,,,0,0,,,,,,,,,,,,,,,,,,,,,,,,,2015
1656,2015040222,4,40222,1,1,1,7,4,12,32,33,0,1,0,4,2,12,35,12035,4,1998,1FALP6537WK1,1,F,A,L,P,6,5,3,7,W,K,1,0,0,0,Not Applicable,Not Applicable,0,0,0,1,0,0,0,0,0,0,0,35,0,0,0,12,6,2,43,0,0,0,1,4,85621,6,1,0,0,3,0,66,150,0,0,0,0,0,0,0,0,0,0,0,0,0,0,5,5,30,2,1,2,1,0,0,14,8,99,9,4,7,,,,1,0,,,,,,,,,,,,,,,,,,,,,,,,,2015
1657,2015040223,4,40223,1,1,3,7,4,19,37,8,0,1,0,4,1,20,23,20023,6,2008,3GNCA63X68S7,3,G,N,C,A,6,3,X,6,8,S,7,0,0,0,Not Applicable,Not Applicable,0,0,0,1,0,0,0,0,0,0,0,998,0,0,0,12,6,2,8,0,0,0,1,4,85037,6,1,0,0,3,0,63,180,0,0,0,0,0,0,0,0,0,0,0,0,0,0,5,3,35,1,1,2,1,0,0,1,80,99,1,1,13,,,,0,0,,,,,,,,,,,,,,,,,,,,,,,,,2015
1658,2015040224,4,40224,1,2,1,9,4,16,50,12,7,1,0,4,2,12,3,12003,2,2003,1FAFP40403F4,1,F,A,F,P,4,0,4,0,3,F,4,0,0,0,Not Applicable,Not Applicable,0,0,0,1,0,0,0,0,0,0,0,35,0,0,0,61,6,2,12,0,0,0,1,4,85042,6,1,0,0,3,0,64,140,1,3,1,1,0,10,2012,12,2013,0,27,0,0,0,3,4,65,1,1,1,1,0,0,15,10,1,1,2,47,,,,0,0,,,,,,,,,,,,,,,,,,,,,,,,,2015
1659,2015040224,4,40224,2,2,1,9,4,16,50,12,7,1,0,4,1,72,706,72706,80,2005,1HD1GVW155K3,1,H,D,1,G,V,W,1,5,5,K,3,0,0,0,Not Applicable,Not Applicable,0,0,0,1,0,0,0,0,0,0,0,65,0,0,0,81,6,2,12,0,0,0,1,4,85203,6,1,0,0,3,0,71,235,0,0,0,0,0,0,0,0,0,0,0,0,0,0,3,4,65,1,1,1,1,0,0,1,61,99,1,1,45,,,,1,0,,,,,,,,,,,,,,,,,,,,,,,,,2015
1660,2015040225,4,40225,1,1,2,10,4,13,14,9,0,1,0,4,2,12,17,12017,4,2002,1FAFP55U22A1,1,F,A,F,P,5,5,U,2,2,A,1,0,0,0,Not Applicable,Not Applicable,0,0,0,1,0,0,0,0,0,0,0,45,0,0,0,12,2,3,9,0,0,0,1,4,85120,6,1,0,0,3,0,70,210,0,0,0,0,0,0,0,0,0,0,89,83,0,0,1,2,45,1,1,2,1,0,0,1,83,6,1,3,13,,,,0,0,,,,,,,,,,,,,,,,,,,,,,,,,2015
1661,2015040226,4,40226,1,1,1,10,4,13,15,1,0,1,0,4,1,49,401,49401,14,2000,JT3GN86R1Y01,J,T,3,G,N,8,6,R,1,Y,0,1,0,0,0,Not Applicable,Not Applicable,0,0,0,1,0,0,0,0,0,0,0,75,0,1,5,0,6,2,1,0,0,0,1,4,85035,6,1,0,0,3,0,62,105,0,0,0,0,0,0,0,0,0,0,85,0,0,0,2,2,75,1,1,2,1,0,0,1,61,6,5,4,2,,,,1,0,,,,,,,,,,,,,,,,,,,,,,,,,2015
1662,2015040227,4,40227,1,1,1,11,4,9,54,9,0,1,0,4,1,34,35,34035,4,1995,WBAHE2324SGE,W,B,A,H,E,2,3,2,4,S,G,E,0,0,0,Not Applicable,Not Applicable,0,0,0,1,0,0,0,0,0,0,0,40,0,0,0,12,6,2,9,0,0,0,1,4,85018,6,1,0,0,3,0,70,170,0,8,0,0,0,10,2010,11,2013,0,0,0,0,0,1,7,40,1,1,8,1,3,3,1,83,6,1,3,13,,,,0,0,,,,,,,,,,,,,,,,,,,,,,,,,2015
1663,2015040228,4,40228,1,1,1,11,4,12,15,1,0,1,0,4,1,72,706,72706,80,2007,1HD1JL5157Y0,1,H,D,1,J,L,5,1,5,7,Y,0,0,0,0,Not Applicable,Not Applicable,0,0,0,1,0,0,0,0,0,0,0,998,0,0,0,0,6,2,1,0,0,0,1,4,86442,6,1,0,0,3,3,74,230,0,0,0,0,0,0,0,0,0,4,0,0,0,0,2,2,65,2,5,2,1,0,0,14,12,99,1,4,6,,,,1,0,,,,,,,,,,,,,,,,,,,,,,,,,2015
1664,2015040229,4,40229,1,1,2,11,4,19,49,17,0,1,0,4,2,2,404,2404,14,1995,1J4GZ58S6SC6,1,J,4,G,Z,5,8,S,6,S,C,6,0,0,0,Not Applicable,Not Applicable,0,0,0,1,0,0,0,0,0,0,0,999,0,1,5,98,6,2,1,0,0,0,1,4,85324,6,1,0,0,3,3,69,220,0,0,0,0,0,0,0,0,0,4,91,0,0,0,1,2,98,2,6,8,1,0,0,14,99,99,9,4,10,,,,1,1,,,,,,,,,,,,,,,,,,,,,,,,,2015
1665,2015040230,4,40230,1,1,2,11,4,21,0,33,0,1,0,4,1,76,705,76705,80,2002,JYA5AHE022A0,J,Y,A,5,A,H,E,0,2,2,A,0,0,0,0,Not Applicable,Not Applicable,0,0,0,1,0,0,0,0,0,0,0,998,0,0,0,82,6,2,40,0,0,0,1,4,85295,6,1,0,0,3,0,76,235,0,0,0,0,0,0,0,0,0,4,0,0,0,0,8,8,30,3,1,8,1,0,0,14,13,99,1,4,1,,,,2,1,,,,,,,,,,,,,,,,,,,,,,,,,2015
1666,2015040231,4,40231,1,2,1,12,4,19,45,12,1,1,0,4,3,82,890,82890,66,1997,1FUYDZYB2VH8,1,F,U,Y,D,Z,Y,B,2,V,H,8,1,1,57,0045415,570045415,3,6,4,1,0,0,0,0,0,0,0,0,0,0,0,6,2,5,12,0,0,0,1,4,85742,6,1,6,0,3,0,68,195,0,0,0,0,1,11,2010,11,2010,0,48,0,0,0,2,2,45,1,1,2,1,0,0,5,53,1,1,1,22,,,,0,0,,,,,,,,,,,,,,,,,,,,,,,,,2015
1667,2015040231,4,40231,2,2,2,12,4,19,45,12,1,1,0,53,1,54,421,54421,15,2004,2HNYD18804H5,2,H,N,Y,D,1,8,8,0,4,H,5,0,0,0,Not Applicable,Not Applicable,0,0,0,1,0,0,0,0,0,0,0,45,0,0,0,12,6,2,12,0,0,0,1,53,98422,6,1,0,0,3,0,70,168,0,0,0,1,0,11,2010,11,2010,0,0,0,0,0,2,2,45,1,1,2,1,0,0,1,50,99,1,1,20,,,,1,1,,,,,,,,,,,,,,,,,,,,,,,,,2015
1668,2015040232,4,40232,1,1,3,15,4,1,47,17,0,1,0,4,9,20,421,20421,15,2001,1GNEC13T81J1,1,G,N,E,C,1,3,T,8,1,J,1,0,0,0,Not Applicable,Not Applicable,0,0,0,1,0,0,0,0,0,0,0,999,0,1,5,98,6,2,1,0,0,0,1,99,99999,9,9,99,0,9,9,999,999,99,99,99,99,99,99,9999,99,9999,4,0,0,0,0,1,2,65,1,1,2,1,0,0,1,6,99,5,4,2,,,,2,0,,,,,,,,,,,,,,,,,,,,,,,,,2015
1669,2015040233,4,40233,1,2,1,16,4,17,56,12,2,1,0,4,1,12,401,12401,14,1999,1FMZU32X5XUB,1,F,M,Z,U,3,2,X,5,X,U,B,0,0,0,Not Applicable,Not Applicable,0,0,0,1,0,0,0,0,0,0,0,998,0,1,1,12,6,2,12,0,0,0,1,4,85173,6,1,0,0,3,0,71,160,0,0,0,0,0,0,0,0,0,0,28,0,0,0,1,3,50,1,5,2,1,0,0,1,9,99,9,2,50,,,,1,1,,,,,,,,,,,,,,,,,,,,,,,,,2015
1670,2015040233,4,40233,2,2,1,16,4,17,56,12,2,1,0,4,1,49,44,49044,2,2001,2T1CG22P91C5,2,T,1,C,G,2,2,P,9,1,C,5,0,0,0,Not Applicable,Not Applicable,0,0,0,1,0,0,0,0,0,0,0,50,0,0,0,12,6,2,12,0,0,0,1,4,85233,6,1,0,0,3,0,74,185,0,0,0,2,0,9,2010,2,2011,0,91,0,0,0,1,3,50,1,6,2,1,0,0,1,62,7,1,3,51,,,,0,0,,,,,,,,,,,,,,,,,,,,,,,,,2015
1671,2015040234,4,40234,1,2,1,18,4,6,16,12,1,1,1,4,2,59,31,59031,4,2008,JTHBJ46G8821,J,T,H,B,J,4,6,G,8,8,2,1,0,0,0,Not Applicable,Not Applicable,0,0,0,1,0,0,0,0,0,0,0,40,0,0,0,12,4,5,12,0,0,0,1,4,85306,6,1,0,0,3,0,68,175,1,4,0,0,2,6,2013,12,2014,4,0,0,0,0,2,5,40,1,1,8,1,3,3,1,51,99,1,1,24,,,,0,1,,,,,,,,,,,,,,,,,,,,,,,,,2015
1672,2015040234,4,40234,2,2,1,18,4,6,16,12,1,1,0,4,1,98,706,98706,80,2002,5CDMTB5192G0,5,C,D,M,T,B,5,1,9,2,G,0,0,0,0,Not Applicable,Not Applicable,0,0,0,1,0,0,0,0,0,0,0,10,0,0,0,6,6,2,12,0,0,0,1,4,85381,6,1,0,0,3,0,70,210,0,0,0,0,0,0,0,0,0,0,0,0,0,0,2,5,40,1,1,8,1,3,3,3,53,99,1,1,25,,,,1,0,,,,,,,,,,,,,,,,,,,,,,,,,2015
1673,2015040235,4,40235,1,2,1,18,4,22,28,12,2,1,0,49,2,12,880,12880,67,2005,1FTWX31P55EC,1,F,T,W,X,3,1,P,5,5,E,C,0,0,88,None,None,2,1,97,1,0,0,0,0,0,0,0,70,0,1,1,12,6,2,12,0,0,0,1,4,85344,6,1,0,0,3,0,70,185,0,0,0,0,0,0,0,0,0,0,28,0,0,0,1,5,55,1,6,2,1,0,0,1,10,99,1,2,50,,,,0,1,,,,,,,,,,,,,,,,,,,,,,,,,2015
1674,2015040235,4,40235,2,2,1,18,4,22,28,12,2,1,0,4,1,20,2,20002,4,2010,2G1WC5EM7A12,2,G,1,W,C,5,E,M,7,A,1,2,0,0,0,Not Applicable,Not Applicable,0,0,0,1,0,0,0,0,0,0,0,45,0,1,1,12,6,2,12,0,0,0,1,4,86327,6,1,0,0,3,0,73,230,0,0,0,0,0,0,0,0,0,0,89,0,0,0,1,5,55,1,1,2,1,0,0,1,62,99,1,1,51,,,,1,0,,,,,,,,,,,,,,,,,,,,,,,,,2015
1675,2015040236,4,40236,1,1,1,20,4,1,28,42,0,1,0,4,2,7,482,7482,31,2005,1D7HA16NX5J5,1,D,7,H,A,1,6,N,X,5,J,5,0,0,0,Not Applicable,Not Applicable,0,0,0,1,0,0,0,0,0,0,0,998,0,0,0,12,6,2,38,0,0,0,1,4,85710,6,1,0,0,3,3,66,180,0,0,0,0,0,0,0,0,0,4,0,0,0,0,2,1,25,1,4,8,1,0,0,1,6,99,9,4,2,,,,1,1,,,,,,,,,,,,,,,,,,,,,,,,,2015
1676,2015040237,4,40237,1,1,1,20,4,8,38,9,0,1,0,4,1,41,35,41035,4,2003,JM1BJ2253301,J,M,1,B,J,2,2,5,3,3,0,1,0,0,0,Not Applicable,Not Applicable,0,0,0,1,0,0,0,0,0,0,0,15,0,0,0,4,2,3,9,0,0,0,1,4,85713,0,0,0,0,0,0,999,999,0,0,0,0,0,0,0,0,0,0,38,91,0,0,2,3,35,1,1,8,1,0,0,10,83,1,1,1,13,,,,0,0,,,,,,,,,,,,,,,,,,,,,,,,,2015
1677,2015040238,4,40238,1,2,1,21,4,11,9,1,0,1,0,4,1,49,32,49032,4,2002,1NXBR12E32Z5,1,N,X,B,R,1,2,E,3,2,Z,5,0,0,0,Not Applicable,Not Applicable,0,0,0,1,0,0,0,0,0,0,0,10,0,0,0,83,2,3,54,0,0,0,1,4,85042,0,0,0,0,0,0,65,142,0,0,0,0,0,0,0,0,0,0,38,48,91,0,1,5,40,1,1,8,1,0,0,11,15,99,1,1,98,,,,0,0,,,,,,,,,,,,,,,,,,,,,,,,,2015
1678,2015040238,4,40238,2,2,1,21,4,11,9,1,0,1,0,4,2,73,705,73705,80,2005,JKAENVC125A1,J,K,A,E,N,V,C,1,2,5,A,1,0,0,0,Not Applicable,Not Applicable,0,0,0,1,0,0,0,0,0,0,0,32,0,0,0,0,4,3,1,0,0,0,1,39,43081,6,1,0,0,3,0,72,200,0,0,0,0,0,0,0,0,0,0,0,0,0,0,1,5,40,1,1,8,1,0,0,1,62,3,1,1,98,,,,1,0,,,,,,,,,,,,,,,,,,,,,,,,,2015
1679,2015040240,4,40240,1,3,5,21,4,21,36,1,0,1,0,4,2,38,402,38402,14,2000,4S2CK58W4Y43,4,S,2,C,K,5,8,W,4,Y,4,3,0,0,0,Not Applicable,Not Applicable,0,0,0,1,0,0,0,0,0,0,0,80,0,1,3,0,6,2,1,0,0,0,1,4,85018,6,1,0,0,3,0,66,115,0,0,0,0,0,0,0,0,0,9,99,99,99,99,2,2,75,1,1,2,1,0,0,1,9,99,9,4,7,,,,2,0,,,,,,,,,,,,,,,,,,,,,,,,,2015
1680,2015040240,4,40240,2,3,2,21,4,21,36,1,0,1,0,4,1,2,405,2405,14,2002,1J4GL48K22W2,1,J,4,G,L,4,8,K,2,2,W,2,0,0,0,Not Applicable,Not Applicable,0,0,0,1,0,0,0,0,0,0,0,70,0,0,0,82,4,3,12,0,0,0,1,4,86329,0,0,0,0,0,0,999,999,0,0,0,0,0,0,0,0,0,0,0,0,0,0,2,2,75,1,1,2,1,0,0,1,62,6,9,3,98,,,,0,0,,,,,,,,,,,,,,,,,,,,,,,,,2015
1681,2015040240,4,40240,3,3,99,21,4,21,36,1,0,1,1,99,9,99,884,99884,78,9999,Unknown,9,9,9,9,9,9,9,9,9,9,9,9,4,1,99,Unknown,Unknown,9,19,98,1,0,0,0,0,0,0,0,75,0,0,0,99,9,5,54,99,99,0,1,99,99999,9,9,99,9,9,9,999,999,99,99,99,99,99,99,9999,99,9999,9,99,99,99,99,2,2,75,1,1,2,1,0,0,1,99,99,9,9,98,,,,0,0,,,,,,,,,,,,,,,,,,,,,,,,,2015
1682,2015040241,4,40241,1,1,1,22,4,8,13,38,0,1,0,4,2,41,37,41037,4,2001,1YVGF22C2152,1,Y,V,G,F,2,2,C,2,1,5,2,0,0,0,Not Applicable,Not Applicable,0,0,0,1,0,0,0,0,0,0,0,998,0,0,0,12,6,2,38,0,0,0,1,4,85705,6,1,0,0,3,0,69,140,0,1,0,0,1,6,2010,8,2011,9,99,99,99,99,1,2,35,1,1,8,1,0,0,1,9,99,9,4,7,,,,1,0,,,,,,,,,,,,,,,,,,,,,,,,,2015
1683,2015040242,4,40242,1,2,1,23,4,13,9,12,7,1,0,4,1,76,706,76706,80,1999,JYAVP02E2XA0,J,Y,A,V,P,0,2,E,2,X,A,0,0,0,0,Not Applicable,Not Applicable,0,0,0,1,0,0,0,0,0,0,0,16,0,0,0,62,6,2,12,0,0,0,1,4,85364,6,1,6,0,3,2,69,180,0,4,0,0,0,9,2012,9,2014,0,34,74,0,0,1,2,35,1,1,2,1,0,0,6,17,3,2,3,71,,,,1,0,,,,,,,,,,,,,,,,,,,,,,,,,2015
1684,2015040242,4,40242,2,2,1,23,4,13,9,12,7,1,0,4,3,51,890,51890,63,1996,4V5DCFME2TR7,4,V,5,D,C,F,M,E,2,T,R,7,0,0,57,1684915,571684915,3,2,7,1,0,0,0,0,0,0,0,20,0,0,0,82,2,5,12,0,0,0,1,4,85364,6,1,6,0,3,0,65,160,0,0,0,0,0,0,0,0,0,0,0,0,0,0,1,2,35,1,1,2,1,0,0,10,61,1,1,1,70,,,,0,0,,,,,,,,,,,,,,,,,,,,,,,,,2015
1685,2015040243,4,40243,1,1,99,25,4,3,40,8,0,1,1,99,9,99,999,99999,99,9999,Unknown,9,9,9,9,9,9,9,9,9,9,9,9,0,0,0,Not Applicable,Not Applicable,0,0,0,1,0,0,0,0,0,0,0,998,0,0,0,98,9,5,8,99,99,0,1,99,99999,9,9,99,9,9,9,999,999,99,99,99,99,99,99,9999,99,9999,9,99,99,99,99,2,2,35,1,1,2,1,0,0,1,80,99,9,3,13,,,,0,0,,,,,,,,,,,,,,,,,,,,,,,,,2015
1686,2015040244,4,40244,1,1,1,26,4,10,51,35,0,1,0,6,1,98,706,98706,80,2000,5CDCNB511YG0,5,C,D,C,N,B,5,1,1,Y,G,0,0,0,0,Not Applicable,Not Applicable,0,0,0,1,0,0,0,0,0,0,0,998,0,0,0,12,6,2,35,0,0,0,1,6,91935,6,1,6,0,3,0,71,185,0,0,0,0,0,0,0,0,0,0,0,0,0,0,1,4,55,3,3,2,1,0,0,14,13,99,1,4,1,,,,1,0,,,,,,,,,,,,,,,,,,,,,,,,,2015
1687,2015040245,4,40245,1,1,3,28,4,23,9,33,0,1,0,4,2,12,422,12422,15,1998,1FMPU18L4WLA,1,F,M,P,U,1,8,L,4,W,L,A,0,0,0,Not Applicable,Not Applicable,0,0,0,1,0,0,0,0,0,0,0,60,0,1,1,82,6,2,1,0,0,0,1,4,85746,1,1,0,0,2,3,67,210,0,0,0,0,0,0,0,0,0,4,0,0,0,0,6,2,35,3,9,8,1,0,0,14,6,99,9,4,2,,,,1,1,,,,,,,,,,,,,,,,,,,,,,,,,2015
1688,2015040246,4,40246,1,1,2,30,4,22,55,33,0,1,0,4,1,20,850,20850,65,1981,1GBGP22M5B33,1,G,B,G,P,2,2,M,5,B,3,3,0,0,0,Not Applicable,Not Applicable,0,0,0,1,0,0,0,0,0,0,0,998,0,1,5,12,6,2,1,32,0,0,1,4,85743,6,1,0,0,3,0,69,200,0,1,0,1,1,10,2012,2,2014,0,91,0,0,0,5,5,35,1,1,2,1,0,0,1,9,99,9,4,7,,,,1,1,,,,,,,,,,,,,,,,,,,,,,,,,2015
1689,2015040247,4,40247,1,1,1,26,3,15,30,1,0,1,0,4,1,72,706,72706,80,2001,1HD1FBW181Y6,1,H,D,1,F,B,W,1,8,1,Y,6,0,0,0,Not Applicable,Not Applicable,0,0,0,1,0,0,0,0,0,0,0,60,0,0,0,0,6,2,1,0,0,0,1,4,85202,6,1,0,0,3,0,69,210,0,0,0,2,0,7,2010,8,2010,4,0,0,0,0,2,2,65,3,6,2,1,0,0,14,13,99,1,4,1,,,,1,0,,,,,,,,,,,,,,,,,,,,,,,,,2015