index,accident_id,STATE,ST_CASE,VEH_NO,VE_FORMS,NUMOCCS,DAY,MONTH,HOUR,MINUTE,HARM_EV,MAN_COLL,UNITTYPE,HIT_RUN,REG_STAT,OWNER,MAKE,MODEL,MAK_MOD,BODY_TYP,MOD_YEAR,VIN,VIN_1,VIN_2,VIN_3,VIN_4,VIN_5,VIN_6,VIN_7,VIN_8,VIN_9,VIN_10,VIN_11,VIN_12,TOW_VEH,J_KNIFE,MCARR_I1,MCARR_I2,MCARR_ID,GVWR,V_CONFIG,CARGO_BT,HAZ_INV,HAZ_PLAC,HAZ_ID,HAZ_CNO,HAZ_REL,BUS_USE,SPEC_USE,EMER_USE,TRAV_SP,UNDERIDE,ROLLOVER,ROLINLOC,IMPACT1,DEFORMED,TOWED,M_HARM,VEH_SC1,VEH_SC2,FIRE_EXP,DR_PRES,L_STATE,DR_ZIP,L_STATUS,L_TYPE,CDL_STAT,L_ENDORS,L_COMPL,L_RESTRI,DR_HGT,DR_WGT,PREV_ACC,PREV_SUS,PREV_DWI,PREV_SPD,PREV_OTH,FIRST_MO,FIRST_YR,LAST_MO,LAST_YR,SPEEDREL,DR_SF1,DR_SF2,DR_SF3,DR_SF4,VTRAFWAY,VNUM_LAN,VSPD_LIM,VALIGN,VPROFILE,VPAVETYP,VSURCOND,VTRAFCON,VTCONT_F,P_CRASH1,P_CRASH2,P_CRASH3,PCRASH4,PCRASH5,ACC_TYPE,TRLR1VIN,TRLR2VIN,TRLR3VIN,DEATHS,DR_DRINK,VINTYPE,VINMAKE,VINA_MOD,VIN_BT,VINMODYR,VIN_LNGT,VIN_WGT,WGTCD_TR,WHLBS_LG,WHLBS_SH,SER_TR,FUELCODE,MCYCL_DS,CARBUR,CYLINDER,DISPLACE,MCYCL_CY,MCYCL_WT,TIRE_SZE,TON_RAT,TRK_WT,TRKWTVAR,VIN_REST,WHLDRWHL,Year
1690,2015040248,4,40248,1,1,2,12,4,17,50,35,0,1,0,46,1,12,481,12481,31,2005,1FTPW12575FB,1,F,T,P,W,1,2,5,7,5,F,B,1,1,0,Not Applicable,Not Applicable,0,0,0,1,0,0,0,0,0,0,0,65,0,1,5,98,6,2,1,0,0,0,1,46,29936,6,1,0,0,3,3,62,168,0,0,0,0,0,0,0,0,0,4,88,0,0,0,2,2,75,1,6,2,1,0,0,1,6,2,3,4,2,,,,1,0,,,,,,,,,,,,,,,,,,,,,,,,,2015
1691,2015040249,4,40249,1,2,2,16,4,14,5,12,6,1,0,4,4,6,51,6051,4,2015,2C3CCAAG4FH7,2,C,3,C,C,A,A,G,4,F,H,7,0,0,0,Not Applicable,Not Applicable,0,0,0,1,0,0,0,0,0,0,0,10,0,0,0,63,6,2,12,0,0,0,1,55,53590,6,1,0,0,3,0,75,220,0,0,0,0,0,0,0,0,0,0,27,91,0,0,2,2,65,3,1,2,1,0,0,11,15,99,1,1,72,,,,1,0,,,,,,,,,,,,,,,,,,,,,,,,,2015
1692,2015040249,4,40249,2,2,2,16,4,14,5,12,6,1,0,4,1,20,2,20002,4,2011,2G1WF5EK5B13,2,G,1,W,F,5,E,K,5,B,1,3,0,0,0,Not Applicable,Not Applicable,0,0,0,1,0,0,0,0,0,0,0,65,0,0,0,12,6,2,12,0,0,0,1,4,86040,1,1,0,0,2,0,63,165,0,7,0,10,0,2,2011,2,2015,0,0,0,0,0,2,2,65,3,1,2,1,0,0,14,61,9,1,1,73,,,,0,0,,,,,,,,,,,,,,,,,,,,,,,,,2015
1693,2015040250,4,40250,1,3,1,23,4,11,42,12,1,1,0,4,1,35,443,35443,20,2007,5N1BV28U77N1,5,N,1,B,V,2,8,U,7,7,N,1,0,0,0,Not Applicable,Not Applicable,0,0,0,1,0,0,0,0,0,0,0,998,0,0,0,12,6,2,12,0,0,0,1,4,85139,1,1,0,0,2,0,68,195,1,9,0,1,3,5,2010,11,2011,4,0,0,0,0,2,3,65,1,1,2,1,3,3,1,50,99,1,1,20,,,,1,1,,,,,,,,,,,,,,,,,,,,,,,,,2015
1694,2015040250,4,40250,2,3,1,23,4,11,42,12,1,1,0,18,3,84,884,84884,62,2013,1HTMMAAM5DH1,1,H,T,M,M,A,A,M,5,D,H,1,0,0,88,None,None,2,1,1,1,0,0,0,0,0,0,0,0,0,0,0,6,4,5,12,0,0,0,1,4,85051,6,1,0,0,3,3,65,170,0,0,0,0,0,0,0,0,0,0,0,0,0,0,2,3,65,1,1,2,1,3,3,5,53,1,1,1,21,,,,0,0,,,,,,,,,,,,,,,,,,,,,,,,,2015
1695,2015040250,4,40250,3,3,1,23,4,11,42,12,1,1,0,4,2,37,32,37032,4,2015,1HGCR2F37FA0,1,H,G,C,R,2,F,3,7,F,A,0,0,0,0,Not Applicable,Not Applicable,0,0,0,1,0,0,0,0,0,0,0,0,0,0,0,6,6,2,12,0,0,0,1,18,46219,1,7,0,0,2,0,74,132,0,1,0,0,3,8,2012,4,2013,0,0,0,0,0,2,3,65,1,1,2,1,3,3,5,53,1,1,1,98,,,,0,0,,,,,,,,,,,,,,,,,,,,,,,,,2015
1696,2015040251,4,40251,1,2,1,24,4,3,20,12,6,1,0,4,2,64,32,64032,4,2000,KLAJC52Z7YK5,K,L,A,J,C,5,2,Z,7,Y,K,5,0,0,0,Not Applicable,Not Applicable,0,0,0,1,0,0,0,0,0,0,0,999,3,0,0,12,6,2,12,0,0,0,1,8,80301,6,1,0,0,3,3,70,128,0,0,0,0,0,0,0,0,0,0,28,0,0,0,1,2,55,1,1,2,1,0,0,1,10,99,1,2,64,,,,1,0,,,,,,,,,,,,,,,,,,,,,,,,,2015
1697,2015040251,4,40251,2,2,1,24,4,3,20,12,6,1,0,41,3,51,884,51884,66,2006,4V4NC9TG96N4,4,V,4,N,C,9,T,G,9,6,N,4,1,1,57,00045225,5700045225,3,6,1,1,0,0,0,0,0,0,0,55,0,0,0,8,6,2,12,0,0,0,1,4,85234,6,1,6,0,3,0,64,205,0,2,0,0,0,1,2011,2,2011,0,0,0,0,0,1,2,55,1,1,2,1,0,0,1,62,7,1,3,65,,,,0,0,,,,,,,,,,,,,,,,,,,,,,,,,2015
1698,2015040252,4,40252,1,1,1,29,4,20,33,8,0,1,0,4,1,22,441,22441,20,2000,1GMDX03E8YD1,1,G,M,D,X,0,3,E,8,Y,D,1,0,0,0,Not Applicable,Not Applicable,0,0,0,1,0,0,0,0,0,0,0,30,0,0,0,12,4,3,8,0,0,0,1,4,86004,6,1,0,0,3,0,73,229,0,0,0,0,0,0,0,0,0,0,89,0,0,0,5,5,30,1,1,2,1,0,0,1,80,2,1,1,13,,,,0,0,,,,,,,,,,,,,,,,,,,,,,,,,2015
1699,2015040253,4,40253,1,1,1,6,1,99,99,99,99,1,0,99,9,99,709,99709,80,9999,Unknown,9,9,9,9,9,9,9,9,9,9,9,9,0,0,0,Not Applicable,Not Applicable,0,0,0,1,0,0,0,0,0,0,0,999,0,0,0,0,9,9,99,0,0,0,1,4,85648,6,1,0,0,3,0,74,185,0,0,0,0,0,0,0,0,0,9,99,99,99,99,9,9,99,9,9,2,99,99,9,99,99,99,9,9,99,,,,1,0,,,,,,,,,,,,,,,,,,,,,,,,,2015
1700,2015040254,4,40254,1,2,1,10,2,18,46,12,2,1,0,99,9,99,999,99999,99,9999,Unknown,9,9,9,9,9,9,9,9,9,9,9,9,0,0,0,Not Applicable,Not Applicable,0,0,0,1,0,0,0,0,0,0,0,999,0,0,0,12,9,9,12,0,0,0,1,4,86047,0,0,0,0,0,0,64,120,0,0,0,0,0,0,0,0,0,9,99,99,99,99,9,9,99,9,9,8,99,99,9,99,99,99,9,9,53,,,,1,0,,,,,,,,,,,,,,,,,,,,,,,,,2015
1701,2015040254,4,40254,2,2,1,10,2,18,46,12,2,1,9,99,9,99,999,99999,99,9999,Unknown,9,9,9,9,9,9,9,9,9,9,9,9,0,0,0,Not Applicable,Not Applicable,0,0,0,1,0,0,0,0,0,0,0,999,0,0,0,12,9,9,12,0,0,0,1,99,99999,9,9,99,9,9,9,999,999,99,99,99,99,99,99,9999,99,9999,9,99,99,99,99,9,9,99,9,9,8,99,99,9,99,99,99,9,9,53,,,,0,0,,,,,,,,,,,,,,,,,,,,,,,,,2015
1702,2015040257,4,40257,1,1,2,11,4,23,44,99,99,1,9,99,9,99,999,99999,99,9999,Unknown,9,9,9,9,9,9,9,9,9,9,9,9,0,0,0,Not Applicable,Not Applicable,0,0,0,1,0,0,0,0,0,0,0,999,0,0,0,99,9,9,99,0,0,0,1,99,99999,9,9,99,0,9,9,999,999,99,99,99,99,99,99,9999,99,9999,9,99,99,99,99,9,9,99,9,9,8,99,99,9,99,99,99,9,9,99,,,,1,0,,,,,,,,,,,,,,,,,,,,,,,,,2015
1703,2015040258,4,40258,1,1,99,12,4,23,34,8,0,1,1,99,9,99,999,99999,99,9999,Unknown,9,9,9,9,9,9,9,9,9,9,9,9,0,0,0,Not Applicable,Not Applicable,0,0,0,1,0,0,0,0,0,0,0,998,0,0,0,99,9,5,8,99,99,0,1,99,99999,9,9,99,0,9,9,999,999,99,99,99,99,99,99,9999,99,9999,9,99,99,99,99,1,2,98,1,1,8,1,0,0,99,80,99,9,9,13,,,,0,0,,,,,,,,,,,,,,,,,,,,,,,,,2015
1704,2015040259,4,40259,1,1,2,15,4,99,99,99,99,1,9,99,9,99,999,99999,99,9999,Unknown,9,9,9,9,9,9,9,9,9,9,9,9,0,0,0,Not Applicable,Not Applicable,0,0,0,1,0,0,0,0,0,0,0,999,0,0,0,99,9,9,99,0,0,0,1,99,99999,9,9,99,9,9,9,999,999,99,99,99,99,99,99,9999,99,9999,9,99,99,99,99,9,9,99,9,9,8,99,99,9,99,99,99,9,9,99,,,,1,0,,,,,,,,,,,,,,,,,,,,,,,,,2015
1705,2015040261,4,40261,1,1,1,15,4,20,14,33,0,1,0,35,1,37,32,37032,4,2010,1HGCP2F73AA1,1,H,G,C,P,2,F,7,3,A,A,1,0,0,0,Not Applicable,Not Applicable,0,0,0,1,0,0,0,0,0,0,0,50,0,0,0,12,6,2,42,0,0,1,1,35,87109,6,1,0,0,3,0,71,170,98,0,0,0,0,0,0,0,0,4,39,0,0,0,1,2,30,1,1,2,1,20,3,1,14,3,2,4,14,,,,1,0,,,,,,,,,,,,,,,,,,,,,,,,,2015
1706,2015040262,4,40262,1,4,1,16,4,19,56,8,0,1,0,4,2,20,481,20481,31,1997,1GCEC14W1VZ1,1,G,C,E,C,1,4,W,1,V,Z,1,0,0,0,Not Applicable,Not Applicable,0,0,0,1,0,0,0,0,0,0,0,39,0,0,0,61,2,5,8,0,0,0,1,4,85339,6,1,0,0,3,0,68,150,0,0,0,0,1,1,2012,1,2012,0,0,0,0,0,1,2,40,1,1,2,1,0,0,1,80,7,1,1,13,,,,0,0,,,,,,,,,,,,,,,,,,,,,,,,,2015
1707,2015040262,4,40262,2,4,2,16,4,19,56,8,0,1,0,4,1,7,482,7482,31,1999,1B7HC13Z4XJ6,1,B,7,H,C,1,3,Z,4,X,J,6,0,0,0,Not Applicable,Not Applicable,0,0,0,1,0,0,0,0,0,0,0,40,0,0,0,98,0,5,8,0,0,0,1,4,85351,6,1,0,0,3,0,77,315,0,0,0,0,0,0,0,0,0,0,89,0,0,0,1,2,40,1,1,2,1,0,0,1,80,1,1,1,98,,,,0,0,,,,,,,,,,,,,,,,,,,,,,,,,2015
1708,2015040262,4,40262,3,4,3,16,4,19,56,8,0,1,0,4,1,23,421,23421,15,2005,1GKEK13T55R1,1,G,K,E,K,1,3,T,5,5,R,1,0,0,0,Not Applicable,Not Applicable,0,0,0,1,0,0,0,0,0,0,0,40,0,0,0,98,0,5,8,0,0,0,1,4,85339,6,1,0,0,3,3,60,160,1,1,0,2,1,9,2010,6,2013,0,0,0,0,0,1,2,40,1,1,2,1,0,0,1,80,1,1,1,98,,,,0,0,,,,,,,,,,,,,,,,,,,,,,,,,2015
1709,2015040262,4,40262,4,4,2,16,4,19,56,8,0,1,0,4,1,20,403,20403,14,2003,1GNDT13S1322,1,G,N,D,T,1,3,S,1,3,2,2,0,0,0,Not Applicable,Not Applicable,0,0,0,1,0,0,0,0,0,0,0,40,0,0,0,98,0,5,8,0,0,0,1,4,85339,6,1,0,0,3,0,62,250,0,0,0,0,0,0,0,0,0,0,0,0,0,0,1,2,40,1,1,2,1,0,0,1,80,1,1,1,98,,,,0,0,,,,,,,,,,,,,,,,,,,,,,,,,2015
1710,2015040263,4,40263,1,1,1,18,4,19,34,8,0,1,0,4,1,23,481,23481,31,2002,2GTEC19V9213,2,G,T,E,C,1,9,V,9,2,1,3,0,0,0,Not Applicable,Not Applicable,0,0,0,1,0,0,0,0,0,0,0,998,0,0,0,12,2,9,8,0,0,0,1,4,85941,6,1,0,0,3,3,68,220,0,0,0,0,0,0,0,0,0,0,0,0,0,0,5,5,98,1,1,2,1,0,0,1,80,1,1,1,13,,,,0,0,,,,,,,,,,,,,,,,,,,,,,,,,2015
1711,2015040264,4,40264,1,1,2,19,4,17,44,1,0,1,0,4,2,72,706,72706,80,1996,1HD1BNL16TY0,1,H,D,1,B,N,L,1,6,T,Y,0,0,0,0,Not Applicable,Not Applicable,0,0,0,1,0,0,0,0,0,0,0,45,0,0,0,0,6,2,1,0,0,0,1,20,66509,6,1,0,0,3,0,70,190,1,0,0,0,0,10,2014,10,2014,0,0,0,0,0,1,2,50,3,1,2,1,0,0,14,13,99,1,4,3,,,,1,1,,,,,,,,,,,,,,,,,,,,,,,,,2015
1712,2015040265,4,40265,1,2,1,19,4,6,7,12,1,1,0,4,1,18,7,18007,4,2002,2G4WS52JX212,2,G,4,W,S,5,2,J,X,2,1,2,0,0,0,Not Applicable,Not Applicable,0,0,0,1,0,0,0,0,0,0,0,49,0,0,0,12,6,2,12,0,0,0,1,4,85040,1,1,0,0,2,0,68,265,0,2,0,1,1,6,2010,12,2013,4,0,0,0,0,2,2,45,1,1,2,1,0,0,1,50,99,1,1,20,,,,1,0,,,,,,,,,,,,,,,,,,,,,,,,,2015
1713,2015040265,4,40265,2,2,1,19,4,6,7,12,1,1,0,4,3,98,988,98988,52,2007,5FYD4FV107C0,5,F,Y,D,4,F,V,1,0,7,C,0,0,0,57,505166,57505166,2,21,22,1,0,0,0,0,6,3,0,0,0,0,0,6,6,2,12,0,0,0,1,4,85035,6,1,6,3,3,0,70,146,0,1,0,1,1,4,2011,6,2012,0,0,0,0,0,2,2,45,1,1,2,1,0,0,5,53,1,1,1,21,,,,0,0,,,,,,,,,,,,,,,,,,,,,,,,,2015
1714,2015040266,4,40266,1,1,3,19,4,23,26,31,0,1,0,4,2,63,34,63034,4,2002,KNAGD1261251,K,N,A,G,D,1,2,6,1,2,5,1,0,0,0,Not Applicable,Not Applicable,0,0,0,1,0,0,0,0,0,0,0,25,0,1,6,62,6,2,1,0,0,0,1,4,85031,0,0,0,0,0,0,63,135,0,0,0,0,0,0,0,0,0,4,91,0,0,0,1,2,25,1,1,2,1,0,0,1,12,1,1,4,6,,,,1,1,,,,,,,,,,,,,,,,,,,,,,,,,2015
1715,2015040268,4,40268,1,1,2,23,4,14,26,31,0,1,0,4,1,35,47,35047,4,2015,1N4AL3AP2FN3,1,N,4,A,L,3,A,P,2,F,N,3,0,0,0,Not Applicable,Not Applicable,0,0,0,1,0,0,0,0,0,0,0,998,0,0,0,12,6,2,14,0,0,1,1,4,85382,6,1,0,0,3,3,72,195,1,0,0,0,0,7,2010,7,2010,4,89,0,0,0,1,2,30,3,1,2,1,0,0,14,13,99,1,4,1,,,,1,0,,,,,,,,,,,,,,,,,,,,,,,,,2015
1716,2015040269,4,40269,1,2,2,24,4,15,21,12,6,1,0,4,2,12,481,12481,31,2003,1FTRW07L33KC,1,F,T,R,W,0,7,L,3,3,K,C,0,0,0,Not Applicable,Not Applicable,0,0,0,1,0,0,0,0,0,0,0,50,0,0,0,81,6,2,12,0,0,0,1,4,85340,0,0,0,0,0,0,71,140,1,9,1,0,0,6,2010,9,2013,4,39,0,0,0,2,3,45,1,1,2,1,2,3,1,17,99,1,1,69,,,,1,1,,,,,,,,,,,,,,,,,,,,,,,,,2015
1717,2015040269,4,40269,2,2,3,24,4,15,21,12,6,1,0,4,2,52,401,52401,14,2003,JA4NW31S13J0,J,A,4,N,W,3,1,S,1,3,J,0,0,0,0,Not Applicable,Not Applicable,0,0,0,1,0,0,0,0,0,0,0,10,0,0,0,12,6,2,12,0,0,0,1,4,85041,6,1,0,0,3,3,72,185,0,0,0,0,0,0,0,0,0,0,0,0,0,0,2,3,45,1,1,2,1,2,3,11,63,99,1,1,68,,,,0,0,,,,,,,,,,,,,,,,,,,,,,,,,2015
1718,2015040270,4,40270,1,2,3,24,4,16,18,12,6,1,0,4,2,21,21,21021,4,2001,1G3NL52T91C2,1,G,3,N,L,5,2,T,9,1,C,2,0,0,0,Not Applicable,Not Applicable,0,0,0,1,0,0,0,0,0,0,0,25,0,0,0,9,6,2,12,0,0,0,1,4,85043,6,1,0,0,3,0,59,104,0,0,0,0,0,0,0,0,0,0,39,0,0,0,1,2,25,1,1,2,1,20,3,1,17,99,1,1,89,,,,1,0,,,,,,,,,,,,,,,,,,,,,,,,,2015
1719,2015040270,4,40270,2,2,1,24,4,16,18,12,6,1,0,4,1,12,471,12471,30,2000,1FTZR15X4YPB,1,F,T,Z,R,1,5,X,4,Y,P,B,0,0,0,Not Applicable,Not Applicable,0,0,0,1,0,0,0,0,0,0,0,50,0,0,0,12,6,2,12,0,0,0,1,4,85037,6,1,0,0,3,0,71,220,0,0,0,0,0,0,0,0,0,0,0,0,0,0,1,2,50,1,1,2,1,0,0,1,66,99,1,1,88,,,,0,0,,,,,,,,,,,,,,,,,,,,,,,,,2015
1720,2015040271,4,40271,1,1,1,25,4,1,5,8,0,1,0,4,1,49,32,49032,4,2006,1NXBR32E56Z5,1,N,X,B,R,3,2,E,5,6,Z,5,0,0,0,Not Applicable,Not Applicable,0,0,0,1,0,0,0,0,0,0,0,23,0,0,0,12,2,5,8,0,0,0,1,4,85029,6,1,0,0,3,3,71,185,0,0,0,0,0,0,0,0,0,0,0,0,0,0,1,7,40,1,1,2,1,3,3,1,80,99,1,1,13,,,,0,0,,,,,,,,,,,,,,,,,,,,,,,,,2015
1721,2015040272,4,40272,1,1,1,25,4,7,48,14,0,1,0,4,2,73,703,73703,80,2014,JKAEX8A15EA0,J,K,A,E,X,8,A,1,5,E,A,0,0,0,0,Not Applicable,Not Applicable,0,0,0,1,0,0,0,0,0,0,0,45,0,0,0,12,6,2,14,0,0,0,1,4,85303,6,1,0,0,3,0,66,220,1,2,0,3,0,11,2010,12,2012,4,29,34,0,0,3,2,45,1,5,2,1,0,0,6,11,99,1,4,11,,,,1,0,,,,,,,,,,,,,,,,,,,,,,,,,2015
1722,2015040273,4,40273,1,2,1,25,4,15,8,12,6,1,0,4,3,82,881,82881,66,2005,1FUJA6CK25PV,1,F,U,J,A,6,C,K,2,5,P,V,0,0,99,Unknown,Unknown,3,5,96,1,0,0,0,0,0,0,0,10,0,0,0,83,2,5,12,0,0,0,1,4,85204,6,1,6,0,3,0,67,198,0,2,0,1,2,9,2010,1,2013,0,38,0,0,0,2,3,40,1,1,2,1,0,0,11,15,1,1,1,68,,,,0,0,,,,,,,,,,,,,,,,,,,,,,,,,2015
1723,2015040273,4,40273,2,2,1,25,4,15,8,12,6,1,0,4,2,72,706,72706,80,2008,1HD1FC4118Y7,1,H,D,1,F,C,4,1,1,8,Y,7,0,0,0,Not Applicable,Not Applicable,0,0,0,1,0,0,0,0,0,0,0,14,0,0,0,12,6,2,12,0,0,0,1,4,85302,6,1,0,0,3,0,72,190,0,0,0,0,0,0,0,0,0,0,0,0,0,0,1,6,40,1,1,2,1,0,0,1,62,99,9,3,69,,,,1,0,,,,,,,,,,,,,,,,,,,,,,,,,2015
1724,2015040274,4,40274,1,2,5,30,4,18,22,12,6,1,0,4,1,20,421,20421,15,2000,1GNEK13TXYJ1,1,G,N,E,K,1,3,T,X,Y,J,1,0,0,0,Not Applicable,Not Applicable,0,0,0,1,0,0,0,0,0,0,0,15,0,0,0,82,6,2,12,0,0,0,1,4,85033,6,1,0,0,3,0,64,160,0,0,0,0,0,0,0,0,0,0,38,0,0,0,5,5,40,1,1,2,1,0,0,11,15,99,1,1,68,,,,0,0,,,,,,,,,,,,,,,,,,,,,,,,,2015
1725,2015040274,4,40274,2,2,1,30,4,18,22,12,6,1,0,4,2,76,709,76709,80,1993,JYA4DUC03PA0,J,Y,A,4,D,U,C,0,3,P,A,0,0,0,0,Not Applicable,Not Applicable,0,0,0,1,0,0,0,0,0,0,0,43,0,0,0,12,6,2,12,0,0,0,1,4,85019,6,1,0,0,3,0,72,225,0,3,0,2,1,10,2010,12,2013,0,0,0,0,0,5,5,40,1,1,2,1,0,0,1,62,99,9,3,69,,,,1,0,,,,,,,,,,,,,,,,,,,,,,,,,2015
1726,2015040275,4,40275,1,1,1,28,3,10,53,99,0,1,0,99,9,99,709,99709,80,9999,Unknown,9,9,9,9,9,9,9,9,9,9,9,9,0,0,0,Not Applicable,Not Applicable,0,0,0,1,0,0,0,0,0,0,0,999,0,0,0,0,9,9,99,0,0,0,1,4,85123,6,1,0,0,2,0,75,550,0,0,0,0,0,0,0,0,0,9,99,99,99,99,9,9,99,9,9,2,99,0,0,99,99,99,9,9,99,,,,1,1,,,,,,,,,,,,,,,,,,,,,,,,,2015
1727,2015040276,4,40276,1,1,1,1,5,7,11,1,0,1,0,4,1,37,33,37033,2,1997,JHMBB6140VC0,J,H,M,B,B,6,1,4,0,V,C,0,0,0,0,Not Applicable,Not Applicable,0,0,0,1,0,0,0,0,0,0,0,80,0,1,5,0,6,2,1,0,0,1,1,4,85043,6,1,0,0,3,0,73,155,0,2,0,1,0,7,2014,2,2015,4,0,0,0,0,3,6,65,1,1,2,1,0,0,15,6,99,9,4,2,,,,1,0,,,,,,,,,,,,,,,,,,,,,,,,,2015
1728,2015040277,4,40277,1,2,2,1,5,20,12,12,2,1,0,4,1,22,18,22018,4,2002,1G2NF52F22C3,1,G,2,N,F,5,2,F,2,2,C,3,0,0,0,Not Applicable,Not Applicable,0,0,0,1,0,0,0,0,0,0,0,998,0,0,0,12,6,2,12,0,0,0,1,4,85119,6,1,0,0,3,0,63,125,0,0,0,1,0,1,2015,1,2015,4,28,0,0,0,5,5,40,1,1,2,1,0,0,1,6,99,9,2,50,,,,0,0,,,,,,,,,,,,,,,,,,,,,,,,,2015
1729,2015040277,4,40277,2,2,4,1,5,20,12,12,2,1,0,27,1,6,441,6441,20,2010,2A4RR5D12AR1,2,A,4,R,R,5,D,1,2,A,R,1,0,0,0,Not Applicable,Not Applicable,0,0,0,1,0,0,0,0,0,0,0,998,0,0,0,12,6,2,12,0,0,0,1,27,56072,6,1,0,0,3,0,67,212,0,0,0,0,0,0,0,0,0,0,0,0,0,0,5,5,40,1,1,2,1,0,0,1,62,99,1,1,51,,,,1,0,,,,,,,,,,,,,,,,,,,,,,,,,2015
1730,2015040278,4,40278,1,1,1,2,5,8,17,1,0,1,0,4,1,37,703,37703,88,1986,JH2MF0116GK1,J,H,2,M,F,0,1,1,6,G,K,1,0,0,0,Not Applicable,Not Applicable,0,0,0,1,0,0,0,0,0,0,0,35,0,0,0,0,6,2,1,0,0,0,1,4,85710,6,1,0,0,3,3,67,210,0,0,0,0,0,0,0,0,0,0,80,0,0,0,2,2,40,1,1,8,1,0,0,1,1,99,1,1,98,,,,1,0,,,,,,,,,,,,,,,,,,,,,,,,,2015
1731,2015040279,4,40279,1,1,7,3,5,19,34,1,0,1,0,4,1,12,423,12423,16,2000,1FMNU43S7YEC,1,F,M,N,U,4,3,S,7,Y,E,C,0,0,0,Not Applicable,Not Applicable,0,0,0,1,0,0,0,0,0,0,0,75,0,1,3,0,6,2,1,0,0,0,1,4,85008,6,1,0,0,3,0,66,250,0,0,0,0,0,0,0,0,0,0,80,0,0,0,2,2,75,1,1,2,1,0,0,1,1,99,9,4,7,,,,1,0,,,,,,,,,,,,,,,,,,,,,,,,,2015
1732,2015040280,4,40280,1,1,1,6,5,22,15,33,0,1,0,4,1,37,705,37705,80,2006,JH2PC37086M3,J,H,2,P,C,3,7,0,8,6,M,3,0,0,0,Not Applicable,Not Applicable,0,0,0,1,0,0,0,0,0,0,0,998,0,0,0,12,6,2,42,0,0,0,1,4,85142,6,1,0,0,3,0,62,125,0,0,0,0,0,0,0,0,0,9,0,0,0,0,3,8,45,3,1,8,1,0,0,14,9,99,9,4,2,,,,1,0,,,,,,,,,,,,,,,,,,,,,,,,,2015
1733,2015040281,4,40281,1,1,1,8,5,11,32,1,0,1,0,47,1,72,706,72706,80,1999,1HD1FRW12XY6,1,H,D,1,F,R,W,1,2,X,Y,6,0,0,0,Not Applicable,Not Applicable,0,0,0,1,0,0,0,0,0,0,0,55,0,0,0,0,6,2,1,32,0,0,1,47,37082,6,1,0,0,3,3,66,150,0,0,0,0,0,0,0,0,0,9,99,99,99,99,1,2,55,3,6,2,1,0,0,14,9,99,9,1,98,,,,1,0,,,,,,,,,,,,,,,,,,,,,,,,,2015
1734,2015040282,4,40282,1,1,1,8,5,12,28,1,0,1,0,4,1,72,706,72706,80,2011,1HD1FC418BB6,1,H,D,1,F,C,4,1,8,B,B,6,0,0,0,Not Applicable,Not Applicable,0,0,0,1,0,0,0,0,0,0,0,75,0,0,0,0,6,2,1,0,0,0,1,4,85344,6,1,0,0,3,0,72,270,0,0,0,0,0,0,0,0,0,9,99,99,99,99,2,2,65,1,1,2,1,0,0,1,9,99,9,4,2,,,,1,0,,,,,,,,,,,,,,,,,,,,,,,,,2015
1735,2015040283,4,40283,1,1,1,9,5,23,5,25,0,1,0,8,1,73,706,73706,80,2006,JKBZXNA196A0,J,K,B,Z,X,N,A,1,9,6,A,0,0,0,0,Not Applicable,Not Applicable,0,0,0,1,0,0,0,0,0,0,0,998,0,0,0,98,6,2,58,0,0,0,1,4,85119,6,1,0,0,3,0,72,220,0,0,0,0,1,7,2014,7,2014,4,34,0,0,0,6,2,45,3,5,2,1,40,3,6,13,99,1,4,1,,,,1,1,,,,,,,,,,,,,,,,,,,,,,,,,2015
1736,2015040284,4,40284,1,1,2,11,5,2,52,8,0,1,0,4,1,63,401,63401,14,2012,KNDPC3A20C72,K,N,D,P,C,3,A,2,0,C,7,2,0,0,0,Not Applicable,Not Applicable,0,0,0,1,0,0,0,0,0,0,0,45,0,0,0,12,2,3,8,0,0,0,1,4,85255,6,1,0,0,3,0,72,220,0,0,0,0,0,0,0,0,0,0,0,0,0,0,5,8,45,1,1,8,1,0,0,1,80,98,1,1,13,,,,0,0,,,,,,,,,,,,,,,,,,,,,,,,,2015
1737,2015040286,4,40286,1,1,1,12,5,14,17,33,0,1,0,4,1,24,7,24007,4,2003,1G8AG52F63Z1,1,G,8,A,G,5,2,F,6,3,Z,1,0,0,0,Not Applicable,Not Applicable,0,0,0,1,0,0,0,0,0,0,0,998,0,1,5,81,6,2,1,0,0,0,1,4,85374,6,1,0,0,3,0,67,170,0,2,0,0,0,11,2014,11,2014,4,99,99,99,99,2,3,40,1,1,8,1,0,0,1,9,99,4,4,7,,,,1,0,,,,,,,,,,,,,,,,,,,,,,,,,2015
1738,2015040287,4,40287,1,1,1,13,5,1,20,33,0,1,0,4,2,63,38,63038,2,2012,KNAFU6A21C56,K,N,A,F,U,6,A,2,1,C,5,6,0,0,0,Not Applicable,Not Applicable,0,0,0,1,0,0,0,0,0,0,0,30,0,1,4,12,6,2,2,0,0,1,1,4,85339,6,1,0,0,3,3,61,103,0,0,0,0,0,0,0,0,0,0,39,0,0,0,1,3,35,1,1,2,1,20,3,1,17,99,9,4,14,,,,1,1,,,,,,,,,,,,,,,,,,,,,,,,,2015
1739,2015040288,4,40288,1,1,1,13,5,22,3,1,0,1,0,4,1,72,706,72706,80,2007,1HD1PR8357Y9,1,H,D,1,P,R,8,3,5,7,Y,9,0,0,0,Not Applicable,Not Applicable,0,0,0,1,0,0,0,0,0,0,0,40,0,0,0,0,2,3,1,0,0,0,1,4,85225,6,1,0,0,3,0,70,270,0,0,0,0,0,0,0,0,0,0,84,0,0,0,2,2,45,1,1,8,1,3,3,1,62,3,2,1,98,,,,1,0,,,,,,,,,,,,,,,,,,,,,,,,,2015