index,accident_id,STATE,ST_CASE,VEH_NO,VE_FORMS,NUMOCCS,DAY,MONTH,HOUR,MINUTE,HARM_EV,MAN_COLL,UNITTYPE,HIT_RUN,REG_STAT,OWNER,MAKE,MODEL,MAK_MOD,BODY_TYP,MOD_YEAR,VIN,VIN_1,VIN_2,VIN_3,VIN_4,VIN_5,VIN_6,VIN_7,VIN_8,VIN_9,VIN_10,VIN_11,VIN_12,TOW_VEH,J_KNIFE,MCARR_I1,MCARR_I2,MCARR_ID,GVWR,V_CONFIG,CARGO_BT,HAZ_INV,HAZ_PLAC,HAZ_ID,HAZ_CNO,HAZ_REL,BUS_USE,SPEC_USE,EMER_USE,TRAV_SP,UNDERIDE,ROLLOVER,ROLINLOC,IMPACT1,DEFORMED,TOWED,M_HARM,VEH_SC1,VEH_SC2,FIRE_EXP,DR_PRES,L_STATE,DR_ZIP,L_STATUS,L_TYPE,CDL_STAT,L_ENDORS,L_COMPL,L_RESTRI,DR_HGT,DR_WGT,PREV_ACC,PREV_SUS,PREV_DWI,PREV_SPD,PREV_OTH,FIRST_MO,FIRST_YR,LAST_MO,LAST_YR,SPEEDREL,DR_SF1,DR_SF2,DR_SF3,DR_SF4,VTRAFWAY,VNUM_LAN,VSPD_LIM,VALIGN,VPROFILE,VPAVETYP,VSURCOND,VTRAFCON,VTCONT_F,P_CRASH1,P_CRASH2,P_CRASH3,PCRASH4,PCRASH5,ACC_TYPE,TRLR1VIN,TRLR2VIN,TRLR3VIN,DEATHS,DR_DRINK,VINTYPE,VINMAKE,VINA_MOD,VIN_BT,VINMODYR,VIN_LNGT,VIN_WGT,WGTCD_TR,WHLBS_LG,WHLBS_SH,SER_TR,FUELCODE,MCYCL_DS,CARBUR,CYLINDER,DISPLACE,MCYCL_CY,MCYCL_WT,TIRE_SZE,TON_RAT,TRK_WT,TRKWTVAR,VIN_REST,WHLDRWHL,Year
1840,2015040358,4,40358,1,1,1,4,6,1,53,8,0,1,1,4,1,12,17,12017,4,2005,1FAFP532X5A1,1,F,A,F,P,5,3,2,X,5,A,1,0,0,0,Not Applicable,Not Applicable,0,0,0,1,0,0,0,0,0,0,0,40,0,0,0,12,2,5,8,0,0,0,1,4,85015,6,1,0,0,3,0,63,144,0,0,0,0,0,0,0,0,0,0,91,0,0,0,5,7,40,1,1,2,1,0,0,1,80,1,1,1,13,,,,0,0,,,,,,,,,,,,,,,,,,,,,,,,,2015
1841,2015040359,4,40359,1,2,1,4,6,10,10,1,0,1,0,12,4,72,706,72706,80,2013,1HD1KBM1XDB6,1,H,D,1,K,B,M,1,X,D,B,6,0,0,0,Not Applicable,Not Applicable,0,0,0,1,0,0,0,0,0,0,0,55,0,0,0,0,6,2,1,0,0,0,1,97,0,9,9,99,0,9,9,999,999,99,99,99,99,99,99,9999,99,9999,4,0,0,0,0,1,2,45,2,3,2,1,0,0,14,10,99,1,2,98,,,,0,0,,,,,,,,,,,,,,,,,,,,,,,,,2015
1842,2015040359,4,40359,2,2,1,4,6,10,10,1,0,1,0,12,4,72,706,72706,80,2013,1HD1KEM16DB6,1,H,D,1,K,E,M,1,6,D,B,6,0,0,0,Not Applicable,Not Applicable,0,0,0,1,0,0,0,0,0,0,0,55,0,0,0,12,6,2,35,0,0,0,1,97,0,9,9,99,0,9,9,70,185,99,99,99,99,99,99,9999,99,9999,4,99,99,99,99,1,2,45,2,3,2,1,0,0,14,12,99,1,4,98,,,,1,0,,,,,,,,,,,,,,,,,,,,,,,,,2015
1843,2015040360,4,40360,1,3,1,6,6,4,46,12,7,1,0,4,1,19,3,19003,4,2002,1G6KD54Y12U2,1,G,6,K,D,5,4,Y,1,2,U,2,0,0,0,Not Applicable,Not Applicable,0,0,0,1,0,0,0,0,0,0,0,65,0,0,0,82,6,2,12,0,0,0,1,4,85297,6,1,0,0,3,0,72,180,1,3,1,1,0,10,2010,6,2014,0,0,0,0,0,3,6,65,1,1,2,1,0,0,15,11,1,1,2,48,,,,0,0,,,,,,,,,,,,,,,,,,,,,,,,,2015
1844,2015040360,4,40360,2,3,1,6,6,4,46,12,7,1,0,4,1,73,706,73706,80,2005,JKAZXCC125A0,J,K,A,Z,X,C,C,1,2,5,A,0,0,0,0,Not Applicable,Not Applicable,0,0,0,1,0,0,0,0,0,0,0,998,0,0,0,61,6,2,12,0,0,0,1,4,85006,6,1,0,0,2,0,71,200,0,0,0,0,0,0,0,0,0,0,99,99,99,99,3,6,65,1,1,2,1,0,0,15,60,99,9,3,48,,,,1,0,,,,,,,,,,,,,,,,,,,,,,,,,2015
1845,2015040360,4,40360,3,3,1,6,6,4,46,12,7,1,0,4,1,6,43,6043,4,2005,1C3AL46J25N5,1,C,3,A,L,4,6,J,2,5,N,5,0,0,0,Not Applicable,Not Applicable,0,0,0,1,0,0,0,0,0,0,0,35,0,0,0,14,2,5,54,0,0,0,1,4,85210,6,1,0,0,3,0,61,170,0,0,0,0,0,0,0,0,0,0,0,0,0,0,6,1,65,1,1,2,1,0,0,1,90,1,1,1,98,,,,0,0,,,,,,,,,,,,,,,,,,,,,,,,,2015
1846,2015040361,4,40361,1,1,2,6,6,16,17,35,0,1,0,4,2,59,31,59031,4,2007,JTHBJ46G4720,J,T,H,B,J,4,6,G,4,7,2,0,0,0,0,Not Applicable,Not Applicable,0,0,0,1,0,0,0,0,0,0,0,60,0,0,0,12,6,2,35,0,0,0,1,4,85250,6,1,0,0,3,0,64,140,0,0,0,0,0,0,0,0,0,4,0,0,0,0,2,2,55,2,6,2,1,0,0,14,6,99,3,4,2,,,,1,0,,,,,,,,,,,,,,,,,,,,,,,,,2015
1847,2015040362,4,40362,1,1,1,6,6,20,1,1,0,1,0,4,1,58,37,58037,4,2011,JN1CV6AR0BM4,J,N,1,C,V,6,A,R,0,B,M,4,0,0,0,Not Applicable,Not Applicable,0,0,0,1,0,0,0,0,0,0,0,998,0,1,5,0,6,2,1,0,0,0,1,4,85257,6,1,0,0,3,0,70,180,0,1,0,2,0,12,2010,12,2014,4,0,0,0,0,2,2,65,2,6,2,1,0,0,14,6,99,3,4,2,,,,1,0,,,,,,,,,,,,,,,,,,,,,,,,,2015
1848,2015040363,4,40363,1,1,1,6,6,20,14,8,0,1,0,4,2,7,482,7482,31,1995,3B7HC13Y5SM1,3,B,7,H,C,1,3,Y,5,S,M,1,0,0,0,Not Applicable,Not Applicable,0,0,0,1,0,0,0,0,0,0,0,45,0,0,0,12,2,5,8,0,0,0,1,4,85941,6,1,0,0,3,0,68,238,0,2,0,1,1,1,2011,3,2014,0,0,0,0,0,5,5,45,1,1,2,1,0,0,1,80,99,1,1,13,,,,0,0,,,,,,,,,,,,,,,,,,,,,,,,,2015
1849,2015040364,4,40364,1,2,1,7,6,13,4,12,2,1,0,4,1,2,404,2404,14,1996,1J4FJ78S0TL2,1,J,4,F,J,7,8,S,0,T,L,2,0,0,0,Not Applicable,Not Applicable,0,0,0,1,0,0,0,0,0,0,0,50,0,0,0,12,6,2,12,0,0,0,1,4,86326,6,1,0,0,3,0,74,210,1,1,0,0,0,10,2012,4,2015,0,28,0,0,0,5,5,40,2,6,2,1,0,0,14,10,1,1,2,50,,,,0,0,,,,,,,,,,,,,,,,,,,,,,,,,2015
1850,2015040364,4,40364,2,2,3,7,6,13,4,12,2,1,0,4,2,49,46,49046,5,2015,JTDKN3DUXF04,J,T,D,K,N,3,D,U,X,F,0,4,0,0,0,Not Applicable,Not Applicable,0,0,0,1,0,0,0,0,0,0,0,998,0,0,0,12,6,2,12,0,0,0,1,4,85022,6,1,0,0,3,0,70,156,0,0,0,0,0,0,0,0,0,0,0,0,0,0,5,5,40,3,5,2,1,0,0,14,62,99,1,1,51,,,,3,0,,,,,,,,,,,,,,,,,,,,,,,,,2015
1851,2015040365,4,40365,1,2,1,7,6,16,10,12,2,1,0,4,1,20,9,20009,2,1994,2G1FP22S8R21,2,G,1,F,P,2,2,S,8,R,2,1,0,0,0,Not Applicable,Not Applicable,0,0,0,1,0,0,0,0,0,0,0,998,0,0,0,12,6,2,12,0,0,0,1,4,85204,6,1,0,0,3,3,72,120,0,1,0,1,1,8,2013,3,2014,0,28,0,0,0,1,2,45,1,1,2,1,0,0,1,10,99,1,2,50,,,,0,0,,,,,,,,,,,,,,,,,,,,,,,,,2015
1852,2015040365,4,40365,2,2,1,7,6,16,10,12,2,1,0,4,2,41,51,41051,4,2013,JM1BL1TG6D17,J,M,1,B,L,1,T,G,6,D,1,7,0,0,0,Not Applicable,Not Applicable,0,0,0,1,0,0,0,0,0,0,0,998,0,0,0,12,6,2,12,0,0,0,1,4,85119,1,1,0,0,2,0,72,190,0,2,0,0,0,8,2014,12,2014,0,0,0,0,0,1,2,45,1,1,2,1,0,0,1,62,99,1,1,51,,,,1,0,,,,,,,,,,,,,,,,,,,,,,,,,2015
1853,2015040366,4,40366,1,1,1,7,6,17,22,8,0,1,0,4,1,7,20,7020,4,2005,1B3ES56C75D2,1,B,3,E,S,5,6,C,7,5,D,2,0,0,0,Not Applicable,Not Applicable,0,0,0,1,0,0,0,0,0,0,0,55,0,0,0,12,6,2,8,0,0,0,1,21,42701,6,1,0,0,3,0,72,125,0,0,0,0,0,0,0,0,0,0,0,0,0,0,2,2,75,1,1,2,2,0,0,1,80,3,2,1,13,,,,0,0,,,,,,,,,,,,,,,,,,,,,,,,,2015
1854,2015040367,4,40367,1,2,1,7,6,17,59,1,0,1,0,4,1,35,50,35050,4,2014,3N1CN7AP2EL8,3,N,1,C,N,7,A,P,2,E,L,8,0,0,0,Not Applicable,Not Applicable,0,0,0,1,0,0,0,0,0,0,0,20,0,0,0,83,4,3,12,0,0,0,1,4,86314,6,1,0,0,3,3,64,145,0,0,0,2,0,10,2010,7,2014,0,38,48,0,0,2,2,50,2,6,2,1,0,0,11,10,1,1,4,98,,,,0,0,,,,,,,,,,,,,,,,,,,,,,,,,2015
1855,2015040367,4,40367,2,2,1,7,6,17,59,1,0,1,0,46,1,72,706,72706,80,2005,1HD1FBW145Y6,1,H,D,1,F,B,W,1,4,5,Y,6,0,0,0,Not Applicable,Not Applicable,0,0,0,1,0,0,0,0,0,0,0,50,0,0,0,0,6,2,12,0,0,0,1,46,57719,6,1,6,0,3,3,77,230,0,0,0,0,1,4,2015,4,2015,0,0,0,0,0,2,2,50,3,5,2,1,0,0,14,62,3,2,1,98,,,,1,0,,,,,,,,,,,,,,,,,,,,,,,,,2015
1856,2015040368,4,40368,1,1,1,8,6,1,30,35,0,1,0,4,1,12,442,12442,20,1999,2FMZA514XXBC,2,F,M,Z,A,5,1,4,X,X,B,C,0,0,0,Not Applicable,Not Applicable,0,0,0,1,0,0,0,0,0,0,0,65,0,1,5,12,6,2,35,0,0,0,1,4,86020,6,1,0,0,3,3,63,195,0,0,0,0,0,0,0,0,0,9,99,99,99,99,1,2,65,2,1,2,1,0,0,14,12,7,3,4,7,,,,1,0,,,,,,,,,,,,,,,,,,,,,,,,,2015
1857,2015040369,4,40369,1,1,1,8,6,5,4,9,0,1,0,4,1,12,880,12880,67,2014,1FT8W3BT4EEA,1,F,T,8,W,3,B,T,4,E,E,A,0,0,88,None,None,2,1,97,1,0,0,0,0,0,0,0,85,0,0,0,82,2,3,9,0,0,0,1,4,86020,6,1,0,0,3,0,70,205,0,0,0,0,0,0,0,0,0,3,91,0,0,0,1,2,65,1,1,2,1,0,0,1,11,99,1,4,13,,,,0,0,,,,,,,,,,,,,,,,,,,,,,,,,2015
1858,2015040370,4,40370,1,2,3,8,6,7,5,12,6,1,1,4,2,23,481,23481,31,2004,2GTEC19V6411,2,G,T,E,C,1,9,V,6,4,1,1,1,1,0,Not Applicable,Not Applicable,0,0,0,1,0,0,0,0,0,0,0,5,0,0,0,4,2,3,12,0,0,0,1,4,85023,0,0,0,0,0,0,999,999,0,6,0,1,1,4,2013,5,2013,0,38,48,0,0,2,4,40,1,1,2,1,3,3,11,15,99,1,1,68,,,,0,0,,,,,,,,,,,,,,,,,,,,,,,,,2015
1859,2015040370,4,40370,2,2,1,8,6,7,5,12,6,1,0,4,1,34,706,34706,80,2013,WB104400XDZW,W,B,1,0,4,4,0,0,X,D,Z,W,0,0,0,Not Applicable,Not Applicable,0,0,0,1,0,0,0,0,0,0,0,40,0,0,0,12,6,2,12,0,0,0,1,4,85258,6,1,0,0,3,3,71,165,0,0,0,0,0,0,0,0,0,0,89,0,0,0,2,5,40,1,1,2,1,3,3,1,62,99,9,1,69,,,,1,0,,,,,,,,,,,,,,,,,,,,,,,,,2015
1860,2015040371,4,40371,1,1,1,8,6,21,46,33,0,1,0,4,2,53,705,53705,80,2006,JS1VP53A6621,J,S,1,V,P,5,3,A,6,6,2,1,0,0,0,Not Applicable,Not Applicable,0,0,0,1,0,0,0,0,0,0,0,40,0,0,0,98,6,2,42,0,0,0,1,4,86314,6,1,0,0,3,3,68,180,0,0,0,1,1,8,2011,1,2014,4,0,0,0,0,2,2,30,1,1,8,1,0,0,15,12,99,1,4,6,,,,1,0,,,,,,,,,,,,,,,,,,,,,,,,,2015
1861,2015040372,4,40372,1,1,3,9,6,18,12,1,0,1,0,4,2,20,421,20421,15,2003,1GNEC13Z73J3,1,G,N,E,C,1,3,Z,7,3,J,3,0,0,0,Not Applicable,Not Applicable,0,0,0,1,0,0,0,0,0,0,0,65,0,1,5,0,6,2,1,0,0,0,1,4,86054,1,1,0,0,2,3,64,232,0,5,0,0,0,9,2010,7,2011,4,58,0,0,0,2,2,75,1,1,2,1,0,0,15,6,6,3,4,2,,,,1,0,,,,,,,,,,,,,,,,,,,,,,,,,2015
1862,2015040373,4,40373,1,1,2,11,6,10,54,42,0,1,0,6,1,98,850,98850,65,2001,1RF120413120,1,R,F,1,2,0,4,1,3,1,2,0,6,1,0,Not Applicable,Not Applicable,0,0,0,1,0,0,0,0,0,0,0,75,0,1,5,12,6,2,42,0,0,0,1,6,90720,6,1,0,0,3,0,70,170,0,0,0,0,0,0,0,0,0,4,0,0,0,0,2,2,75,1,6,2,1,0,0,1,13,99,1,4,1,,,,1,0,,,,,,,,,,,,,,,,,,,,,,,,,2015
1863,2015040374,4,40374,1,1,2,12,6,0,43,1,0,1,0,49,3,87,881,87881,66,2015,1XPCD40XXFD2,1,X,P,C,D,4,0,X,X,F,D,2,2,1,57,0231508,570231508,3,7,2,1,0,0,0,0,0,0,0,65,0,1,3,0,6,2,1,0,0,0,1,32,89130,6,1,6,0,3,3,71,190,0,0,0,1,0,10,2010,10,2010,0,0,0,0,0,2,2,75,2,1,2,1,0,0,14,12,99,9,4,6,,,,1,0,,,,,,,,,,,,,,,,,,,,,,,,,2015
1864,2015040375,4,40375,1,1,1,12,6,4,30,1,0,1,0,53,3,82,881,82881,66,2000,1FUY3MDB0YPG,1,F,U,Y,3,M,D,B,0,Y,P,G,1,1,57,00027935,5700027935,3,6,3,1,0,0,0,0,0,0,0,998,0,1,5,0,6,2,1,0,0,0,1,4,85364,6,1,6,0,3,0,71,245,0,0,0,0,0,0,0,0,0,4,0,0,0,0,2,2,75,1,1,2,1,0,0,1,12,6,1,4,6,,,,1,0,,,,,,,,,,,,,,,,,,,,,,,,,2015
1865,2015040376,4,40376,1,1,5,13,6,7,32,1,0,1,0,4,2,7,402,7402,14,2002,1B4HS48N72F1,1,B,4,H,S,4,8,N,7,2,F,1,0,0,0,Not Applicable,Not Applicable,0,0,0,1,0,0,0,0,0,0,0,998,0,1,5,0,6,2,1,0,0,0,1,4,85550,6,1,0,0,3,0,69,213,0,0,0,0,0,0,0,0,0,5,58,0,0,0,1,2,98,1,8,8,98,0,0,1,13,99,9,4,5,,,,2,1,,,,,,,,,,,,,,,,,,,,,,,,,2015
1866,2015040377,4,40377,1,2,1,13,6,9,0,12,6,1,0,4,1,18,22,18022,4,2006,2G4WC5526611,2,G,4,W,C,5,5,2,6,6,1,1,0,0,0,Not Applicable,Not Applicable,0,0,0,1,0,0,0,0,0,0,0,7,0,0,0,9,6,2,12,0,0,0,1,4,85939,6,1,0,0,3,3,73,220,0,0,0,0,0,0,0,0,0,0,38,48,0,0,0,0,0,0,0,0,0,0,0,11,15,99,1,1,82,,,,1,0,,,,,,,,,,,,,,,,,,,,,,,,,2015
1867,2015040377,4,40377,2,2,1,13,6,9,0,12,6,1,0,4,1,7,482,7482,31,1999,1B7KF2367XJ5,1,B,7,K,F,2,3,6,7,X,J,5,0,0,0,Not Applicable,Not Applicable,0,0,0,1,0,0,0,0,0,0,0,40,0,0,0,12,6,2,12,0,0,0,1,4,85937,6,1,0,0,3,0,74,200,0,0,0,0,0,0,0,0,0,0,0,0,0,0,5,5,40,1,1,2,1,0,0,1,72,1,1,1,83,,,,0,0,,,,,,,,,,,,,,,,,,,,,,,,,2015
1868,2015040378,4,40378,1,1,1,14,6,21,26,1,0,1,0,4,1,20,481,20481,31,2007,2GCEC13V8711,2,G,C,E,C,1,3,V,8,7,1,1,0,0,0,Not Applicable,Not Applicable,0,0,0,1,0,0,0,0,0,0,0,998,0,1,5,0,6,2,1,0,0,0,1,4,86047,6,1,0,0,3,3,72,230,0,1,0,4,1,7,2010,5,2013,4,0,0,0,0,1,2,55,1,1,2,1,0,0,1,13,99,4,4,7,,,,1,1,,,,,,,,,,,,,,,,,,,,,,,,,2015
1869,2015040379,4,40379,1,2,4,18,6,11,9,12,6,1,0,24,2,37,421,37421,15,2015,5FNYF3H20FB0,5,F,N,Y,F,3,H,2,0,F,B,0,0,0,0,Not Applicable,Not Applicable,0,0,0,1,0,0,0,0,0,0,0,10,0,0,0,63,6,2,12,0,0,0,1,10,19970,6,1,0,0,3,0,999,999,0,0,0,0,0,0,0,0,0,0,38,0,0,0,2,2,45,3,5,2,1,0,0,11,10,99,1,2,98,,,,1,0,,,,,,,,,,,,,,,,,,,,,,,,,2015
1870,2015040379,4,40379,2,2,2,18,6,11,9,12,6,1,0,6,1,12,880,12880,67,2004,1FTWW32P44EE,1,F,T,W,W,3,2,P,4,4,E,E,1,1,88,None,None,2,4,98,1,0,0,0,0,0,0,0,45,0,0,0,12,6,2,12,0,0,0,1,6,95038,6,1,6,0,3,3,70,185,0,0,0,0,0,0,0,0,0,0,0,0,0,0,2,2,45,3,5,2,1,0,0,14,61,4,1,1,98,,,,0,0,,,,,,,,,,,,,,,,,,,,,,,,,2015
1871,2015040380,4,40380,1,2,1,18,6,14,48,12,1,1,0,4,1,12,471,12471,30,1986,1FTBR10A1GUD,1,F,T,B,R,1,0,A,1,G,U,D,0,0,0,Not Applicable,Not Applicable,0,0,0,1,0,0,0,0,0,0,0,40,0,0,0,12,6,2,12,0,0,0,1,4,85043,6,1,0,0,3,0,67,125,0,0,0,1,2,12,2010,5,2014,4,0,0,0,0,1,5,45,1,1,8,1,3,3,1,52,99,1,1,28,,,,1,0,,,,,,,,,,,,,,,,,,,,,,,,,2015
1872,2015040380,4,40380,2,2,1,18,6,14,48,12,1,1,0,19,3,87,881,87881,66,2007,1XP5DB9X67D6,1,X,P,5,D,B,9,X,6,7,D,6,1,1,57,219943,57219943,3,6,8,1,0,0,0,0,0,0,0,3,0,0,0,6,6,2,12,0,0,0,1,19,51577,6,1,6,0,3,3,66,410,0,0,0,0,0,0,0,0,0,0,0,0,0,0,1,5,45,1,1,8,1,3,3,2,53,1,1,1,29,,,,0,0,,,,,,,,,,,,,,,,,,,,,,,,,2015
1873,2015040381,4,40381,1,2,2,19,6,13,38,12,1,1,0,4,1,55,36,55036,3,2007,KMHCM36C07U0,K,M,H,C,M,3,6,C,0,7,U,0,0,0,0,Not Applicable,Not Applicable,0,0,0,1,0,0,0,0,0,0,0,35,0,0,0,12,6,2,12,0,0,0,1,4,85327,6,1,0,0,3,0,66,145,0,0,0,0,0,0,0,0,0,0,26,0,0,0,2,3,35,1,1,2,1,0,0,1,50,4,1,1,20,,,,1,0,,,,,,,,,,,,,,,,,,,,,,,,,2015
1874,2015040381,4,40381,2,2,1,19,6,13,38,12,1,1,0,4,3,20,481,20481,31,2007,1GCHK24U07E1,1,G,C,H,K,2,4,U,0,7,E,1,0,0,0,Not Applicable,Not Applicable,0,0,0,1,0,0,0,0,0,0,0,0,0,0,0,6,2,5,12,0,0,0,1,4,85653,6,1,0,0,3,0,69,168,0,0,0,0,1,1,2011,1,2011,0,0,0,0,0,2,3,35,1,1,2,1,0,0,5,53,4,1,1,21,,,,0,0,,,,,,,,,,,,,,,,,,,,,,,,,2015
1875,2015040382,4,40382,1,1,1,19,6,16,57,14,0,1,0,4,1,2,403,2403,14,2008,1J4GA39148L6,1,J,4,G,A,3,9,1,4,8,L,6,0,0,0,Not Applicable,Not Applicable,0,0,0,1,0,0,0,0,0,0,0,66,0,0,0,62,6,2,14,0,0,0,1,4,86409,6,1,0,0,3,0,68,250,0,1,0,0,0,1,2014,1,2014,4,89,0,0,0,1,2,55,3,1,2,1,0,0,14,13,7,3,4,98,,,,1,1,,,,,,,,,,,,,,,,,,,,,,,,,2015
1876,2015040383,4,40383,1,1,1,21,6,1,35,8,0,1,0,4,1,63,33,63033,4,2007,KNAFE1223754,K,N,A,F,E,1,2,2,3,7,5,4,0,0,0,Not Applicable,Not Applicable,0,0,0,1,0,0,0,0,0,0,0,30,0,0,0,12,4,5,8,0,0,0,1,4,85367,6,1,0,0,3,3,72,200,0,0,0,0,0,0,0,0,0,0,89,0,0,0,2,3,40,2,1,2,1,0,0,15,80,98,1,2,13,,,,0,0,,,,,,,,,,,,,,,,,,,,,,,,,2015
1877,2015040384,4,40384,1,3,1,22,6,7,7,1,0,1,0,4,1,53,706,53706,80,2009,JS1VS56A4921,J,S,1,V,S,5,6,A,4,9,2,1,0,0,0,Not Applicable,Not Applicable,0,0,0,1,0,0,0,0,0,0,0,998,0,0,0,0,6,2,12,0,0,1,1,4,85207,6,1,6,0,3,0,72,210,0,2,0,0,0,9,2010,10,2010,4,0,0,0,0,3,6,65,1,6,2,1,0,0,1,52,3,1,1,98,,,,1,0,,,,,,,,,,,,,,,,,,,,,,,,,2015
1878,2015040384,4,40384,2,3,2,22,6,7,7,1,0,1,0,4,2,7,482,7482,31,2005,3D7LS38C75G8,3,D,7,L,S,3,8,C,7,5,G,8,1,1,0,Not Applicable,Not Applicable,0,0,0,1,0,0,0,0,0,0,0,55,0,0,0,12,6,2,12,0,0,1,1,4,85544,6,1,0,0,3,0,72,230,0,0,0,0,0,0,0,0,0,0,0,0,0,0,3,6,65,1,6,2,1,0,0,1,52,98,1,1,98,,,,0,0,,,,,,,,,,,,,,,,,,,,,,,,,2015
1879,2015040384,4,40384,3,3,1,22,6,7,7,1,0,1,0,4,1,7,422,7422,15,2007,1D8HB58P67F5,1,D,8,H,B,5,8,P,6,7,F,5,0,0,0,Not Applicable,Not Applicable,0,0,0,1,0,0,0,0,0,0,0,45,0,0,0,83,2,5,12,0,0,0,1,4,85140,6,1,0,0,3,0,64,170,0,1,0,1,0,12,2011,12,2011,0,0,0,0,0,3,6,65,1,6,2,1,0,0,2,53,99,1,1,98,,,,0,0,,,,,,,,,,,,,,,,,,,,,,,,,2015
1880,2015040385,4,40385,1,3,1,22,6,15,20,12,1,1,0,4,1,35,51,35051,6,2013,JN8AS5MT2DW5,J,N,8,A,S,5,M,T,2,D,W,5,0,0,0,Not Applicable,Not Applicable,0,0,0,1,0,0,0,0,0,0,0,50,0,0,0,12,6,2,12,0,0,0,1,4,85719,6,1,0,0,3,0,71,160,0,0,0,0,0,0,0,0,0,0,33,0,0,0,1,2,35,1,1,8,1,0,0,6,51,99,1,3,32,,,,1,0,,,,,,,,,,,,,,,,,,,,,,,,,2015
1881,2015040385,4,40385,2,3,99,22,6,15,20,12,1,1,0,4,3,92,989,92989,52,2008,15GGD2114811,1,5,G,G,D,2,1,1,4,8,1,1,0,0,88,None,None,3,21,22,1,0,0,0,0,6,3,0,35,0,0,0,12,4,8,12,0,0,0,1,4,85712,6,1,6,0,3,3,68,120,0,0,0,0,1,3,2014,3,2014,9,0,0,0,0,1,2,35,1,1,8,1,0,0,1,62,99,1,1,98,,,,0,0,,,,,,,,,,,,,,,,,,,,,,,,,2015
1882,2015040385,4,40385,3,3,1,22,6,15,20,12,1,1,0,4,1,6,52,6052,6,2002,3C4FY48B22T3,3,C,4,F,Y,4,8,B,2,2,T,3,0,0,0,Not Applicable,Not Applicable,0,0,0,1,0,0,0,0,0,0,0,35,0,0,0,6,8,8,12,32,0,0,1,4,85719,6,1,0,0,3,3,71,170,0,0,0,0,0,0,0,0,0,9,99,99,99,99,1,2,35,1,1,8,1,0,0,1,53,99,1,1,32,,,,0,0,,,,,,,,,,,,,,,,,,,,,,,,,2015
1883,2015040386,4,40386,1,1,1,22,6,22,48,8,0,1,1,4,2,2,403,2403,14,1998,1J4FY29P9WP7,1,J,4,F,Y,2,9,P,9,W,P,7,0,0,0,Not Applicable,Not Applicable,0,0,0,1,0,0,0,0,0,0,0,998,0,0,0,12,4,3,8,0,0,0,1,4,85757,6,1,0,0,3,3,61,115,0,0,0,0,0,0,0,0,0,0,0,0,0,0,2,2,55,1,5,2,1,0,0,1,81,99,1,4,13,,,,0,0,,,,,,,,,,,,,,,,,,,,,,,,,2015
1884,2015040387,4,40387,1,1,1,24,6,6,47,8,0,1,0,4,1,35,43,35043,4,2010,3N1AB6APXAL7,3,N,1,A,B,6,A,P,X,A,L,7,0,0,0,Not Applicable,Not Applicable,0,0,0,1,0,0,0,0,0,0,0,35,0,0,0,12,6,2,8,0,0,0,1,4,85022,6,1,0,0,3,0,65,135,0,0,0,0,0,0,0,0,0,0,89,0,0,0,2,3,40,1,1,2,1,0,0,1,80,99,1,1,13,,,,0,0,,,,,,,,,,,,,,,,,,,,,,,,,2015
1885,2015040388,4,40388,1,1,1,24,6,19,57,1,0,1,0,40,3,82,884,82884,66,2007,1FUJF0CVX7PW,1,F,U,J,F,0,C,V,X,7,P,W,1,1,57,185040,57185040,3,6,2,2,2,1202,3,2,0,0,0,998,0,1,1,0,6,2,2,0,0,1,1,4,85339,6,1,6,1,3,3,74,310,0,0,0,3,0,5,2013,9,2014,4,89,0,0,0,1,2,55,1,1,2,1,0,0,1,6,99,9,6,98,,,,1,0,,,,,,,,,,,,,,,,,,,,,,,,,2015
1886,2015040389,4,40389,1,1,1,25,6,14,58,1,0,1,0,4,2,12,401,12401,14,2002,1FMYU60E22UC,1,F,M,Y,U,6,0,E,2,2,U,C,0,0,0,Not Applicable,Not Applicable,0,0,0,1,0,0,0,0,0,0,0,998,0,1,3,0,6,2,1,0,0,0,1,4,85222,6,1,0,0,3,0,67,208,0,0,0,0,0,0,0,0,0,0,80,0,0,0,2,2,75,1,1,2,1,0,0,1,1,99,9,4,7,,,,1,0,,,,,,,,,,,,,,,,,,,,,,,,,2015
1887,2015040390,4,40390,1,1,1,27,6,6,37,1,0,1,0,92,0,73,702,73702,80,2011,JKBKXFAC7BA0,J,K,B,K,X,F,A,C,7,B,A,0,0,0,0,Not Applicable,Not Applicable,0,0,0,1,0,0,0,0,0,0,0,40,0,0,0,0,6,9,1,0,0,0,1,4,85546,6,1,0,0,2,0,69,185,0,0,0,0,0,0,0,0,0,4,24,0,0,0,1,2,25,2,5,2,1,0,0,14,9,99,9,1,98,,,,1,1,,,,,,,,,,,,,,,,,,,,,,,,,2015
1888,2015040391,4,40391,1,1,1,27,6,12,50,99,0,1,0,4,2,98,734,98734,90,2002,4XABA50A1226,4,X,A,B,A,5,0,A,1,2,2,6,0,0,0,Not Applicable,Not Applicable,0,0,0,1,0,0,0,0,0,0,0,998,0,0,0,0,6,2,99,0,0,0,1,4,85940,0,0,0,0,0,0,71,168,0,1,0,0,0,4,2012,4,2012,9,99,99,99,99,8,8,98,8,8,8,98,97,8,99,99,99,9,9,99,,,,1,0,,,,,,,,,,,,,,,,,,,,,,,,,2015
1889,2015040392,4,40392,1,1,3,27,6,21,49,1,0,1,0,4,9,12,37,12037,4,2006,1FAFP34N96W1,1,F,A,F,P,3,4,N,9,6,W,1,0,0,0,Not Applicable,Not Applicable,0,0,0,1,0,0,0,0,0,0,0,999,0,1,3,0,6,2,1,0,0,0,1,99,99999,9,9,99,0,9,9,999,999,99,99,99,99,99,99,9999,99,9999,4,99,99,99,99,2,2,75,3,1,2,1,0,0,14,9,99,4,4,7,,,,3,0,,,,,,,,,,,,,,,,,,,,,,,,,2015