index,accident_id,STATE,ST_CASE,VEH_NO,VE_FORMS,NUMOCCS,DAY,MONTH,HOUR,MINUTE,HARM_EV,MAN_COLL,UNITTYPE,HIT_RUN,REG_STAT,OWNER,MAKE,MODEL,MAK_MOD,BODY_TYP,MOD_YEAR,VIN,VIN_1,VIN_2,VIN_3,VIN_4,VIN_5,VIN_6,VIN_7,VIN_8,VIN_9,VIN_10,VIN_11,VIN_12,TOW_VEH,J_KNIFE,MCARR_I1,MCARR_I2,MCARR_ID,GVWR,V_CONFIG,CARGO_BT,HAZ_INV,HAZ_PLAC,HAZ_ID,HAZ_CNO,HAZ_REL,BUS_USE,SPEC_USE,EMER_USE,TRAV_SP,UNDERIDE,ROLLOVER,ROLINLOC,IMPACT1,DEFORMED,TOWED,M_HARM,VEH_SC1,VEH_SC2,FIRE_EXP,DR_PRES,L_STATE,DR_ZIP,L_STATUS,L_TYPE,CDL_STAT,L_ENDORS,L_COMPL,L_RESTRI,DR_HGT,DR_WGT,PREV_ACC,PREV_SUS,PREV_DWI,PREV_SPD,PREV_OTH,FIRST_MO,FIRST_YR,LAST_MO,LAST_YR,SPEEDREL,DR_SF1,DR_SF2,DR_SF3,DR_SF4,VTRAFWAY,VNUM_LAN,VSPD_LIM,VALIGN,VPROFILE,VPAVETYP,VSURCOND,VTRAFCON,VTCONT_F,P_CRASH1,P_CRASH2,P_CRASH3,PCRASH4,PCRASH5,ACC_TYPE,TRLR1VIN,TRLR2VIN,TRLR3VIN,DEATHS,DR_DRINK,VINTYPE,VINMAKE,VINA_MOD,VIN_BT,VINMODYR,VIN_LNGT,VIN_WGT,WGTCD_TR,WHLBS_LG,WHLBS_SH,SER_TR,FUELCODE,MCYCL_DS,CARBUR,CYLINDER,DISPLACE,MCYCL_CY,MCYCL_WT,TIRE_SZE,TON_RAT,TRK_WT,TRKWTVAR,VIN_REST,WHLDRWHL,Year
2040,2015040498,4,40498,1,2,1,1,8,9,31,12,2,1,0,4,1,76,706,76706,80,2009,JYAVN01YX9A0,J,Y,A,V,N,0,1,Y,X,9,A,0,0,0,0,Not Applicable,Not Applicable,0,0,0,1,0,0,0,0,0,0,0,35,0,0,0,12,6,2,12,0,0,0,1,4,85224,6,1,0,0,3,3,72,210,0,0,0,0,0,0,0,0,0,0,28,0,0,0,1,2,35,2,5,2,1,0,0,14,10,99,1,2,50,,,,1,0,,,,,,,,,,,,,,,,,,,,,,,,,2015
2041,2015040498,4,40498,2,2,1,1,8,9,31,12,2,1,0,4,1,12,481,12481,31,2010,1FTEW1C8XAFC,1,F,T,E,W,1,C,8,X,A,F,C,0,0,0,Not Applicable,Not Applicable,0,0,0,1,0,0,0,0,0,0,0,35,0,0,0,12,4,3,12,0,0,0,1,4,85546,6,1,3,0,3,0,68,185,0,0,0,0,0,0,0,0,0,0,84,0,0,0,1,2,35,3,6,2,1,0,0,14,62,9,9,3,51,,,,0,0,,,,,,,,,,,,,,,,,,,,,,,,,2015
2042,2015040499,4,40499,1,1,3,1,8,23,45,58,0,1,0,4,1,99,998,99998,97,2013,AZ344415,A,Z,3,4,4,4,1,5,,,,,0,0,0,Not Applicable,Not Applicable,0,0,0,1,0,0,0,0,0,0,0,20,0,1,5,12,6,2,2,0,0,1,1,4,85365,6,1,0,0,3,0,70,175,0,0,0,0,0,0,0,0,0,4,99,99,99,99,1,2,0,2,8,5,1,0,0,14,12,4,2,4,10,,,,2,0,,,,,,,,,,,,,,,,,,,,,,,,,2015
2043,2015040500,4,40500,1,1,1,3,8,21,45,8,0,1,0,4,1,12,37,12037,5,2013,1FADP3K29DL2,1,F,A,D,P,3,K,2,9,D,L,2,0,0,0,Not Applicable,Not Applicable,0,0,0,1,0,0,0,0,0,0,0,45,0,0,0,12,6,2,8,0,0,0,1,4,85281,6,1,0,0,3,3,67,175,0,0,0,0,0,0,0,0,0,0,0,0,0,0,2,4,45,1,1,8,1,0,0,1,80,1,1,1,13,,,,0,0,,,,,,,,,,,,,,,,,,,,,,,,,2015
2044,2015040501,4,40501,1,1,1,3,8,22,4,8,0,1,0,4,1,63,33,63033,4,2007,KNAFE1229754,K,N,A,F,E,1,2,2,9,7,5,4,0,0,0,Not Applicable,Not Applicable,0,0,0,1,0,0,0,0,0,0,0,55,0,0,0,12,6,2,8,0,0,0,1,4,85041,6,1,0,0,3,0,75,255,0,0,0,0,0,0,0,0,0,0,0,0,0,0,3,4,55,1,1,2,1,0,0,1,80,7,1,2,13,,,,0,0,,,,,,,,,,,,,,,,,,,,,,,,,2015
2045,2015040502,4,40502,1,1,2,3,8,22,13,33,0,1,0,4,2,35,47,35047,4,2003,1N4AL11D73C1,1,N,4,A,L,1,1,D,7,3,C,1,0,0,0,Not Applicable,Not Applicable,0,0,0,1,0,0,0,0,0,0,0,55,0,1,5,61,6,2,1,0,0,0,1,4,85345,0,0,0,0,0,0,65,150,0,0,0,0,0,0,0,0,0,3,58,52,0,0,1,2,30,3,1,2,1,0,0,14,6,99,3,4,2,,,,1,0,,,,,,,,,,,,,,,,,,,,,,,,,2015
2046,2015040503,4,40503,1,1,3,4,8,20,41,8,0,1,0,4,2,12,481,12481,31,2002,1FTRW07682KA,1,F,T,R,W,0,7,6,8,2,K,A,0,0,0,Not Applicable,Not Applicable,0,0,0,1,0,0,0,0,0,0,0,45,0,0,0,12,2,5,8,0,0,0,1,4,85009,6,1,0,0,3,3,66,240,0,2,0,0,0,9,2012,4,2015,0,0,0,0,0,5,5,40,1,1,8,1,0,0,1,80,99,1,3,13,,,,0,0,,,,,,,,,,,,,,,,,,,,,,,,,2015
2047,2015040504,4,40504,1,2,1,5,8,15,24,12,6,1,0,4,1,20,404,20404,14,2010,2CNALPEW7A63,2,C,N,A,L,P,E,W,7,A,6,3,0,0,0,Not Applicable,Not Applicable,0,0,0,1,0,0,0,0,0,0,0,10,0,0,0,82,6,2,12,0,0,0,1,4,85022,6,1,0,0,3,0,68,165,1,0,0,1,0,3,2014,4,2014,0,99,99,99,99,1,7,40,1,1,2,1,3,3,11,15,99,1,1,68,,,,0,0,,,,,,,,,,,,,,,,,,,,,,,,,2015
2048,2015040504,4,40504,2,2,1,5,8,15,24,12,6,1,0,4,1,53,706,53706,80,2014,JS1GR7MA8E21,J,S,1,G,R,7,M,A,8,E,2,1,0,0,0,Not Applicable,Not Applicable,0,0,0,1,0,0,0,0,0,0,0,49,0,0,0,12,6,2,12,0,0,0,1,4,85301,6,1,0,0,3,0,71,175,0,0,0,1,0,10,2012,10,2012,4,99,99,99,99,1,7,40,1,1,2,1,3,3,1,62,99,9,3,69,,,,1,0,,,,,,,,,,,,,,,,,,,,,,,,,2015
2049,2015040505,4,40505,1,2,1,6,8,5,20,12,1,1,0,4,1,53,704,53704,80,2013,JS1SK43A4D21,J,S,1,S,K,4,3,A,4,D,2,1,0,0,0,Not Applicable,Not Applicable,0,0,0,1,0,0,0,0,0,0,0,998,0,0,0,12,6,2,12,0,0,1,1,4,85202,6,1,0,0,3,0,71,145,0,0,0,2,0,10,2013,3,2014,4,0,0,0,0,3,5,65,1,1,2,1,0,0,15,51,99,9,2,42,,,,1,0,,,,,,,,,,,,,,,,,,,,,,,,,2015
2050,2015040505,4,40505,2,2,2,6,8,5,20,12,1,1,0,4,1,20,421,20421,15,2000,1GNDT13W3Y22,1,G,N,D,T,1,3,W,3,Y,2,2,0,0,0,Not Applicable,Not Applicable,0,0,0,1,0,0,0,0,0,0,0,30,0,0,0,6,2,3,12,0,0,0,1,4,85020,0,0,0,0,0,0,999,999,0,0,0,0,0,0,0,0,0,0,91,0,0,0,3,5,65,1,1,2,1,0,0,2,53,1,1,1,42,,,,0,0,,,,,,,,,,,,,,,,,,,,,,,,,2015
2051,2015040506,4,40506,1,1,1,6,8,11,7,52,0,1,0,6,1,35,50,35050,4,2013,3N1CN7APXDL8,3,N,1,C,N,7,A,P,X,D,L,8,0,0,0,Not Applicable,Not Applicable,0,0,0,1,0,0,0,0,0,0,0,998,0,1,5,12,6,2,1,0,0,0,1,6,92374,6,1,6,0,3,3,66,160,0,0,0,0,0,0,0,0,0,4,0,0,0,0,2,2,75,1,1,2,1,0,0,1,13,99,1,4,5,,,,1,0,,,,,,,,,,,,,,,,,,,,,,,,,2015
2052,2015040507,4,40507,1,3,1,7,8,20,6,12,1,1,0,4,1,2,422,2422,15,2014,1C4RJFBG3EC1,1,C,4,R,J,F,B,G,3,E,C,1,0,0,0,Not Applicable,Not Applicable,0,0,0,1,0,0,0,0,0,0,0,60,0,0,0,12,6,2,12,0,0,0,1,4,85024,6,1,0,0,3,0,65,125,0,0,0,0,0,0,0,0,0,4,0,0,0,0,3,5,65,1,1,2,1,0,0,1,50,99,9,1,20,,,,0,0,,,,,,,,,,,,,,,,,,,,,,,,,2015
2053,2015040507,4,40507,2,3,2,7,8,20,6,12,1,1,0,4,1,59,403,59403,14,2004,JTJHA31U2400,J,T,J,H,A,3,1,U,2,4,0,0,0,0,0,Not Applicable,Not Applicable,0,0,0,1,0,0,0,0,0,0,0,0,0,0,0,6,6,2,12,0,0,0,1,4,85027,6,1,0,0,3,3,67,230,0,0,0,0,0,0,0,0,0,0,0,0,0,0,3,5,65,1,1,2,1,0,0,5,53,1,1,1,21,,,,1,0,,,,,,,,,,,,,,,,,,,,,,,,,2015
2054,2015040507,4,40507,3,3,5,7,8,20,6,12,1,1,0,4,1,7,422,7422,15,2006,1D4HB38N16F1,1,D,4,H,B,3,8,N,1,6,F,1,0,0,0,Not Applicable,Not Applicable,0,0,0,1,0,0,0,0,0,0,0,0,0,0,0,6,4,5,12,32,0,0,1,4,85323,6,1,6,0,3,0,66,210,0,0,0,0,0,0,0,0,0,0,0,0,0,0,3,5,65,1,1,2,1,0,0,5,53,1,1,1,98,,,,0,0,,,,,,,,,,,,,,,,,,,,,,,,,2015
2055,2015040508,4,40508,1,1,1,8,8,14,39,1,0,1,0,18,3,82,884,82884,66,2010,1FUJA6DR0ADA,1,F,U,J,A,6,D,R,0,A,D,A,1,1,57,105790,57105790,3,6,3,1,0,0,0,0,0,0,0,35,0,1,5,0,6,2,1,0,0,0,1,12,32305,6,1,6,0,3,2,70,221,0,0,0,1,0,4,2013,4,2013,4,74,0,0,0,1,2,35,3,6,2,1,40,3,14,6,3,2,4,2,,,,1,0,,,,,,,,,,,,,,,,,,,,,,,,,2015
2056,2015040509,4,40509,1,1,2,10,8,11,32,1,0,1,0,34,3,82,884,82884,66,2004,1FUJA6CK04LM,1,F,U,J,A,6,C,K,0,4,L,M,1,1,57,866668,57866668,3,6,1,1,0,0,0,0,0,0,0,998,0,1,1,0,6,2,1,0,0,0,1,34,8876,6,1,99,0,3,3,66,160,0,0,0,0,0,0,0,0,0,9,99,99,99,99,3,2,65,2,6,2,1,0,0,14,9,6,9,3,98,,,,1,0,,,,,,,,,,,,,,,,,,,,,,,,,2015
2057,2015040510,4,40510,1,2,1,11,8,10,26,12,6,1,0,4,2,20,39,20039,5,2009,KL1TD66E99B6,K,L,1,T,D,6,6,E,9,9,B,6,0,0,0,Not Applicable,Not Applicable,0,0,0,1,0,0,0,0,0,0,0,5,0,0,0,82,6,2,12,0,0,0,1,4,86336,6,1,0,0,3,0,76,214,0,0,0,0,0,0,0,0,0,0,38,0,0,0,2,1,65,1,6,2,1,20,3,11,15,99,1,1,68,,,,1,0,,,,,,,,,,,,,,,,,,,,,,,,,2015
2058,2015040510,4,40510,2,2,1,11,8,10,26,12,6,1,0,4,2,20,22,20022,2,2008,1G1AL18F7873,1,G,1,A,L,1,8,F,7,8,7,3,0,0,0,Not Applicable,Not Applicable,0,0,0,1,0,0,0,0,0,0,0,70,0,0,0,12,6,2,12,0,0,0,1,4,86351,6,1,0,0,3,0,64,115,0,0,0,0,0,0,0,0,0,0,0,0,0,0,2,3,65,1,1,2,1,0,0,1,62,99,1,1,69,,,,0,0,,,,,,,,,,,,,,,,,,,,,,,,,2015
2059,2015040511,4,40511,1,2,5,11,8,12,30,12,6,1,0,4,2,6,51,6051,4,2005,2C3JA53G65H6,2,C,3,J,A,5,3,G,6,5,H,6,0,0,0,Not Applicable,Not Applicable,0,0,0,1,0,0,0,0,0,0,0,25,0,0,0,12,4,8,12,32,0,0,1,4,85033,6,1,0,0,3,3,69,215,0,0,0,0,0,0,0,0,0,0,38,0,0,0,1,5,45,1,1,8,1,3,3,11,15,99,1,1,68,,,,0,0,,,,,,,,,,,,,,,,,,,,,,,,,2015
2060,2015040511,4,40511,2,2,2,11,8,12,30,12,6,1,0,4,3,6,441,6441,20,1997,1C4GP64L2VB4,1,C,4,G,P,6,4,L,2,V,B,4,0,0,0,Not Applicable,Not Applicable,0,0,0,1,0,0,0,0,0,0,0,45,0,0,0,62,6,8,12,0,0,0,1,4,85208,6,1,0,0,3,0,63,130,1,0,0,1,0,2,2015,3,2015,0,0,0,0,0,1,7,45,1,1,8,1,3,3,1,62,99,1,1,69,,,,1,0,,,,,,,,,,,,,,,,,,,,,,,,,2015
2061,2015040512,4,40512,1,1,1,11,8,19,31,1,0,1,0,6,1,20,441,20441,20,1997,1GNDM19W4VB1,1,G,N,D,M,1,9,W,4,V,B,1,0,0,0,Not Applicable,Not Applicable,0,0,0,1,0,0,0,0,0,0,0,75,0,1,3,0,6,2,1,0,0,0,1,13,30680,6,1,0,0,3,0,70,185,98,0,0,0,1,6,2011,6,2011,4,0,0,0,0,2,2,75,1,1,2,1,0,0,1,6,99,3,4,7,,,,1,0,,,,,,,,,,,,,,,,,,,,,,,,,2015
2062,2015040513,4,40513,1,1,1,12,8,1,30,34,0,1,0,4,1,49,442,49442,20,2000,4T3ZF13C9YU3,4,T,3,Z,F,1,3,C,9,Y,U,3,0,0,0,Not Applicable,Not Applicable,0,0,0,1,0,0,0,0,0,0,0,45,0,1,5,61,6,2,1,0,0,0,1,4,86326,6,1,0,0,3,3,60,145,0,0,0,0,0,0,0,0,0,4,99,99,99,99,1,2,25,1,1,5,1,0,0,1,6,7,3,4,2,,,,1,1,,,,,,,,,,,,,,,,,,,,,,,,,2015
2063,2015040515,4,40515,1,2,1,13,8,12,2,12,6,1,0,4,2,49,46,49046,5,2013,JTDKDTB32D10,J,T,D,K,D,T,B,3,2,D,1,0,0,0,0,Not Applicable,Not Applicable,0,0,0,1,0,0,0,0,0,0,0,15,0,0,0,82,6,2,12,0,0,0,1,4,85233,1,1,0,0,2,0,64,130,0,2,0,0,1,8,2013,8,2014,0,38,0,0,0,2,4,45,1,1,2,1,2,3,11,15,99,1,1,68,,,,0,0,,,,,,,,,,,,,,,,,,,,,,,,,2015
2064,2015040515,4,40515,2,2,2,13,8,12,2,12,6,1,0,4,1,12,17,12017,6,2001,1FAFP58SX1A1,1,F,A,F,P,5,8,S,X,1,A,1,0,0,0,Not Applicable,Not Applicable,0,0,0,1,0,0,0,0,0,0,0,45,0,0,0,12,6,2,12,0,0,0,1,4,85208,6,1,0,0,3,0,65,170,0,0,0,1,1,12,2013,6,2014,0,0,0,0,0,1,7,45,1,1,2,1,2,3,1,62,99,9,3,69,,,,1,0,,,,,,,,,,,,,,,,,,,,,,,,,2015
2065,2015040516,4,40516,1,1,5,15,8,3,45,1,0,1,0,4,1,7,482,7482,31,2004,3D7KU28C14G2,3,D,7,K,U,2,8,C,1,4,G,2,0,0,0,Not Applicable,Not Applicable,0,0,0,1,0,0,0,0,0,0,0,998,0,1,1,0,6,2,1,35,0,0,1,4,85501,6,1,0,0,2,0,67,120,1,0,0,1,1,12,2012,2,2014,0,99,99,99,99,1,2,35,3,6,2,1,0,0,14,9,99,3,6,98,,,,1,1,,,,,,,,,,,,,,,,,,,,,,,,,2015
2066,2015040517,4,40517,1,3,1,15,8,4,59,12,7,1,1,4,1,38,402,38402,14,1999,4S2CM58W7X43,4,S,2,C,M,5,8,W,7,X,4,3,0,0,0,Not Applicable,Not Applicable,0,0,0,1,0,0,0,0,0,0,0,999,0,0,0,82,2,5,12,0,0,0,1,4,85544,6,1,0,0,3,0,70,120,0,0,0,1,3,9,2010,4,2014,0,27,0,0,0,3,4,65,1,5,2,1,0,0,15,11,99,1,2,46,,,,0,0,,,,,,,,,,,,,,,,,,,,,,,,,2015
2067,2015040517,4,40517,2,3,3,15,8,4,59,12,7,1,0,4,2,20,37,20037,4,2009,1G1ZG57B19F2,1,G,1,Z,G,5,7,B,1,9,F,2,0,0,0,Not Applicable,Not Applicable,0,0,0,1,0,0,0,0,0,0,0,999,0,0,0,63,6,2,12,0,0,0,1,4,85305,6,1,0,0,3,0,69,145,0,0,0,0,0,0,0,0,0,4,28,0,0,0,3,4,65,1,5,2,1,0,0,1,60,1,1,1,45,,,,0,0,,,,,,,,,,,,,,,,,,,,,,,,,2015
2068,2015040517,4,40517,3,3,1,15,8,4,59,12,7,1,0,4,1,72,706,72706,80,2007,1HD1FR4127Y6,1,H,D,1,F,R,4,1,2,7,Y,6,0,0,0,Not Applicable,Not Applicable,0,0,0,1,0,0,0,0,0,0,0,999,0,0,0,12,6,2,12,0,0,0,1,4,85335,6,1,0,0,3,0,70,180,0,0,0,2,0,10,2012,4,2014,0,0,0,0,0,3,4,65,1,5,2,1,0,0,99,50,99,9,3,98,,,,1,0,,,,,,,,,,,,,,,,,,,,,,,,,2015
2069,2015040518,4,40518,1,1,1,16,8,3,18,30,0,1,0,4,2,12,3,12003,2,2003,1FAFP42R23F3,1,F,A,F,P,4,2,R,2,3,F,3,0,0,0,Not Applicable,Not Applicable,0,0,0,1,0,0,0,0,0,0,0,80,0,0,0,9,6,2,30,0,0,0,1,4,85203,6,1,0,0,3,0,72,200,0,0,0,1,0,8,2015,8,2015,4,0,0,0,0,2,4,35,3,6,8,1,3,3,14,13,7,9,4,2,,,,1,1,,,,,,,,,,,,,,,,,,,,,,,,,2015
2070,2015040519,4,40519,1,2,5,16,8,16,11,12,6,1,0,4,1,12,401,12401,14,2000,1FMZU83P3YUB,1,F,M,Z,U,8,3,P,3,Y,U,B,0,0,0,Not Applicable,Not Applicable,0,0,0,1,0,0,0,0,0,0,0,40,0,1,1,61,6,2,1,0,0,0,1,4,85933,6,1,0,0,3,0,72,230,0,1,0,0,0,8,2011,8,2011,0,39,89,0,0,1,5,40,1,1,2,1,2,3,1,17,99,1,1,89,,,,2,0,,,,,,,,,,,,,,,,,,,,,,,,,2015
2071,2015040519,4,40519,2,2,1,16,8,16,11,12,6,1,0,4,1,12,423,12423,16,2005,1FMSU43P45EA,1,F,M,S,U,4,3,P,4,5,E,A,0,0,0,Not Applicable,Not Applicable,0,0,0,1,0,0,0,0,0,0,0,40,0,1,1,12,6,2,12,0,0,0,1,4,85194,6,1,0,0,3,0,66,190,0,0,0,0,0,0,0,0,0,0,0,0,0,0,1,5,40,1,1,2,1,2,3,1,66,99,1,1,88,,,,0,0,,,,,,,,,,,,,,,,,,,,,,,,,2015
2072,2015040520,4,40520,1,2,1,17,8,7,5,12,6,1,0,4,2,63,32,63032,4,2001,KNADC1233160,K,N,A,D,C,1,2,3,3,1,6,0,0,0,0,Not Applicable,Not Applicable,0,0,0,1,0,0,0,0,0,0,0,5,0,0,0,81,6,2,12,0,0,0,1,4,85925,6,1,0,0,3,0,73,177,0,0,0,0,0,0,0,0,0,0,0,0,0,0,1,2,55,1,5,2,1,0,0,1,13,99,4,3,66,,,,1,0,,,,,,,,,,,,,,,,,,,,,,,,,2015
2073,2015040520,4,40520,2,2,2,17,8,7,5,12,6,1,0,4,3,12,481,12481,40,2000,1FDXF46F5YEC,1,F,D,X,F,4,6,F,5,Y,E,C,1,1,57,2088720,572088720,2,4,98,1,0,0,0,0,0,0,0,55,0,0,0,12,6,2,12,0,0,0,1,4,85901,6,1,0,0,3,0,68,170,0,0,0,0,0,0,0,0,0,0,0,0,0,0,1,2,55,1,6,2,1,0,0,1,62,99,1,3,66,,,,0,0,,,,,,,,,,,,,,,,,,,,,,,,,2015
2074,2015040521,4,40521,1,2,1,17,8,9,57,12,6,1,0,4,2,37,441,37441,20,2004,5FNRL18964B0,5,F,N,R,L,1,8,9,6,4,B,0,0,0,0,Not Applicable,Not Applicable,0,0,0,1,0,0,0,0,0,0,0,35,0,0,0,82,6,2,12,0,0,0,1,4,85254,6,1,0,0,3,3,65,165,0,0,0,0,0,0,0,0,0,0,39,0,0,0,1,2,30,1,1,8,1,3,3,1,17,99,1,1,87,,,,1,0,,,,,,,,,,,,,,,,,,,,,,,,,2015
2075,2015040521,4,40521,2,2,1,17,8,9,57,12,6,1,0,4,2,19,421,19421,15,2009,1GYFK43529R1,1,G,Y,F,K,4,3,5,2,9,R,1,0,0,0,Not Applicable,Not Applicable,0,0,0,1,0,0,0,0,0,0,0,45,0,0,0,12,6,2,12,0,0,0,1,4,85255,6,1,0,0,3,0,63,110,0,0,0,2,0,8,2013,11,2014,0,0,0,0,0,2,4,45,1,1,8,1,3,3,1,66,1,1,1,86,,,,0,0,,,,,,,,,,,,,,,,,,,,,,,,,2015
2076,2015040522,4,40522,1,2,1,20,8,5,39,12,2,1,0,4,1,30,40,30040,4,1996,3VWRA81H5TM0,3,V,W,R,A,8,1,H,5,T,M,0,0,0,0,Not Applicable,Not Applicable,0,0,0,1,0,0,0,0,0,0,0,35,0,0,0,12,6,2,12,0,0,0,1,4,86441,6,1,0,0,3,3,67,160,0,0,0,2,0,6,2012,6,2015,0,0,0,0,0,1,2,45,1,1,8,1,0,0,1,12,99,1,4,52,,,,1,0,,,,,,,,,,,,,,,,,,,,,,,,,2015
2077,2015040522,4,40522,2,2,1,20,8,5,39,12,2,1,0,4,2,12,442,12442,20,2000,2FMZA5147YBC,2,F,M,Z,A,5,1,4,7,Y,B,C,0,0,0,Not Applicable,Not Applicable,0,0,0,1,0,0,0,0,0,0,0,40,0,0,0,12,6,2,12,0,0,0,1,4,86441,6,1,0,0,3,0,60,110,0,0,0,0,0,0,0,0,0,0,0,0,0,0,1,2,45,1,1,8,1,0,0,1,62,9,1,4,52,,,,0,0,,,,,,,,,,,,,,,,,,,,,,,,,2015
2078,2015040523,4,40523,1,2,1,20,8,20,23,12,6,1,0,4,3,82,881,82881,66,2005,1FUJA6CK65LN,1,F,U,J,A,6,C,K,6,5,L,N,1,1,57,1679134,571679134,3,6,1,1,0,0,0,0,0,0,0,998,0,0,0,62,6,2,12,0,0,0,1,96,0,9,9,99,9,9,9,999,999,99,99,99,99,99,99,9999,99,9999,0,51,0,0,0,2,2,75,1,1,2,1,40,3,12,98,1,1,1,98,,,,0,0,,,,,,,,,,,,,,,,,,,,,,,,,2015
2079,2015040523,4,40523,2,2,1,20,8,20,23,12,6,1,0,53,4,35,43,35043,4,2014,3N1AB7AP0EL6,3,N,1,A,B,7,A,P,0,E,L,6,0,0,0,Not Applicable,Not Applicable,0,0,0,1,0,0,0,0,0,0,0,998,0,0,0,12,6,2,12,0,0,0,1,4,85014,6,1,0,0,3,0,68,180,0,3,0,1,1,1,2014,1,2015,0,0,0,0,0,2,2,75,1,1,2,1,0,0,1,63,99,1,1,98,,,,1,1,,,,,,,,,,,,,,,,,,,,,,,,,2015
2080,2015040524,4,40524,1,1,1,20,8,21,46,9,0,1,0,4,1,12,481,12481,31,2011,1FTFX1CF3BFC,1,F,T,F,X,1,C,F,3,B,F,C,0,0,0,Not Applicable,Not Applicable,0,0,0,1,0,0,0,0,0,0,0,30,0,0,0,12,2,5,9,0,0,0,1,4,85302,6,1,0,0,3,3,67,170,0,0,0,2,0,5,2011,11,2012,0,0,0,0,0,2,3,40,1,1,8,1,3,3,3,83,1,1,1,13,,,,0,1,,,,,,,,,,,,,,,,,,,,,,,,,2015
2081,2015040525,4,40525,1,2,2,21,8,6,26,12,6,1,0,4,2,35,472,35472,30,2010,1N6BD0CT6AC4,1,N,6,B,D,0,C,T,6,A,C,4,0,0,0,Not Applicable,Not Applicable,0,0,0,1,0,0,0,0,0,0,0,15,0,0,0,82,6,2,12,0,0,0,1,4,85615,6,1,0,0,3,3,69,137,0,0,0,0,0,0,0,0,0,0,38,0,0,0,1,2,65,1,1,8,1,0,0,1,17,99,1,1,87,,,,1,0,,,,,,,,,,,,,,,,,,,,,,,,,2015
2082,2015040525,4,40525,2,2,7,21,8,6,26,12,6,1,0,4,3,90,981,90981,50,2008,1BAKGCPA38F2,1,B,A,K,G,C,P,A,3,8,F,2,0,0,88,None,None,3,21,22,1,0,0,0,0,1,2,0,55,0,0,0,12,6,2,12,0,0,0,1,4,85650,6,1,6,1,3,0,75,240,0,0,0,0,0,0,0,0,0,0,0,0,0,0,1,2,65,1,1,2,1,0,0,1,66,98,1,3,86,,,,0,0,,,,,,,,,,,,,,,,,,,,,,,,,2015
2083,2015040526,4,40526,1,2,1,21,8,7,22,12,6,1,0,6,3,12,481,12481,31,2006,1FTNF21556EC,1,F,T,N,F,2,1,5,5,6,E,C,0,0,0,Not Applicable,Not Applicable,0,0,0,1,0,0,0,0,0,0,0,10,0,1,1,82,6,2,12,0,0,0,1,4,85138,6,1,0,0,3,0,74,165,0,0,0,0,0,0,0,0,0,0,38,0,0,0,2,4,45,1,1,2,1,3,3,11,15,99,9,3,68,,,,1,0,,,,,,,,,,,,,,,,,,,,,,,,,2015
2084,2015040526,4,40526,2,2,1,21,8,7,22,12,6,1,0,48,3,85,881,85881,66,2016,1XKYDP9X7GJ4,1,X,K,Y,D,P,9,X,7,G,J,4,1,1,57,184843,57184843,3,6,1,1,0,0,0,0,0,0,0,50,0,1,1,12,6,2,12,0,0,0,1,4,85031,6,1,6,0,3,0,71,215,1,0,0,0,0,10,2013,10,2013,0,0,0,0,0,2,4,45,1,1,2,1,3,3,1,62,99,9,3,69,,,,0,0,,,,,,,,,,,,,,,,,,,,,,,,,2015
2085,2015040527,4,40527,1,2,1,21,8,17,16,12,6,1,0,4,1,20,481,20481,31,2010,3GCRKSE3XAG2,3,G,C,R,K,S,E,3,X,A,G,2,0,0,0,Not Applicable,Not Applicable,0,0,0,1,0,0,0,0,0,0,0,62,0,0,0,12,6,2,12,0,0,0,1,4,85128,0,0,0,0,0,0,999,999,0,0,0,0,0,0,0,0,0,3,91,0,0,0,1,2,35,1,1,2,1,0,0,1,66,99,1,1,88,,,,0,0,,,,,,,,,,,,,,,,,,,,,,,,,2015
2086,2015040527,4,40527,2,2,4,21,8,17,16,12,6,1,0,4,2,12,37,12037,4,2000,1FAFP3437YW2,1,F,A,F,P,3,4,3,7,Y,W,2,0,0,0,Not Applicable,Not Applicable,0,0,0,1,0,0,0,0,0,0,0,25,0,0,0,62,6,2,12,0,0,0,1,4,85128,6,1,0,0,3,3,67,190,0,0,0,0,0,0,0,0,0,0,39,0,0,0,1,2,25,1,1,2,1,20,3,1,17,99,1,1,89,,,,1,0,,,,,,,,,,,,,,,,,,,,,,,,,2015
2087,2015040528,4,40528,1,2,1,21,8,18,0,12,1,1,0,4,1,2,407,2407,14,2013,1C4NJPBB6DD1,1,C,4,N,J,P,B,B,6,D,D,1,0,0,0,Not Applicable,Not Applicable,0,0,0,1,0,0,0,0,0,0,0,998,0,1,1,6,6,2,1,0,0,0,1,4,86538,6,1,0,0,3,0,67,160,0,0,0,1,0,5,2014,5,2014,0,0,0,0,0,1,2,65,1,1,2,1,0,0,2,53,99,1,1,30,,,,1,0,,,,,,,,,,,,,,,,,,,,,,,,,2015
2088,2015040528,4,40528,2,2,1,21,8,18,0,12,1,1,0,4,2,18,25,18025,4,2014,1G4PP5SK6E42,1,G,4,P,P,5,S,K,6,E,4,2,0,0,0,Not Applicable,Not Applicable,0,0,0,1,0,0,0,0,0,0,0,998,0,0,0,12,6,2,12,0,0,0,1,4,86538,6,1,0,0,3,0,69,220,0,0,0,0,0,0,0,0,0,0,0,0,0,0,1,2,65,1,1,2,1,0,0,1,52,99,9,3,28,,,,0,1,,,,,,,,,,,,,,,,,,,,,,,,,2015
2089,2015040529,4,40529,1,1,1,22,8,15,22,34,0,1,0,4,2,7,482,7482,31,2001,3B7KF26Z01M5,3,B,7,K,F,2,6,Z,0,1,M,5,0,0,0,Not Applicable,Not Applicable,0,0,0,1,0,0,0,0,0,0,0,65,0,1,5,99,6,2,1,0,0,0,1,4,86044,6,1,0,0,3,0,69,195,0,0,0,0,0,0,0,0,0,4,58,0,0,0,1,2,65,3,6,2,1,0,0,14,13,9,5,4,2,,,,1,1,,,,,,,,,,,,,,,,,,,,,,,,,2015