index,accident_id,STATE,ST_CASE,VEH_NO,VE_FORMS,NUMOCCS,DAY,MONTH,HOUR,MINUTE,HARM_EV,MAN_COLL,UNITTYPE,HIT_RUN,REG_STAT,OWNER,MAKE,MODEL,MAK_MOD,BODY_TYP,MOD_YEAR,VIN,VIN_1,VIN_2,VIN_3,VIN_4,VIN_5,VIN_6,VIN_7,VIN_8,VIN_9,VIN_10,VIN_11,VIN_12,TOW_VEH,J_KNIFE,MCARR_I1,MCARR_I2,MCARR_ID,GVWR,V_CONFIG,CARGO_BT,HAZ_INV,HAZ_PLAC,HAZ_ID,HAZ_CNO,HAZ_REL,BUS_USE,SPEC_USE,EMER_USE,TRAV_SP,UNDERIDE,ROLLOVER,ROLINLOC,IMPACT1,DEFORMED,TOWED,M_HARM,VEH_SC1,VEH_SC2,FIRE_EXP,DR_PRES,L_STATE,DR_ZIP,L_STATUS,L_TYPE,CDL_STAT,L_ENDORS,L_COMPL,L_RESTRI,DR_HGT,DR_WGT,PREV_ACC,PREV_SUS,PREV_DWI,PREV_SPD,PREV_OTH,FIRST_MO,FIRST_YR,LAST_MO,LAST_YR,SPEEDREL,DR_SF1,DR_SF2,DR_SF3,DR_SF4,VTRAFWAY,VNUM_LAN,VSPD_LIM,VALIGN,VPROFILE,VPAVETYP,VSURCOND,VTRAFCON,VTCONT_F,P_CRASH1,P_CRASH2,P_CRASH3,PCRASH4,PCRASH5,ACC_TYPE,TRLR1VIN,TRLR2VIN,TRLR3VIN,DEATHS,DR_DRINK,VINTYPE,VINMAKE,VINA_MOD,VIN_BT,VINMODYR,VIN_LNGT,VIN_WGT,WGTCD_TR,WHLBS_LG,WHLBS_SH,SER_TR,FUELCODE,MCYCL_DS,CARBUR,CYLINDER,DISPLACE,MCYCL_CY,MCYCL_WT,TIRE_SZE,TON_RAT,TRK_WT,TRKWTVAR,VIN_REST,WHLDRWHL,Year
2290,2015040665,4,40665,1,2,2,31,10,19,9,12,6,1,0,1,1,37,31,37031,4,1994,1HGEG8556RL0,1,H,G,E,G,8,5,5,6,R,L,0,0,0,0,Not Applicable,Not Applicable,0,0,0,1,0,0,0,0,0,0,0,998,3,0,0,62,6,2,12,0,0,0,1,1,36250,6,1,0,0,3,0,73,165,4,0,0,5,2,5,2011,9,2015,0,23,0,0,0,2,2,75,1,1,2,1,0,0,8,6,99,9,7,48,,,,2,1,,,,,,,,,,,,,,,,,,,,,,,,,2015
2291,2015040665,4,40665,2,2,2,31,10,19,9,12,6,1,0,12,3,82,881,82881,66,2015,3AKJGLD57FSG,3,A,K,J,G,L,D,5,7,F,S,G,1,1,57,0129270,570129270,3,6,1,1,0,0,0,0,0,0,0,70,0,0,0,12,6,2,12,0,0,0,1,12,32127,6,1,6,0,3,0,70,999,0,0,0,0,1,7,2014,7,2014,0,0,0,0,0,2,2,75,1,1,2,1,0,0,1,64,6,1,2,48,,,,0,0,,,,,,,,,,,,,,,,,,,,,,,,,2015
2292,2015040666,4,40666,1,2,1,26,9,21,15,12,6,1,0,4,1,12,481,12481,31,2001,1FTRW08L31KB,1,F,T,R,W,0,8,L,3,1,K,B,0,0,0,Not Applicable,Not Applicable,0,0,0,1,0,0,0,0,0,0,0,998,0,1,1,12,6,2,12,0,0,0,1,4,85201,6,1,0,0,3,3,68,170,0,0,0,1,1,8,2011,10,2011,5,39,0,0,0,2,4,65,1,1,2,1,3,3,1,17,2,1,1,69,,,,0,0,,,,,,,,,,,,,,,,,,,,,,,,,2015
2293,2015040666,4,40666,2,2,1,26,9,21,15,12,6,1,0,4,1,98,706,98706,82,2014,2BXNABC13EV0,2,B,X,N,A,B,C,1,3,E,V,0,0,0,0,Not Applicable,Not Applicable,0,0,0,1,0,0,0,0,0,0,0,998,0,0,0,81,6,2,12,0,0,1,1,4,85142,6,1,0,0,3,0,72,195,0,0,0,1,0,6,2013,6,2013,0,0,0,0,0,2,5,65,1,1,2,1,3,3,11,63,99,9,3,68,,,,1,0,,,,,,,,,,,,,,,,,,,,,,,,,2015
2294,2015040667,4,40667,1,1,2,4,10,2,51,1,0,1,0,4,2,55,401,55401,14,2002,KM8SC13D42U1,K,M,8,S,C,1,3,D,4,2,U,1,0,0,0,Not Applicable,Not Applicable,0,0,0,1,0,0,0,0,0,0,0,998,0,1,1,0,6,2,1,0,0,0,1,6,85339,3,1,0,0,2,3,68,198,0,0,0,0,0,0,0,0,0,4,99,99,99,99,1,2,98,1,1,5,1,0,0,1,6,99,9,6,98,,,,1,1,,,,,,,,,,,,,,,,,,,,,,,,,2015
2295,2015040668,4,40668,1,1,1,9,10,2,57,8,0,1,0,4,4,49,46,49046,9,2014,JTDKN3DU1E17,J,T,D,K,N,3,D,U,1,E,1,7,0,0,0,Not Applicable,Not Applicable,0,0,0,1,0,0,0,0,0,0,0,35,0,0,0,12,2,3,8,0,0,0,1,12,33609,6,1,0,0,3,3,71,999,0,0,0,0,0,0,0,0,0,0,0,0,0,0,1,6,35,1,1,8,1,0,0,1,80,1,1,1,13,,,,0,0,,,,,,,,,,,,,,,,,,,,,,,,,2015
2296,2015040669,4,40669,1,3,1,12,10,14,55,12,6,1,0,48,1,7,25,7025,5,2007,1B3HB48C57D1,1,B,3,H,B,4,8,C,5,7,D,1,0,0,0,Not Applicable,Not Applicable,0,0,0,1,0,0,0,0,0,0,0,62,0,0,0,61,6,2,12,0,0,0,1,4,85248,1,1,0,0,2,0,72,185,1,3,1,0,0,5,2012,8,2015,4,39,0,0,0,2,4,45,1,1,2,1,3,3,1,17,99,1,1,69,,,,1,1,,,,,,,,,,,,,,,,,,,,,,,,,2015
2297,2015040669,4,40669,2,3,1,12,10,14,55,12,6,1,0,39,3,51,881,51881,66,2013,4V4NC9TH5DN1,4,V,4,N,C,9,T,H,5,D,N,1,1,1,57,00332295,5700332295,3,6,1,1,0,0,0,0,0,0,0,5,0,0,0,12,6,2,12,0,0,0,1,4,85043,6,1,6,0,3,0,69,187,0,2,0,0,0,12,2010,1,2011,0,0,0,0,0,2,3,45,1,1,2,1,3,3,11,63,1,1,1,68,,,,0,0,,,,,,,,,,,,,,,,,,,,,,,,,2015
2298,2015040669,4,40669,3,3,1,12,10,14,55,12,6,1,0,4,1,41,51,41051,4,2012,JM1BL1UG1C15,J,M,1,B,L,1,U,G,1,C,1,5,0,0,0,Not Applicable,Not Applicable,0,0,0,1,0,0,0,0,0,0,0,0,0,0,0,62,6,2,12,0,0,0,1,4,85225,6,1,0,0,3,0,71,176,0,0,0,0,0,0,0,0,0,0,0,0,0,0,1,3,25,1,1,2,1,3,3,5,66,1,1,1,98,,,,0,0,,,,,,,,,,,,,,,,,,,,,,,,,2015
2299,2015040670,4,40670,1,2,1,19,10,16,27,12,6,1,0,4,2,63,32,63032,4,2007,KNADE1236762,K,N,A,D,E,1,2,3,6,7,6,2,0,0,0,Not Applicable,Not Applicable,0,0,0,1,0,0,0,0,0,0,0,50,0,0,0,12,6,2,12,0,0,0,1,4,85009,0,0,0,0,0,0,74,200,0,0,0,0,0,0,0,0,0,0,39,91,37,0,1,2,25,1,1,8,1,20,3,1,17,99,1,3,88,,,,0,0,,,,,,,,,,,,,,,,,,,,,,,,,2015
2300,2015040670,4,40670,2,2,1,19,10,16,27,12,6,1,0,4,1,20,2,20002,4,2002,2G1WF52E0292,2,G,1,W,F,5,2,E,0,2,9,2,0,0,0,Not Applicable,Not Applicable,0,0,0,1,0,0,0,0,0,0,0,36,0,0,0,9,6,2,12,0,0,0,1,4,85303,6,1,6,0,3,0,68,202,0,1,0,1,0,11,2010,9,2015,0,0,0,0,0,1,2,30,1,1,8,1,0,0,1,66,99,9,3,89,,,,1,0,,,,,,,,,,,,,,,,,,,,,,,,,2015
2301,2015040671,4,40671,1,2,1,30,10,9,18,12,6,1,0,4,1,20,471,20471,30,1998,1GCCS19X9W81,1,G,C,C,S,1,9,X,9,W,8,1,0,0,0,Not Applicable,Not Applicable,0,0,0,1,0,0,0,0,0,0,0,998,0,0,0,9,6,2,12,0,0,0,1,4,85602,6,1,0,0,3,3,73,195,0,0,0,1,0,4,2012,4,2012,0,38,0,0,0,1,2,50,1,1,2,2,20,3,11,15,99,1,1,82,,,,1,0,,,,,,,,,,,,,,,,,,,,,,,,,2015
2302,2015040671,4,40671,2,2,1,30,10,9,18,12,6,1,0,4,3,12,481,12481,31,2010,1FTEX1EV3AFD,1,F,T,E,X,1,E,V,3,A,F,D,0,0,0,Not Applicable,Not Applicable,0,0,0,1,0,0,0,0,0,0,0,50,0,0,0,12,6,2,12,0,0,0,1,4,85641,6,1,0,0,3,0,73,240,0,0,0,0,0,0,0,0,0,0,16,0,0,0,2,2,50,1,1,2,2,0,0,1,67,1,1,1,83,,,,0,0,,,,,,,,,,,,,,,,,,,,,,,,,2015
2303,2015040672,4,40672,1,1,1,2,11,11,57,1,0,1,0,4,1,24,7,24007,4,2006,1G8AJ55F66Z1,1,G,8,A,J,5,5,F,6,6,Z,1,0,0,0,Not Applicable,Not Applicable,0,0,0,1,0,0,0,0,0,0,0,75,0,1,5,0,6,2,1,0,0,0,1,4,85208,6,1,0,0,3,3,63,110,0,0,0,0,0,0,0,0,0,3,0,0,0,0,2,2,65,3,6,2,1,0,0,14,13,99,4,4,1,,,,1,0,,,,,,,,,,,,,,,,,,,,,,,,,2015
2304,2015040673,4,40673,1,1,6,3,11,10,50,33,0,1,0,4,2,20,37,20037,4,2013,1G11H5SA6DF2,1,G,1,1,H,5,S,A,6,D,F,2,0,0,0,Not Applicable,Not Applicable,0,0,0,1,0,0,0,0,0,0,0,60,0,0,0,81,6,2,42,0,0,0,1,4,86001,0,0,0,0,0,0,66,130,0,0,0,0,0,0,0,0,0,4,0,0,0,0,5,3,30,3,1,8,2,0,0,14,6,99,5,4,2,,,,1,1,,,,,,,,,,,,,,,,,,,,,,,,,2015
2305,2015040674,4,40674,1,2,1,4,11,9,26,12,8,1,0,4,1,72,706,72706,80,2014,1HD1JRV1XEB0,1,H,D,1,J,R,V,1,X,E,B,0,0,0,0,Not Applicable,Not Applicable,0,0,0,1,0,0,0,0,0,0,0,70,0,0,0,61,6,2,12,0,0,0,1,4,85606,6,1,0,0,3,0,67,195,0,2,0,3,1,2,2014,8,2015,4,28,0,0,0,1,2,55,2,1,8,1,0,0,14,10,99,1,2,64,,,,1,0,,,,,,,,,,,,,,,,,,,,,,,,,2015
2306,2015040674,4,40674,2,2,1,4,11,9,26,12,8,1,0,4,1,62,499,62499,19,1992,SALHV1244NA6,S,A,L,H,V,1,2,4,4,N,A,6,0,0,0,Not Applicable,Not Applicable,0,0,0,1,0,0,0,0,0,0,0,55,0,0,0,61,6,2,12,0,0,0,1,4,85617,6,1,0,0,3,0,73,210,0,0,0,0,0,0,0,0,0,0,0,0,0,0,1,2,55,3,1,8,1,0,0,14,62,99,1,1,65,,,,0,0,,,,,,,,,,,,,,,,,,,,,,,,,2015
2307,2015040675,4,40675,1,3,1,4,11,15,21,51,0,1,0,17,3,85,884,85884,66,2014,1XKYDP9X9EJ4,1,X,K,Y,D,P,9,X,9,E,J,4,1,2,57,1973469,571973469,3,6,4,1,0,0,0,0,0,0,0,45,7,0,0,0,6,2,12,0,0,0,1,4,85326,6,1,6,0,3,3,68,130,0,0,0,0,1,5,2015,5,2015,4,28,87,0,0,5,5,55,3,5,2,3,0,0,14,5,99,5,2,0,,,,0,0,,,,,,,,,,,,,,,,,,,,,,,,,2015
2308,2015040675,4,40675,2,3,1,4,11,15,21,51,0,1,0,40,4,23,870,23870,62,2007,1GDJ7C1387F9,1,G,D,J,7,C,1,3,8,7,F,9,0,0,88,None,None,2,2,1,1,0,0,0,0,0,0,0,45,0,0,0,6,2,5,12,0,0,0,1,4,85383,6,1,0,0,3,0,64,130,0,0,0,0,0,0,0,0,0,0,0,0,0,0,5,5,55,2,1,2,3,0,0,14,62,1,1,1,98,,,,0,0,,,,,,,,,,,,,,,,,,,,,,,,,2015
2309,2015040675,4,40675,3,3,2,4,11,15,21,51,0,1,0,35,1,53,481,53481,31,2011,5Z61D0FV7BC4,5,Z,6,1,D,0,F,V,7,B,C,4,0,0,0,Not Applicable,Not Applicable,0,0,0,1,0,0,0,0,0,0,0,45,0,0,0,62,6,2,12,0,0,0,1,35,87401,6,1,0,0,3,0,70,190,98,0,0,1,0,5,2014,5,2014,0,0,0,0,0,5,5,55,2,1,2,3,0,0,14,62,99,1,1,98,,,,1,0,,,,,,,,,,,,,,,,,,,,,,,,,2015
2310,2015040676,4,40676,1,3,1,6,11,16,5,12,1,1,0,4,1,12,37,12037,4,2012,1FAHP3F27CL1,1,F,A,H,P,3,F,2,7,C,L,1,0,0,0,Not Applicable,Not Applicable,0,0,0,1,0,0,0,0,0,0,0,75,0,0,0,12,6,2,12,0,0,0,1,4,86033,6,1,0,0,3,3,70,140,0,0,0,0,0,0,0,0,0,4,0,0,0,0,1,2,65,1,1,2,1,0,0,1,52,99,9,1,28,,,,1,0,,,,,,,,,,,,,,,,,,,,,,,,,2015
2311,2015040676,4,40676,2,3,4,6,11,16,5,12,1,1,0,4,2,7,482,7482,31,1999,1B7KF2360XJ5,1,B,7,K,F,2,3,6,0,X,J,5,0,0,0,Not Applicable,Not Applicable,0,0,0,1,0,0,0,0,0,0,0,60,0,0,0,6,4,5,12,0,0,0,1,4,86044,6,1,0,0,3,3,63,225,0,0,0,0,0,0,0,0,0,0,0,0,0,0,1,2,65,1,1,2,1,0,0,2,53,9,1,1,31,,,,0,0,,,,,,,,,,,,,,,,,,,,,,,,,2015
2312,2015040676,4,40676,3,3,2,6,11,16,5,12,1,1,0,30,1,2,404,2404,14,2014,1C4PJMDSXEW1,1,C,4,P,J,M,D,S,X,E,W,1,0,0,0,Not Applicable,Not Applicable,0,0,0,1,0,0,0,0,0,0,0,50,0,0,0,62,6,2,12,0,0,0,1,30,59106,6,1,0,0,3,0,999,999,98,0,0,0,1,6,2013,6,2013,0,0,0,0,0,1,2,65,1,1,2,1,0,0,1,62,2,1,1,98,,,,0,0,,,,,,,,,,,,,,,,,,,,,,,,,2015
2313,2015040677,4,40677,1,2,2,7,11,16,45,1,0,1,0,4,1,49,40,49040,4,2015,4T1BF1FK4FU8,4,T,1,B,F,1,F,K,4,F,U,8,0,0,0,Not Applicable,Not Applicable,0,0,0,1,0,0,0,0,0,0,0,998,0,0,0,62,9,5,54,0,0,0,1,4,85375,6,1,0,0,3,3,68,176,0,0,0,1,0,6,2012,6,2012,0,38,0,0,0,1,2,45,1,1,2,1,20,3,11,15,1,1,1,98,,,,0,0,,,,,,,,,,,,,,,,,,,,,,,,,2015
2314,2015040677,4,40677,2,2,1,7,11,16,45,1,0,1,0,4,2,76,706,76706,80,2015,JYAVN05E4FA0,J,Y,A,V,N,0,5,E,4,F,A,0,0,0,0,Not Applicable,Not Applicable,0,0,0,1,0,0,0,0,0,0,0,998,0,0,0,0,6,2,12,0,0,0,1,4,85194,6,1,0,0,2,0,73,182,0,0,0,0,0,0,0,0,0,9,99,99,99,99,2,3,45,1,1,2,1,0,0,1,67,3,2,1,98,,,,1,0,,,,,,,,,,,,,,,,,,,,,,,,,2015
2315,2015040678,4,40678,1,1,2,7,11,19,10,38,0,1,0,4,1,76,739,76739,90,2005,JY43GG0315C0,J,Y,4,3,G,G,0,3,1,5,C,0,0,0,0,Not Applicable,Not Applicable,0,0,0,1,0,0,0,0,0,0,0,998,0,0,0,12,9,5,38,0,0,0,1,4,86326,6,1,0,0,3,0,67,185,0,0,0,0,0,0,0,0,0,4,0,0,0,0,1,2,98,3,1,5,1,0,0,14,13,99,1,4,1,,,,1,0,,,,,,,,,,,,,,,,,,,,,,,,,2015
2316,2015040679,4,40679,1,3,2,8,11,5,14,12,1,1,0,4,2,49,482,49482,31,2015,5TFEY5F16FX1,5,T,F,E,Y,5,F,1,6,F,X,1,0,0,0,Not Applicable,Not Applicable,0,0,0,1,0,0,0,0,0,0,0,86,7,0,0,12,6,2,12,0,0,0,1,4,85353,6,1,0,0,3,0,71,254,0,0,0,1,1,10,2011,7,2013,3,91,0,0,0,1,5,50,1,1,2,1,3,3,1,50,1,1,1,20,,,,0,1,,,,,,,,,,,,,,,,,,,,,,,,,2015
2317,2015040679,4,40679,2,3,2,8,11,5,14,12,1,1,0,4,1,37,31,37031,2,2005,1HGEM22545L0,1,H,G,E,M,2,2,5,4,5,L,0,0,0,0,Not Applicable,Not Applicable,0,0,0,1,0,0,0,0,0,0,0,0,0,0,0,6,6,2,12,0,0,0,1,4,85353,6,1,0,0,3,0,67,150,0,0,0,0,0,0,0,0,0,0,0,0,0,0,1,5,50,1,1,2,1,3,3,5,53,1,1,1,21,,,,2,1,,,,,,,,,,,,,,,,,,,,,,,,,2015
2318,2015040679,4,40679,3,3,1,8,11,5,14,12,1,1,0,48,2,12,481,12481,31,2011,1FTFW1CFXBFD,1,F,T,F,W,1,C,F,X,B,F,D,0,0,0,Not Applicable,Not Applicable,0,0,0,1,0,0,0,0,0,0,0,0,0,0,0,12,4,5,12,0,0,0,1,48,76106,6,1,0,0,3,3,999,999,0,0,0,0,0,0,0,0,0,0,0,0,0,0,1,5,45,1,1,2,1,3,3,5,62,1,1,1,98,,,,0,0,,,,,,,,,,,,,,,,,,,,,,,,,2015
2319,2015040680,4,40680,1,1,5,8,11,8,54,38,0,1,0,4,1,20,481,20481,31,2004,1GCHC29UX4E3,1,G,C,H,C,2,9,U,X,4,E,3,0,0,0,Not Applicable,Not Applicable,0,0,0,1,0,0,0,0,0,0,0,75,0,1,5,98,6,2,1,0,0,0,1,4,86033,6,1,0,0,3,3,69,220,0,0,0,0,0,0,0,0,0,0,58,0,0,0,1,2,65,2,1,2,1,0,0,14,13,8,9,4,7,,,,2,1,,,,,,,,,,,,,,,,,,,,,,,,,2015
2320,2015040681,4,40681,1,4,1,8,11,22,12,12,99,1,0,4,1,76,706,76706,80,2006,JYARN17E26A0,J,Y,A,R,N,1,7,E,2,6,A,0,0,0,0,Not Applicable,Not Applicable,0,0,0,1,0,0,0,0,0,0,0,998,0,0,0,98,6,2,12,0,0,0,1,4,85363,6,1,0,0,3,0,66,130,0,0,0,1,0,6,2012,6,2012,4,27,0,0,0,3,7,65,1,1,2,1,0,0,15,51,99,9,1,99,,,,1,1,,,,,,,,,,,,,,,,,,,,,,,,,2015
2321,2015040681,4,40681,2,4,2,8,11,22,12,12,99,1,0,4,1,7,402,7402,14,2003,1D4HR38N13F5,1,D,4,H,R,3,8,N,1,3,F,5,0,0,0,Not Applicable,Not Applicable,0,0,0,1,0,0,0,0,0,0,0,998,0,0,0,98,0,5,12,0,0,0,1,4,85345,6,1,0,0,3,0,60,115,0,0,0,0,0,0,0,0,0,0,0,0,0,0,3,7,65,1,1,2,1,0,0,1,53,99,1,1,99,,,,0,0,,,,,,,,,,,,,,,,,,,,,,,,,2015
2322,2015040681,4,40681,3,4,4,8,11,22,12,12,99,1,0,4,1,2,422,2422,15,2014,1C4RJEAG3EC1,1,C,4,R,J,E,A,G,3,E,C,1,0,0,0,Not Applicable,Not Applicable,0,0,0,1,0,0,0,0,0,0,0,998,0,0,0,6,6,2,12,0,0,0,1,4,85019,6,1,0,0,3,0,67,175,0,0,0,0,0,0,0,0,0,0,0,0,0,0,3,7,65,1,1,2,1,0,0,1,53,1,1,1,98,,,,0,0,,,,,,,,,,,,,,,,,,,,,,,,,2015
2323,2015040681,4,40681,4,4,4,8,11,22,12,12,99,1,0,4,2,37,31,37031,4,2004,1HGES16374L0,1,H,G,E,S,1,6,3,7,4,L,0,0,0,0,Not Applicable,Not Applicable,0,0,0,1,0,0,0,0,0,0,0,65,0,0,0,63,4,5,25,0,0,0,1,4,85539,0,0,0,0,0,0,999,999,0,0,0,0,0,0,0,0,0,0,0,0,0,0,3,7,65,1,1,2,1,0,0,1,78,8,5,4,98,,,,0,0,,,,,,,,,,,,,,,,,,,,,,,,,2015
2324,2015040682,4,40682,1,1,2,10,11,1,32,33,0,1,0,4,1,37,31,37031,4,2014,19XFB2E51EE0,1,9,X,F,B,2,E,5,1,E,E,0,0,0,0,Not Applicable,Not Applicable,0,0,0,1,0,0,0,0,0,0,0,998,0,1,5,98,6,2,1,0,0,0,1,4,85306,6,1,0,0,3,0,71,200,0,1,0,2,0,2,2011,10,2015,3,0,0,0,0,5,5,40,1,1,2,1,0,0,1,13,99,9,4,5,,,,1,1,,,,,,,,,,,,,,,,,,,,,,,,,2015
2325,2015040683,4,40683,1,2,1,10,11,6,22,8,0,1,0,4,1,12,401,12401,14,2006,1FMEU64886UA,1,F,M,E,U,6,4,8,8,6,U,A,0,0,0,Not Applicable,Not Applicable,0,0,0,1,0,0,0,0,0,0,0,5,0,0,0,12,2,5,8,0,0,0,1,4,85226,6,1,0,0,3,0,71,175,0,1,0,2,0,3,2012,10,2013,9,99,99,99,99,1,3,25,1,1,2,1,3,3,10,80,1,1,1,13,,,,0,0,,,,,,,,,,,,,,,,,,,,,,,,,2015
2326,2015040683,4,40683,2,2,1,10,11,6,22,8,0,1,0,6,4,20,29,20029,5,2015,KL8CD6S97FC7,K,L,8,C,D,6,S,9,7,F,C,7,0,0,0,Not Applicable,Not Applicable,0,0,0,1,0,0,0,0,0,0,0,35,0,0,0,12,2,5,8,0,0,0,1,97,0,9,9,99,0,9,9,999,999,99,99,99,99,99,99,9999,99,9999,9,99,99,99,99,2,5,45,1,1,2,1,3,3,1,80,4,1,1,98,,,,0,0,,,,,,,,,,,,,,,,,,,,,,,,,2015
2327,2015040684,4,40684,1,2,3,10,11,19,7,12,6,1,0,4,1,22,20,22020,4,2007,2G2WP5523712,2,G,2,W,P,5,5,2,3,7,1,2,0,0,0,Not Applicable,Not Applicable,0,0,0,1,0,0,0,0,0,0,0,999,0,0,0,61,6,2,12,0,0,0,1,4,85147,6,1,0,0,3,3,71,296,0,0,0,0,0,0,0,0,0,0,38,0,0,0,1,2,55,1,1,2,1,20,3,11,15,99,9,1,82,,,,1,0,,,,,,,,,,,,,,,,,,,,,,,,,2015
2328,2015040684,4,40684,2,2,2,10,11,19,7,12,6,1,0,4,1,2,404,2404,14,2014,1C4PJLAB9EW2,1,C,4,P,J,L,A,B,9,E,W,2,0,0,0,Not Applicable,Not Applicable,0,0,0,1,0,0,0,0,0,0,0,999,0,0,0,12,4,3,12,0,0,0,1,4,85128,6,1,0,0,3,0,67,178,0,0,0,0,0,0,0,0,0,0,0,0,0,0,1,5,65,1,1,2,1,0,0,1,67,1,1,1,83,,,,0,0,,,,,,,,,,,,,,,,,,,,,,,,,2015
2329,2015040685,4,40685,1,1,1,11,11,13,47,8,0,1,0,4,1,20,481,20481,31,2009,3GCEK23379G2,3,G,C,E,K,2,3,3,7,9,G,2,0,0,0,Not Applicable,Not Applicable,0,0,0,1,0,0,0,0,0,0,0,5,0,0,0,12,2,5,8,0,0,0,1,4,85375,6,1,0,0,3,0,68,180,0,0,0,0,0,0,0,0,0,0,38,0,0,0,1,3,35,1,1,2,1,20,3,11,80,1,1,1,13,,,,0,0,,,,,,,,,,,,,,,,,,,,,,,,,2015
2330,2015040686,4,40686,1,2,1,14,11,12,53,12,2,1,0,4,1,12,481,12481,31,2002,1FTRW08672KD,1,F,T,R,W,0,8,6,7,2,K,D,0,0,0,Not Applicable,Not Applicable,0,0,0,1,0,0,0,0,0,0,0,998,0,0,0,12,6,2,12,0,0,0,1,4,86326,1,1,0,0,2,3,70,210,0,3,0,0,0,3,2013,3,2013,0,28,0,0,0,1,2,65,1,1,2,1,0,0,6,10,99,1,2,50,,,,1,0,,,,,,,,,,,,,,,,,,,,,,,,,2015
2331,2015040686,4,40686,2,2,1,14,11,12,53,12,2,1,0,4,1,58,421,58421,15,2011,JN8AZ2NE4B90,J,N,8,A,Z,2,N,E,4,B,9,0,0,0,0,Not Applicable,Not Applicable,0,0,0,1,0,0,0,0,0,0,0,998,0,0,0,12,6,2,12,0,0,0,1,4,85083,6,1,0,0,3,3,77,265,0,0,0,0,0,0,0,0,0,0,0,0,0,0,1,2,65,1,1,2,1,0,0,1,62,9,1,2,51,,,,1,0,,,,,,,,,,,,,,,,,,,,,,,,,2015
2332,2015040687,4,40687,1,1,1,14,11,16,44,1,0,1,0,4,1,37,706,37706,80,1997,1HFSC1808VA1,1,H,F,S,C,1,8,0,8,V,A,1,0,0,0,Not Applicable,Not Applicable,0,0,0,1,0,0,0,0,0,0,0,998,0,0,0,0,6,2,1,0,0,0,1,4,86314,6,1,0,0,3,0,69,150,0,0,0,0,0,0,0,0,0,0,0,0,0,0,1,3,45,3,1,2,1,0,0,14,13,1,1,4,1,,,,1,1,,,,,,,,,,,,,,,,,,,,,,,,,2015
2333,2015040688,4,40688,1,6,1,14,11,23,34,12,1,1,0,26,2,76,706,76706,80,2001,JYAVP11EX1A0,J,Y,A,V,P,1,1,E,X,1,A,0,0,0,0,Not Applicable,Not Applicable,0,0,0,1,0,0,0,0,0,0,0,998,0,0,0,12,6,2,12,0,0,0,1,26,49349,1,1,0,0,2,0,74,240,0,2,0,0,0,6,2015,6,2015,4,0,0,0,0,3,5,65,1,1,2,1,0,0,1,51,99,9,3,24,,,,1,1,,,,,,,,,,,,,,,,,,,,,,,,,2015
2334,2015040688,4,40688,2,6,99,14,11,23,34,12,1,1,1,99,9,99,399,99399,9,9999,Unknown,9,9,9,9,9,9,9,9,9,9,9,9,0,0,0,Not Applicable,Not Applicable,0,0,0,1,0,0,0,0,0,0,0,998,0,0,0,6,9,5,12,99,99,0,1,99,99999,9,9,99,0,9,9,999,999,99,99,99,99,99,99,9999,99,9999,9,99,99,99,99,3,5,65,1,1,2,1,0,0,99,53,99,9,9,25,,,,0,0,,,,,,,,,,,,,,,,,,,,,,,,,2015
2335,2015040688,4,40688,3,6,1,14,11,23,34,12,1,1,0,4,1,12,3,12003,1,2016,1FATP8EM7G52,1,F,A,T,P,8,E,M,7,G,5,2,0,0,0,Not Applicable,Not Applicable,0,0,0,1,0,0,0,0,0,0,0,65,0,0,0,12,6,2,54,0,0,0,1,4,85027,6,1,0,0,3,0,75,198,0,0,0,0,0,0,0,0,0,0,0,0,0,0,3,5,65,1,1,2,1,0,0,1,98,1,1,1,98,,,,0,0,,,,,,,,,,,,,,,,,,,,,,,,,2015
2336,2015040688,4,40688,4,6,1,14,11,23,34,12,1,1,0,4,2,7,482,7482,31,2001,1B7HC16Y11S7,1,B,7,H,C,1,6,Y,1,1,S,7,0,0,0,Not Applicable,Not Applicable,0,0,0,1,0,0,0,0,0,0,0,998,0,0,0,6,4,5,12,0,0,0,1,4,85016,6,1,0,0,3,0,70,230,0,0,0,0,0,0,0,0,0,0,0,0,0,0,3,5,65,1,1,2,1,0,0,15,90,9,1,2,98,,,,0,0,,,,,,,,,,,,,,,,,,,,,,,,,2015
2337,2015040688,4,40688,5,6,1,14,11,23,34,12,1,1,0,4,1,37,32,37032,4,2011,5KBCP3F85BB0,5,K,B,C,P,3,F,8,5,B,B,0,0,0,0,Not Applicable,Not Applicable,0,0,0,1,0,0,0,0,0,0,0,60,0,0,0,12,6,2,12,0,0,0,1,4,85023,6,1,0,0,3,3,75,225,0,0,0,0,0,0,0,0,0,0,0,0,0,0,3,5,65,1,1,2,1,0,0,15,90,7,1,2,98,,,,0,0,,,,,,,,,,,,,,,,,,,,,,,,,2015
2338,2015040688,4,40688,6,6,1,14,11,23,34,12,1,1,0,4,1,55,35,55035,4,2013,5NPDH4AE1DH4,5,N,P,D,H,4,A,E,1,D,H,4,0,0,0,Not Applicable,Not Applicable,0,0,0,1,0,0,0,0,0,0,0,65,0,0,0,12,4,5,12,0,0,0,1,4,85023,6,1,0,0,3,0,67,130,1,0,0,2,0,7,2011,12,2012,0,89,0,0,0,3,5,65,1,1,2,1,0,0,1,90,9,9,2,98,,,,0,0,,,,,,,,,,,,,,,,,,,,,,,,,2015
2339,2015040689,4,40689,1,1,1,15,11,6,4,8,0,1,0,4,1,6,52,6052,6,2001,3C4FY4BB21T6,3,C,4,F,Y,4,B,B,2,1,T,6,0,0,0,Not Applicable,Not Applicable,0,0,0,1,0,0,0,0,0,0,0,30,0,0,0,12,6,2,8,0,0,0,1,4,85710,6,1,0,0,3,3,64,110,0,0,0,0,0,0,0,0,0,0,0,0,0,0,1,5,35,1,2,2,2,3,3,1,80,1,1,1,13,,,,0,0,,,,,,,,,,,,,,,,,,,,,,,,,2015