index,accident_id,STATE,ST_CASE,VEH_NO,VE_FORMS,NUMOCCS,DAY,MONTH,HOUR,MINUTE,HARM_EV,MAN_COLL,UNITTYPE,HIT_RUN,REG_STAT,OWNER,MAKE,MODEL,MAK_MOD,BODY_TYP,MOD_YEAR,VIN,VIN_1,VIN_2,VIN_3,VIN_4,VIN_5,VIN_6,VIN_7,VIN_8,VIN_9,VIN_10,VIN_11,VIN_12,TOW_VEH,J_KNIFE,MCARR_I1,MCARR_I2,MCARR_ID,GVWR,V_CONFIG,CARGO_BT,HAZ_INV,HAZ_PLAC,HAZ_ID,HAZ_CNO,HAZ_REL,BUS_USE,SPEC_USE,EMER_USE,TRAV_SP,UNDERIDE,ROLLOVER,ROLINLOC,IMPACT1,DEFORMED,TOWED,M_HARM,VEH_SC1,VEH_SC2,FIRE_EXP,DR_PRES,L_STATE,DR_ZIP,L_STATUS,L_TYPE,CDL_STAT,L_ENDORS,L_COMPL,L_RESTRI,DR_HGT,DR_WGT,PREV_ACC,PREV_SUS,PREV_DWI,PREV_SPD,PREV_OTH,FIRST_MO,FIRST_YR,LAST_MO,LAST_YR,SPEEDREL,DR_SF1,DR_SF2,DR_SF3,DR_SF4,VTRAFWAY,VNUM_LAN,VSPD_LIM,VALIGN,VPROFILE,VPAVETYP,VSURCOND,VTRAFCON,VTCONT_F,P_CRASH1,P_CRASH2,P_CRASH3,PCRASH4,PCRASH5,ACC_TYPE,TRLR1VIN,TRLR2VIN,TRLR3VIN,DEATHS,DR_DRINK,VINTYPE,VINMAKE,VINA_MOD,VIN_BT,VINMODYR,VIN_LNGT,VIN_WGT,WGTCD_TR,WHLBS_LG,WHLBS_SH,SER_TR,FUELCODE,MCYCL_DS,CARBUR,CYLINDER,DISPLACE,MCYCL_CY,MCYCL_WT,TIRE_SZE,TON_RAT,TRK_WT,TRKWTVAR,VIN_REST,WHLDRWHL,Year
2539,2015040822,4,40822,1,1,4,13,12,18,52,8,0,1,1,4,5,35,47,35047,4,1999,1N4DL01D7XC1,1,N,4,D,L,0,1,D,7,X,C,1,0,0,0,Not Applicable,Not Applicable,0,0,0,1,0,0,0,0,0,0,0,32,0,0,0,12,4,5,8,0,0,0,1,4,85019,6,1,0,0,3,3,70,165,1,1,0,1,1,5,2015,7,2015,0,38,91,0,0,1,4,35,1,1,2,1,0,0,1,80,1,1,1,13,,,,0,0,,,,,,,,,,,,,,,,,,,,,,,,,2015
2540,2015040823,4,40823,1,1,4,17,12,16,54,17,0,1,0,99,9,20,431,20431,16,1999,Unknown,9,9,9,9,9,9,9,9,9,9,9,9,0,0,0,Not Applicable,Not Applicable,0,0,0,1,0,0,0,0,0,0,0,998,0,1,1,98,9,9,1,0,0,0,1,99,99999,9,9,99,0,9,9,999,999,99,99,99,99,99,99,9999,99,9999,5,99,99,99,99,1,2,99,9,9,8,99,0,0,99,99,99,9,4,99,,,,1,0,,,,,,,,,,,,,,,,,,,,,,,,,2015
2541,2015040824,4,40824,1,6,1,19,12,1,7,12,1,1,0,4,1,23,422,23422,15,2013,1GKS2EEF1DR3,1,G,K,S,2,E,E,F,1,D,R,3,0,0,0,Not Applicable,Not Applicable,0,0,0,1,0,0,0,0,0,0,0,65,0,0,0,12,6,2,8,0,0,0,1,4,85050,6,1,0,0,3,0,69,190,0,0,0,1,0,3,2014,3,2014,0,0,0,0,0,3,5,65,1,1,2,1,0,0,1,10,1,1,2,32,,,,0,0,,,,,,,,,,,,,,,,,,,,,,,,,2015
2542,2015040824,4,40824,2,6,0,19,12,1,7,12,1,1,0,4,6,37,32,37032,2,2005,1HGCM82495A0,1,H,G,C,M,8,2,4,9,5,A,0,0,0,0,Not Applicable,Not Applicable,0,0,0,1,0,0,0,0,0,0,0,0,0,0,0,6,6,2,12,0,0,0,0,0,99997,7,6,97,7,6,7,998,997,998,998,998,998,998,98,9998,98,9998,8,20,0,0,0,3,5,65,1,1,2,1,0,0,0,61,0,0,0,32,,,,0,0,,,,,,,,,,,,,,,,,,,,,,,,,2015
2543,2015040824,4,40824,3,6,1,19,12,1,7,12,1,1,0,4,2,13,15,13015,4,2009,2LNHM82V29X6,2,L,N,H,M,8,2,V,2,9,X,6,0,0,0,Not Applicable,Not Applicable,0,0,0,1,0,0,0,0,0,0,0,65,0,0,0,14,0,5,8,0,0,0,1,4,85310,6,1,0,0,3,0,73,200,0,0,0,0,0,0,0,0,0,0,0,0,0,0,3,5,65,1,1,2,1,0,0,1,80,9,1,3,98,,,,0,0,,,,,,,,,,,,,,,,,,,,,,,,,2015
2544,2015040824,4,40824,4,6,2,19,12,1,7,12,1,1,0,4,1,34,34,34034,4,2007,WBAVA37517NL,W,B,A,V,A,3,7,5,1,7,N,L,0,0,0,Not Applicable,Not Applicable,0,0,0,1,0,0,0,0,0,0,0,60,0,0,0,12,6,2,8,0,0,0,1,4,85032,6,1,0,0,3,0,73,175,0,0,0,1,0,9,2011,9,2011,0,0,0,0,0,3,5,65,1,1,2,1,0,0,1,80,1,1,1,98,,,,0,0,,,,,,,,,,,,,,,,,,,,,,,,,2015
2545,2015040824,4,40824,5,6,1,19,12,1,7,12,1,1,0,4,1,12,402,12402,14,2006,1FMYU93196KB,1,F,M,Y,U,9,3,1,9,6,K,B,0,0,0,Not Applicable,Not Applicable,0,0,0,1,0,0,0,0,0,0,0,55,0,0,0,14,0,5,8,0,0,0,1,4,85122,6,1,0,0,3,0,70,280,0,0,0,0,0,0,0,0,0,0,0,0,0,0,3,5,65,1,1,2,1,0,0,1,80,98,9,3,98,,,,0,0,,,,,,,,,,,,,,,,,,,,,,,,,2015
2546,2015040824,4,40824,6,6,1,19,12,1,7,12,1,1,0,4,1,59,403,59403,14,2012,2T2ZK1BA7CC0,2,T,2,Z,K,1,B,A,7,C,C,0,0,0,0,Not Applicable,Not Applicable,0,0,0,1,0,0,0,0,0,0,0,70,0,0,0,14,2,5,8,0,0,0,1,4,85331,6,1,0,0,3,3,66,160,0,0,0,0,0,0,0,0,0,0,0,0,0,0,3,5,65,1,1,2,1,0,0,1,80,1,1,1,98,,,,0,0,,,,,,,,,,,,,,,,,,,,,,,,,2015
2547,2015040825,4,40825,1,1,1,20,12,2,53,1,0,1,0,4,1,49,482,49482,31,2006,5TBDT44176S5,5,T,B,D,T,4,4,1,7,6,S,5,0,0,0,Not Applicable,Not Applicable,0,0,0,1,0,0,0,0,0,0,0,998,0,1,5,0,6,2,42,0,0,0,1,4,86001,6,1,0,0,3,3,69,265,0,3,0,0,0,1,2011,11,2013,4,0,0,0,0,1,2,55,2,6,2,1,0,0,14,12,99,9,4,10,,,,1,1,,,,,,,,,,,,,,,,,,,,,,,,,2015
2548,2015040826,4,40826,1,1,2,22,12,99,99,99,99,1,9,99,9,99,999,99999,99,9999,Unknown,9,9,9,9,9,9,9,9,9,9,9,9,0,0,0,Not Applicable,Not Applicable,0,0,0,1,0,0,0,0,0,0,0,999,0,0,0,99,9,9,99,0,0,0,1,99,99999,9,9,99,0,9,9,999,999,99,99,99,99,99,99,9999,99,9999,9,99,99,99,99,9,9,99,9,9,2,99,99,9,99,99,99,9,9,99,,,,1,0,,,,,,,,,,,,,,,,,,,,,,,,,2015
2549,2015040827,4,40827,1,1,2,25,12,9,26,1,0,1,0,4,2,20,22,20022,4,2006,1G1AK55F1678,1,G,1,A,K,5,5,F,1,6,7,8,0,0,0,Not Applicable,Not Applicable,0,0,0,1,0,0,0,0,0,0,0,998,0,1,5,0,6,2,1,0,0,0,1,4,85042,6,1,0,0,3,0,72,185,0,0,0,0,0,0,0,0,0,9,99,99,99,99,1,2,65,1,1,2,1,0,0,6,13,99,9,4,7,,,,1,1,,,,,,,,,,,,,,,,,,,,,,,,,2015
2550,2015040828,4,40828,1,2,1,29,12,7,39,12,1,1,0,4,1,34,34,34034,1,1995,WBABJ532XSJC,W,B,A,B,J,5,3,2,X,S,J,C,0,0,0,Not Applicable,Not Applicable,0,0,0,1,0,0,0,0,0,0,0,998,0,0,0,6,6,2,12,0,0,0,1,4,85028,6,1,0,0,3,3,66,160,0,0,0,0,0,0,0,0,0,0,99,99,99,99,3,6,65,1,1,2,1,0,0,99,99,99,9,3,33,,,,1,0,,,,,,,,,,,,,,,,,,,,,,,,,2015
2551,2015040828,4,40828,2,2,1,29,12,7,39,12,1,1,0,4,1,20,421,20421,15,2002,1GNEC13Z22R3,1,G,N,E,C,1,3,Z,2,2,R,3,0,0,0,Not Applicable,Not Applicable,0,0,0,1,0,0,0,0,0,0,0,998,0,0,0,12,6,2,12,0,0,0,1,4,85202,6,1,0,0,3,0,66,140,0,0,0,0,0,0,0,0,0,0,0,0,0,0,3,6,65,1,1,2,1,0,0,1,99,1,1,1,33,,,,0,0,,,,,,,,,,,,,,,,,,,,,,,,,2015
2552,2015040829,4,40829,1,2,1,30,12,19,53,12,99,1,0,4,1,76,706,76706,80,2001,JYARN05E71A0,J,Y,A,R,N,0,5,E,7,1,A,0,0,0,0,Not Applicable,Not Applicable,0,0,0,1,0,0,0,0,0,0,0,62,0,0,0,98,6,2,12,0,0,0,1,4,85023,6,1,0,0,3,0,66,150,0,0,0,0,0,0,0,0,0,3,0,0,0,0,2,4,45,1,1,2,1,3,3,1,17,99,9,3,69,,,,1,0,,,,,,,,,,,,,,,,,,,,,,,,,2015
2553,2015040829,4,40829,2,2,2,30,12,19,53,12,99,1,0,4,1,63,37,63037,6,2015,KNDJP3A55F72,K,N,D,J,P,3,A,5,5,F,7,2,0,0,0,Not Applicable,Not Applicable,0,0,0,1,0,0,0,0,0,0,0,18,0,0,0,98,6,2,12,0,0,0,1,4,85022,6,1,0,0,3,3,73,170,0,0,0,0,0,0,0,0,0,0,0,0,0,0,2,4,45,1,1,2,1,3,3,11,63,99,9,3,68,,,,0,0,,,,,,,,,,,,,,,,,,,,,,,,,2015
2554,2015040830,4,40830,1,1,1,25,7,99,99,1,0,1,0,99,9,99,739,99739,90,9999,Unknown,9,9,9,9,9,9,9,9,9,9,9,9,0,0,0,Not Applicable,Not Applicable,0,0,0,1,0,0,0,0,0,0,0,999,0,9,9,0,9,9,1,0,0,0,1,99,99999,9,9,99,0,9,9,999,999,99,99,99,99,99,99,9999,99,9999,9,99,99,99,99,9,9,99,9,9,9,99,99,9,99,9,99,9,9,99,,,,1,0,,,,,,,,,,,,,,,,,,,,,,,,,2015
2555,2015040831,4,40831,1,3,1,26,12,18,44,12,8,1,0,4,1,20,16,20016,4,2004,3G1JH52F94S1,3,G,1,J,H,5,2,F,9,4,S,1,0,0,0,Not Applicable,Not Applicable,0,0,0,1,0,0,0,0,0,0,0,50,0,0,0,82,6,2,12,0,0,0,1,4,85321,0,0,0,0,0,0,999,999,0,0,0,0,0,0,0,0,0,0,51,0,0,0,2,2,50,1,1,8,1,0,0,1,54,99,1,1,66,,,,1,0,,,,,,,,,,,,,,,,,,,,,,,,,2015
2556,2015040831,4,40831,2,3,2,26,12,18,44,12,8,1,0,17,1,22,20,22020,4,2004,2G2WS5228411,2,G,2,W,S,5,2,2,8,4,1,1,0,0,0,Not Applicable,Not Applicable,0,0,0,1,0,0,0,0,0,0,0,30,0,0,0,12,6,2,12,0,0,0,1,17,60188,6,1,0,0,3,3,70,160,0,0,0,0,0,0,0,0,0,0,0,0,0,0,2,2,50,1,1,8,1,0,0,2,54,2,1,1,98,,,,0,0,,,,,,,,,,,,,,,,,,,,,,,,,2015
2557,2015040831,4,40831,3,3,2,26,12,18,44,12,8,1,0,4,1,55,35,55035,6,2012,KMHDC8AE3CU1,K,M,H,D,C,8,A,E,3,C,U,1,0,0,0,Not Applicable,Not Applicable,0,0,0,1,0,0,0,0,0,0,0,50,0,0,0,2,2,5,12,0,0,0,1,4,85255,6,1,0,0,3,3,67,175,0,0,0,0,0,0,0,0,0,0,0,0,0,0,2,2,50,1,1,8,1,0,0,1,54,8,1,1,66,,,,0,0,,,,,,,,,,,,,,,,,,,,,,,,,2015
2558,2015040832,4,40832,1,2,1,30,12,20,27,12,1,1,0,4,1,2,404,2404,14,2003,1J4GX48S93C5,1,J,4,G,X,4,8,S,9,3,C,5,0,0,0,Not Applicable,Not Applicable,0,0,0,1,0,0,0,0,0,0,0,30,0,0,0,12,6,2,12,0,0,0,1,4,85037,6,1,0,0,3,0,72,160,0,0,0,0,0,0,0,0,0,4,0,0,0,0,1,6,40,1,1,2,1,3,3,1,50,99,9,1,20,,,,0,1,,,,,,,,,,,,,,,,,,,,,,,,,2015
2559,2015040832,4,40832,2,2,1,30,12,20,27,12,1,1,0,4,2,37,32,37032,2,1998,1HGCG2254WA0,1,H,G,C,G,2,2,5,4,W,A,0,0,0,0,Not Applicable,Not Applicable,0,0,0,1,0,0,0,0,0,0,0,0,0,0,0,6,6,2,12,0,0,0,1,4,85033,0,0,0,0,0,0,67,170,1,0,0,2,0,8,2015,10,2015,0,54,0,0,0,1,6,40,1,1,2,1,3,3,5,53,1,1,1,21,,,,1,0,,,,,,,,,,,,,,,,,,,,,,,,,2015
2560,2015040833,4,40833,1,1,2,23,6,12,9,58,0,1,0,92,0,12,481,12481,31,2002,2FTRX18L82CA,2,F,T,R,X,1,8,L,8,2,C,A,0,0,0,Not Applicable,Not Applicable,0,0,0,1,0,0,0,0,0,0,0,998,0,1,5,12,6,2,1,0,0,0,1,4,86503,2,1,0,0,2,3,73,250,0,0,0,0,0,0,0,0,0,4,6,0,0,0,1,2,0,1,6,5,1,0,0,1,6,7,9,4,2,,,,1,1,,,,,,,,,,,,,,,,,,,,,,,,,2015
2561,2015040834,4,40834,1,1,1,13,7,12,30,1,0,1,0,4,1,23,421,23421,15,1999,1GKDT13W4X25,1,G,K,D,T,1,3,W,4,X,2,5,0,0,0,Not Applicable,Not Applicable,0,0,0,1,0,0,0,0,0,0,0,60,0,1,5,0,6,2,1,0,0,0,1,4,86556,0,0,0,0,0,0,66,240,0,0,0,1,0,10,2014,10,2014,4,0,0,0,0,1,2,55,1,1,2,1,0,0,1,6,99,9,4,2,,,,1,1,,,,,,,,,,,,,,,,,,,,,,,,,2015
2562,2015040835,4,40835,1,2,2,24,5,15,24,12,99,1,0,99,9,99,999,99999,99,9999,Unknown,9,9,9,9,9,9,9,9,9,9,9,9,0,0,0,Not Applicable,Not Applicable,0,0,0,1,0,0,0,0,0,0,0,999,0,0,0,99,9,9,12,0,0,0,1,4,86033,0,0,0,0,0,0,62,190,0,0,0,0,0,0,0,0,0,9,99,99,99,99,1,2,99,9,9,9,99,0,0,99,99,99,9,9,99,,,,2,0,,,,,,,,,,,,,,,,,,,,,,,,,2015
2563,2015040835,4,40835,2,2,2,24,5,15,24,12,99,1,0,99,9,99,999,99999,99,9999,Unknown,9,9,9,9,9,9,9,9,9,9,9,9,0,0,0,Not Applicable,Not Applicable,0,0,0,1,0,0,0,0,0,0,0,999,0,0,0,99,9,9,12,0,0,0,1,99,99999,9,9,99,0,9,9,999,999,99,99,99,99,99,99,9999,99,9999,9,99,99,99,99,1,2,99,9,9,9,99,0,0,99,99,99,9,9,99,,,,0,0,,,,,,,,,,,,,,,,,,,,,,,,,2015
2564,2015040836,4,40836,1,1,2,6,3,20,45,1,0,1,0,99,9,99,999,99999,99,9999,Unknown,9,9,9,9,9,9,9,9,9,9,9,9,0,0,0,Not Applicable,Not Applicable,0,0,0,1,0,0,0,0,0,0,0,999,0,1,9,0,9,9,1,0,0,0,1,99,99999,9,9,99,0,9,9,999,999,99,99,99,99,99,99,9999,99,9999,9,99,99,99,99,1,2,99,9,9,2,99,0,0,99,99,99,9,9,99,,,,1,0,,,,,,,,,,,,,,,,,,,,,,,,,2015
2565,2015040837,4,40837,1,1,1,1,9,99,99,1,0,1,0,99,9,99,999,99999,99,9999,Unknown,9,9,9,9,9,9,9,9,9,9,9,9,0,0,0,Not Applicable,Not Applicable,0,0,0,1,0,0,0,0,0,0,0,999,0,1,9,0,9,9,1,0,0,0,1,4,86053,6,1,0,0,3,0,69,205,0,0,0,1,0,5,2013,5,2013,9,99,99,99,99,9,9,99,9,9,9,99,0,0,99,99,99,9,9,99,,,,1,0,,,,,,,,,,,,,,,,,,,,,,,,,2015
2566,2015040838,4,40838,1,1,2,13,9,19,59,11,0,1,0,99,9,99,999,99999,99,9999,Unknown,9,9,9,9,9,9,9,9,9,9,9,9,0,0,0,Not Applicable,Not Applicable,0,0,0,1,0,0,0,0,0,0,0,999,0,0,0,98,9,9,11,0,0,0,1,99,99999,9,9,99,0,9,9,999,999,99,99,99,99,99,99,9999,99,9999,9,99,99,99,99,9,9,99,9,9,9,99,0,0,99,89,99,9,9,13,,,,1,0,,,,,,,,,,,,,,,,,,,,,,,,,2015
2567,2015040840,4,40840,1,1,1,4,11,6,25,8,0,1,0,4,1,23,481,23481,31,1995,2GDEC19K3S15,2,G,D,E,C,1,9,K,3,S,1,5,0,0,0,Not Applicable,Not Applicable,0,0,0,1,0,0,0,0,0,0,0,35,0,0,0,12,2,5,8,0,0,0,1,4,86403,6,1,0,0,3,0,68,130,0,2,0,0,0,2,2014,10,2014,4,0,0,0,0,5,5,35,1,1,8,1,0,0,1,87,98,1,3,13,,,,0,0,,,,,,,,,,,,,,,,,,,,,,,,,2015
2568,2015040841,4,40841,1,1,1,8,11,18,10,8,0,1,9,99,9,99,999,99999,99,9999,Unknown,9,9,9,9,9,9,9,9,9,9,9,9,0,0,0,Not Applicable,Not Applicable,0,0,0,1,0,0,0,0,0,0,0,999,0,0,0,98,9,9,8,0,0,0,1,99,99999,9,9,99,0,9,9,999,999,99,99,99,99,99,99,9999,99,9999,9,99,99,99,99,9,9,99,9,9,9,99,0,0,99,80,99,9,9,13,,,,0,0,,,,,,,,,,,,,,,,,,,,,,,,,2015
2569,2015040842,4,40842,1,1,6,8,11,6,8,1,0,1,0,4,1,20,444,20444,20,2005,1GNDV23L75D1,1,G,N,D,V,2,3,L,7,5,D,1,0,0,0,Not Applicable,Not Applicable,0,0,0,1,0,0,0,0,0,0,0,998,0,1,5,0,6,2,1,0,0,0,1,4,85122,6,1,0,0,3,3,66,230,0,0,0,0,0,0,0,0,0,0,58,0,0,0,1,2,55,1,1,8,1,0,0,1,13,6,3,4,2,,,,1,0,,,,,,,,,,,,,,,,,,,,,,,,,2015
2570,2015040843,4,40843,1,2,2,14,12,8,11,12,6,1,0,4,1,7,402,7402,14,1998,1B4HS28Z0WF1,1,B,4,H,S,2,8,Z,0,W,F,1,0,0,0,Not Applicable,Not Applicable,0,0,0,1,0,0,0,0,0,0,0,3,0,0,0,12,6,2,12,0,0,0,1,4,85501,6,1,0,0,3,0,65,130,0,0,0,0,0,0,0,0,0,0,38,0,0,0,1,2,25,1,6,2,2,20,3,11,15,1,1,1,82,,,,0,0,,,,,,,,,,,,,,,,,,,,,,,,,2015
2571,2015040843,4,40843,2,2,3,14,12,8,11,12,6,1,0,4,3,6,441,6441,20,2010,2A4RR5D13AR2,2,A,4,R,R,5,D,1,3,A,R,2,0,0,0,Not Applicable,Not Applicable,0,0,0,1,0,0,0,0,0,0,0,30,0,0,0,82,6,2,12,0,0,0,1,4,85911,6,1,0,0,3,0,68,280,0,2,0,1,1,11,2012,10,2015,0,0,0,0,0,5,5,30,1,6,2,2,0,0,1,67,1,1,1,83,,,,1,0,,,,,,,,,,,,,,,,,,,,,,,,,2015
2572,2014040001,4,40001,1,2,1,4,1,19,45,12,6,1,0,4,1,49,50,49050,3,2008,JTKDE1679802,J,T,K,D,E,1,6,7,9,8,0,2,0,0,0,Not Applicable,Not Applicable,0,0,0,1,0,0,0,0,0,0,0,5,0,0,0,82,6,2,12,0,0,0,1,4,85749,6,1,0,0,3,0,69,120,0,0,0,0,0,0,0,0,0,0,38,0,0,0,2,3,40,1,1,8,1,2,3,12,15,99,1,1,98,,,,1,0,,,,,,,,,,,,,,,,,,,,,,,,,2014
2573,2014040001,4,40001,2,2,4,4,1,19,45,12,6,1,0,4,3,7,482,7482,31,2011,1D7RV1CT7BS6,1,D,7,R,V,1,C,T,7,B,S,6,0,0,0,Not Applicable,Not Applicable,0,0,0,1,0,0,0,0,0,0,0,40,0,0,0,12,6,2,12,0,0,0,1,4,85748,6,1,0,0,3,1,77,235,0,0,0,0,0,0,0,0,0,0,0,0,0,0,2,4,40,1,1,8,1,2,3,1,62,1,1,1,98,,,,0,0,,,,,,,,,,,,,,,,,,,,,,,,,2014
2574,2014040002,4,40002,1,1,1,7,1,6,47,8,0,1,0,4,1,7,482,7482,31,2000,1B7KF2368YJ1,1,B,7,K,F,2,3,6,8,Y,J,1,0,0,0,Not Applicable,Not Applicable,0,0,0,1,0,0,0,0,0,0,0,33,0,0,0,12,2,5,8,0,0,0,1,4,85748,6,1,0,0,3,0,67,160,0,0,0,0,1,7,2013,7,2013,0,0,0,0,0,2,3,30,1,1,2,1,0,0,15,80,1,1,1,13,,,,0,0,,,,,,,,,,,,,,,,,,,,,,,,,2014
2575,2014040003,4,40003,1,1,5,8,1,18,18,9,0,1,0,92,0,7,20,7020,4,2004,1B3ES56C14D6,1,B,3,E,S,5,6,C,1,4,D,6,0,0,0,Not Applicable,Not Applicable,0,0,0,1,0,0,0,0,0,0,0,39,0,0,0,12,6,2,9,0,0,0,1,4,85033,0,0,0,0,0,0,67,260,0,5,0,1,0,5,2011,1,2012,0,91,0,0,0,5,6,35,1,1,2,1,0,0,1,83,1,1,1,13,,,,0,0,,,,,,,,,,,,,,,,,,,,,,,,,2014
2576,2014040004,4,40004,1,2,1,10,1,3,45,12,1,1,0,4,3,85,881,85881,66,2011,1XKADP9X3BJ2,1,X,K,A,D,P,9,X,3,B,J,2,1,1,57,230066,57230066,3,6,1,1,0,0,0,0,0,0,0,998,0,0,0,12,2,3,12,0,0,0,1,4,85283,6,1,6,0,3,0,70,190,0,2,0,0,0,8,2012,8,2012,5,91,0,0,0,2,3,75,1,1,2,1,0,0,1,51,1,1,1,24,,,,0,0,,,,,,,,,,,,,,,,,,,,,,,,,2014
2577,2014040004,4,40004,2,2,7,10,1,3,45,12,1,1,0,6,2,12,422,12422,15,2005,1FMPU15515LA,1,F,M,P,U,1,5,5,1,5,L,A,0,0,0,Not Applicable,Not Applicable,0,0,0,1,0,0,0,0,0,0,0,998,0,1,9,6,6,2,1,0,0,0,1,6,93637,6,1,0,0,3,0,69,152,0,0,0,0,0,0,0,0,0,0,0,0,0,0,2,3,75,1,1,2,1,0,0,1,53,1,1,1,25,,,,2,0,,,,,,,,,,,,,,,,,,,,,,,,,2014
2578,2014040005,4,40005,1,1,1,11,1,17,0,99,0,1,0,92,0,76,734,76734,90,2011,JY4AM14Y3BC0,J,Y,4,A,M,1,4,Y,3,B,C,0,0,0,0,Not Applicable,Not Applicable,0,0,0,1,0,0,0,0,0,0,0,998,0,0,0,99,4,5,99,0,0,0,1,4,86040,6,1,0,0,3,0,72,280,0,3,1,0,0,11,2012,5,2013,9,99,99,99,99,1,2,98,1,1,8,1,0,0,99,99,99,9,9,99,,,,1,0,,,,,,,,,,,,,,,,,,,,,,,,,2014
2579,2014040006,4,40006,1,2,1,11,1,19,2,12,1,1,0,4,1,49,32,49032,4,2010,2T1BU4EE2AC4,2,T,1,B,U,4,E,E,2,A,C,4,0,0,0,Not Applicable,Not Applicable,0,0,0,1,0,0,0,0,0,0,0,5,0,0,0,6,2,3,12,32,0,0,1,4,85741,6,1,0,0,3,3,63,160,0,0,0,1,0,4,2011,4,2011,0,38,0,0,0,0,0,0,0,0,0,0,20,3,10,16,1,1,1,78,,,,0,0,,,,,,,,,,,,,,,,,,,,,,,,,2014
2580,2014040006,4,40006,2,2,1,11,1,19,2,12,1,1,0,4,2,72,706,72706,80,2004,1HD4CJM1X4K4,1,H,D,4,C,J,M,1,X,4,K,4,0,0,0,Not Applicable,Not Applicable,0,0,0,1,0,0,0,0,0,0,0,35,0,0,0,12,6,2,12,0,0,0,1,4,85742,6,1,3,0,2,0,70,155,0,0,0,2,1,5,2012,11,2013,0,99,99,99,99,2,2,35,1,1,2,1,0,0,99,70,3,2,1,79,,,,1,0,,,,,,,,,,,,,,,,,,,,,,,,,2014
2581,2014040007,4,40007,1,2,1,13,1,7,38,12,6,1,0,4,2,58,37,58037,4,2005,JNKCV51E55M2,J,N,K,C,V,5,1,E,5,5,M,2,0,0,0,Not Applicable,Not Applicable,0,0,0,1,0,0,0,0,0,0,0,998,0,0,0,81,4,3,12,0,0,0,1,4,85032,6,1,0,0,3,0,70,190,0,0,0,1,1,12,2012,3,2013,0,38,0,0,0,2,3,40,1,1,2,1,2,3,11,15,1,1,1,68,,,,0,0,,,,,,,,,,,,,,,,,,,,,,,,,2014
2582,2014040007,4,40007,2,2,1,13,1,7,38,12,6,1,0,4,1,98,709,98709,88,2005,LJ4TCKPA1590,L,J,4,T,C,K,P,A,1,5,9,0,0,0,0,Not Applicable,Not Applicable,0,0,0,1,0,0,0,0,0,0,0,45,0,0,0,12,6,2,12,0,0,0,1,4,85008,6,1,0,0,3,3,71,265,0,0,0,0,0,0,0,0,0,0,0,0,0,0,2,3,40,1,1,2,1,2,3,1,62,3,1,1,69,,,,1,0,,,,,,,,,,,,,,,,,,,,,,,,,2014
2583,2014040008,4,40008,1,1,4,16,1,22,7,1,0,1,0,4,1,34,34,34034,4,1998,WBACD4328WAV,W,B,A,C,D,4,3,2,8,W,A,V,0,0,0,Not Applicable,Not Applicable,0,0,0,1,0,0,0,0,0,0,0,65,0,1,3,0,6,2,1,0,0,0,1,4,85031,6,1,0,0,3,0,74,220,0,0,0,0,0,0,0,0,0,9,99,99,99,99,2,2,65,1,1,2,1,0,0,99,9,99,9,4,7,,,,1,0,,,,,,,,,,,,,,,,,,,,,,,,,2014
2584,2014040009,4,40009,1,1,1,18,1,11,39,24,0,1,0,4,1,72,706,72706,80,2005,1HD4CJM135K4,1,H,D,4,C,J,M,1,3,5,K,4,0,0,0,Not Applicable,Not Applicable,0,0,0,1,0,0,0,0,0,0,0,60,0,0,0,62,6,2,24,0,0,0,1,4,85345,6,1,0,0,3,0,63,150,0,0,0,0,0,0,0,0,0,5,99,99,99,99,3,4,65,2,1,2,1,0,0,14,12,99,1,4,6,,,,1,0,,,,,,,,,,,,,,,,,,,,,,,,,2014
2585,2014040010,4,40010,1,3,1,18,1,17,51,12,2,1,0,30,2,20,22,20022,2,2007,1G1AM15B5772,1,G,1,A,M,1,5,B,5,7,7,2,0,0,0,Not Applicable,Not Applicable,0,0,0,1,0,0,0,0,0,0,0,65,1,0,0,12,6,2,12,0,0,0,1,4,85207,6,1,0,0,3,0,72,195,0,0,0,1,0,8,2012,8,2012,4,28,33,0,0,1,2,50,1,1,2,1,40,3,6,10,99,1,2,50,,,,1,1,,,,,,,,,,,,,,,,,,,,,,,,,2014
2586,2014040010,4,40010,2,3,1,18,1,17,51,12,2,1,0,4,2,12,481,12481,31,1995,1FTEX14H6SKB,1,F,T,E,X,1,4,H,6,S,K,B,0,0,0,Not Applicable,Not Applicable,0,0,0,1,0,0,0,0,0,0,0,50,0,0,0,12,6,2,12,0,0,1,1,4,85210,6,1,0,0,3,0,68,180,0,1,0,1,0,7,2011,8,2011,0,0,0,0,0,1,2,50,1,1,2,1,40,3,1,62,1,1,1,51,,,,0,0,,,,,,,,,,,,,,,,,,,,,,,,,2014
2587,2014040010,4,40010,3,3,1,18,1,17,51,12,2,1,0,4,1,37,441,37441,20,2009,5FNRL386X9B0,5,F,N,R,L,3,8,6,X,9,B,0,0,0,0,Not Applicable,Not Applicable,0,0,0,1,0,0,0,0,0,0,0,50,0,0,0,63,2,5,54,0,0,0,1,4,85381,6,1,0,0,3,0,62,190,0,0,0,0,0,0,0,0,0,0,0,0,0,0,1,2,50,1,1,2,1,0,0,1,98,1,1,1,98,,,,0,0,,,,,,,,,,,,,,,,,,,,,,,,,2014