index,accident_id,STATE,ST_CASE,VEH_NO,VE_FORMS,NUMOCCS,DAY,MONTH,HOUR,MINUTE,HARM_EV,MAN_COLL,UNITTYPE,HIT_RUN,REG_STAT,OWNER,MAKE,MODEL,MAK_MOD,BODY_TYP,MOD_YEAR,VIN,VIN_1,VIN_2,VIN_3,VIN_4,VIN_5,VIN_6,VIN_7,VIN_8,VIN_9,VIN_10,VIN_11,VIN_12,TOW_VEH,J_KNIFE,MCARR_I1,MCARR_I2,MCARR_ID,GVWR,V_CONFIG,CARGO_BT,HAZ_INV,HAZ_PLAC,HAZ_ID,HAZ_CNO,HAZ_REL,BUS_USE,SPEC_USE,EMER_USE,TRAV_SP,UNDERIDE,ROLLOVER,ROLINLOC,IMPACT1,DEFORMED,TOWED,M_HARM,VEH_SC1,VEH_SC2,FIRE_EXP,DR_PRES,L_STATE,DR_ZIP,L_STATUS,L_TYPE,CDL_STAT,L_ENDORS,L_COMPL,L_RESTRI,DR_HGT,DR_WGT,PREV_ACC,PREV_SUS,PREV_DWI,PREV_SPD,PREV_OTH,FIRST_MO,FIRST_YR,LAST_MO,LAST_YR,SPEEDREL,DR_SF1,DR_SF2,DR_SF3,DR_SF4,VTRAFWAY,VNUM_LAN,VSPD_LIM,VALIGN,VPROFILE,VPAVETYP,VSURCOND,VTRAFCON,VTCONT_F,P_CRASH1,P_CRASH2,P_CRASH3,PCRASH4,PCRASH5,ACC_TYPE,TRLR1VIN,TRLR2VIN,TRLR3VIN,DEATHS,DR_DRINK,VINTYPE,VINMAKE,VINA_MOD,VIN_BT,VINMODYR,VIN_LNGT,VIN_WGT,WGTCD_TR,WHLBS_LG,WHLBS_SH,SER_TR,FUELCODE,MCYCL_DS,CARBUR,CYLINDER,DISPLACE,MCYCL_CY,MCYCL_WT,TIRE_SZE,TON_RAT,TRK_WT,TRKWTVAR,VIN_REST,WHLDRWHL,Year
2789,2014040149,4,40149,2,2,3,26,4,8,9,12,6,1,0,4,2,12,4,12004,2,1995,1FALP62W8SH1,1,F,A,L,P,6,2,W,8,S,H,1,0,0,0,Not Applicable,Not Applicable,0,0,0,1,0,0,0,0,0,0,0,10,0,0,0,9,6,2,12,0,0,0,1,4,85338,6,1,0,0,3,3,60,112,0,0,0,0,0,0,0,0,0,0,0,0,0,0,1,3,45,1,1,8,1,20,3,1,66,1,1,1,89,,,,1,0,,,,,,,,,,,,,,,,,,,,,,,,,2014
2790,2014040150,4,40150,1,1,1,13,4,19,40,33,0,1,0,92,0,35,48,35048,1,2004,JN1AZ36A74T0,J,N,1,A,Z,3,6,A,7,4,T,0,0,0,0,Not Applicable,Not Applicable,0,0,0,1,0,0,0,0,0,0,0,86,0,0,0,81,6,2,31,0,0,1,1,4,85326,6,1,0,0,3,0,67,145,0,1,0,1,0,3,2013,3,2013,3,0,0,0,0,1,2,45,1,1,2,1,0,0,1,6,99,4,4,7,,,,1,1,,,,,,,,,,,,,,,,,,,,,,,,,2014
2791,2014040151,4,40151,1,1,1,19,4,11,37,42,0,1,0,4,1,37,703,37703,88,2014,MLHNF0413E50,M,L,H,N,F,0,4,1,3,E,5,0,0,0,0,Not Applicable,Not Applicable,0,0,0,1,0,0,0,0,0,0,0,40,0,0,0,12,6,2,1,0,0,0,1,4,85031,6,1,0,0,3,3,70,200,0,0,0,0,0,0,0,0,0,4,0,0,0,0,1,2,40,2,6,2,1,0,0,14,12,99,1,4,6,,,,1,0,,,,,,,,,,,,,,,,,,,,,,,,,2014
2792,2014040152,4,40152,1,1,1,3,3,20,0,8,0,1,0,4,2,35,39,35039,4,2006,1N4BA41E96C8,1,N,4,B,A,4,1,E,9,6,C,8,0,0,0,Not Applicable,Not Applicable,0,0,0,1,0,0,0,0,0,0,0,44,0,0,0,12,6,2,8,0,0,0,1,4,85017,0,0,0,0,0,0,999,999,0,0,0,0,0,0,0,0,0,0,91,0,0,0,5,5,40,1,1,8,1,0,0,1,80,4,1,1,13,,,,0,0,,,,,,,,,,,,,,,,,,,,,,,,,2014
2793,2014040153,4,40153,1,2,1,15,3,4,43,1,0,1,0,4,1,55,35,55035,4,2012,KMHDH4AE4CU4,K,M,H,D,H,4,A,E,4,C,U,4,0,0,0,Not Applicable,Not Applicable,0,0,0,1,0,0,0,0,0,0,0,117,0,1,3,0,6,2,1,0,0,0,1,4,85747,6,1,0,0,3,0,69,145,0,0,0,0,0,0,0,0,0,9,99,99,99,99,2,8,75,1,1,2,1,0,0,99,9,99,9,4,7,,,,1,1,,,,,,,,,,,,,,,,,,,,,,,,,2014
2794,2014040153,4,40153,2,2,2,15,3,4,43,1,0,1,0,4,1,73,706,73706,80,2009,JKBZGNA159A0,J,K,B,Z,G,N,A,1,5,9,A,0,0,0,0,Not Applicable,Not Applicable,0,0,0,1,0,0,0,0,0,0,0,75,0,0,0,0,6,2,1,0,0,0,1,4,85048,6,1,0,0,3,0,68,175,0,0,0,0,0,0,0,0,0,0,0,0,0,0,2,8,75,1,1,2,1,0,0,1,99,99,9,3,98,,,,0,0,,,,,,,,,,,,,,,,,,,,,,,,,2014
2795,2014040154,4,40154,1,1,1,10,3,17,32,15,0,1,0,4,1,49,402,49402,14,2012,2T3BF4DVXCW2,2,T,3,B,F,4,D,V,X,C,W,2,0,0,0,Not Applicable,Not Applicable,0,0,0,1,0,0,0,0,0,0,0,32,0,0,0,12,2,3,15,0,0,0,1,4,85935,6,1,0,0,3,0,64,180,0,0,0,1,0,10,2011,10,2011,0,89,0,0,0,1,5,35,1,1,2,1,2,3,3,80,1,1,1,13,,,,0,0,,,,,,,,,,,,,,,,,,,,,,,,,2014
2796,2014040155,4,40155,1,1,6,15,3,13,15,1,0,1,0,4,1,12,422,12422,15,2003,1FMRU17WX3LB,1,F,M,R,U,1,7,W,X,3,L,B,0,0,0,Not Applicable,Not Applicable,0,0,0,1,0,0,0,0,0,0,0,75,0,1,3,0,6,2,1,0,0,0,1,6,90044,6,1,0,0,3,3,62,166,0,0,0,0,0,0,0,0,0,9,99,99,99,99,2,2,75,1,1,2,1,0,0,1,9,99,9,4,7,,,,1,0,,,,,,,,,,,,,,,,,,,,,,,,,2014
2797,2014040156,4,40156,1,1,1,12,3,19,44,8,0,1,0,4,2,12,401,12401,14,1997,1FMDU35P3VZA,1,F,M,D,U,3,5,P,3,V,Z,A,0,0,0,Not Applicable,Not Applicable,0,0,0,1,0,0,0,0,0,0,0,45,0,0,0,12,2,5,8,0,0,0,1,4,85212,6,1,0,0,3,0,62,189,0,0,0,1,0,7,2012,7,2012,0,0,0,0,0,5,5,45,1,1,8,1,0,0,1,80,1,1,1,13,,,,0,0,,,,,,,,,,,,,,,,,,,,,,,,,2014
2798,2014040157,4,40157,1,3,6,29,3,18,4,1,0,1,0,4,1,12,481,12481,31,2002,1FTNX21F42EA,1,F,T,N,X,2,1,F,4,2,E,A,0,0,0,Not Applicable,Not Applicable,0,0,0,1,0,0,0,0,0,0,0,999,1,1,1,0,6,2,12,32,0,0,1,4,85234,6,1,0,0,3,0,71,195,0,0,0,0,0,0,0,0,0,0,80,0,0,0,2,2,75,1,1,2,1,0,0,1,1,4,4,4,98,,,,5,0,,,,,,,,,,,,,,,,,,,,,,,,,2014
2799,2014040157,4,40157,2,3,2,29,3,18,4,1,0,1,0,6,3,82,881,82881,66,2014,3AKJGLD62ESF,3,A,K,J,G,L,D,6,2,E,S,F,1,3,57,0086321,570086321,3,6,1,1,0,0,0,0,0,0,0,67,0,0,0,12,6,2,12,0,0,0,1,6,91710,6,1,6,0,3,0,66,165,1,0,0,0,0,7,2011,7,2011,0,0,0,0,0,2,2,75,1,1,2,1,0,0,1,62,7,1,2,98,,,,0,0,,,,,,,,,,,,,,,,,,,,,,,,,2014
2800,2014040157,4,40157,3,3,4,29,3,18,4,1,0,1,0,4,2,37,31,37031,2,2005,1HGEM22115L0,1,H,G,E,M,2,2,1,1,5,L,0,0,0,0,Not Applicable,Not Applicable,0,0,0,1,0,0,0,0,0,0,0,65,0,0,0,12,6,2,12,0,0,0,1,4,85607,6,1,0,0,3,0,72,205,1,0,0,0,1,9,2013,9,2013,0,0,0,0,0,2,2,75,1,1,2,1,0,0,2,50,4,9,1,98,,,,0,0,,,,,,,,,,,,,,,,,,,,,,,,,2014
2801,2014040158,4,40158,1,2,3,1,3,0,17,12,6,1,0,4,2,35,43,35043,2,2001,3N1CB51D51L5,3,N,1,C,B,5,1,D,5,1,L,5,0,0,0,Not Applicable,Not Applicable,0,0,0,1,0,0,0,0,0,0,0,15,0,0,0,61,6,2,12,0,0,0,1,4,85379,6,1,0,0,3,0,72,151,0,0,0,0,0,0,0,0,0,0,48,0,0,0,1,6,40,1,1,8,2,0,0,12,10,99,1,3,98,,,,1,0,,,,,,,,,,,,,,,,,,,,,,,,,2014
2802,2014040158,4,40158,2,2,1,1,3,0,17,12,6,1,0,4,2,55,401,55401,14,2002,KM8SB12B42U2,K,M,8,S,B,1,2,B,4,2,U,2,0,0,0,Not Applicable,Not Applicable,0,0,0,1,0,0,0,0,0,0,0,45,0,0,0,12,6,2,12,0,0,0,1,4,85286,6,1,0,0,3,0,72,195,0,0,0,0,0,0,0,0,0,0,0,0,0,0,1,6,40,1,1,2,2,0,0,1,61,99,1,1,98,,,,0,0,,,,,,,,,,,,,,,,,,,,,,,,,2014
2803,2014040159,4,40159,1,2,3,3,3,13,55,12,6,1,0,4,2,37,31,37031,4,2013,2HGFB6E53DH7,2,H,G,F,B,6,E,5,3,D,H,7,0,0,0,Not Applicable,Not Applicable,0,0,0,1,0,0,0,0,0,0,0,65,0,0,0,61,6,2,12,0,0,0,1,4,86510,6,1,0,0,3,0,66,130,0,0,0,0,0,0,0,0,0,0,0,0,0,0,1,2,65,1,1,2,1,0,0,1,62,7,1,4,66,,,,1,0,,,,,,,,,,,,,,,,,,,,,,,,,2014
2804,2014040159,4,40159,2,2,1,3,3,13,55,12,6,1,0,4,2,49,51,49051,4,2012,JTDBT4K33CL0,J,T,D,B,T,4,K,3,3,C,L,0,0,0,0,Not Applicable,Not Applicable,0,0,0,1,0,0,0,0,0,0,0,65,0,1,5,12,6,2,1,0,0,0,1,4,86538,4,1,0,0,2,0,71,170,0,0,0,0,0,0,0,0,0,0,0,0,0,0,1,2,65,1,1,2,1,0,0,1,9,99,9,4,66,,,,0,0,,,,,,,,,,,,,,,,,,,,,,,,,2014
2805,2014040160,4,40160,1,1,1,4,3,2,22,8,0,1,1,99,9,99,999,99999,99,9999,Unknown,9,9,9,9,9,9,9,9,9,9,9,9,0,0,0,Not Applicable,Not Applicable,0,0,0,1,0,0,0,0,0,0,0,30,0,0,0,12,9,5,8,0,0,0,1,99,99999,9,9,99,0,9,9,999,999,99,99,99,99,99,99,9999,99,9999,0,99,99,99,99,2,3,40,1,1,8,1,0,0,1,80,99,9,1,13,,,,0,0,,,,,,,,,,,,,,,,,,,,,,,,,2014
2806,2014040162,4,40162,1,1,1,8,3,16,30,1,0,1,0,4,1,72,706,72706,80,2000,1HD1BJY12YY0,1,H,D,1,B,J,Y,1,2,Y,Y,0,0,0,0,Not Applicable,Not Applicable,0,0,0,1,0,0,0,0,0,0,0,998,0,0,0,0,6,2,1,0,0,0,1,4,85396,6,1,6,0,3,3,76,248,0,0,0,0,0,0,0,0,0,0,89,0,0,0,1,2,55,3,1,2,1,0,0,14,13,1,1,4,1,,,,1,0,,,,,,,,,,,,,,,,,,,,,,,,,2014
2807,2014040163,4,40163,1,1,2,10,3,17,41,5,0,1,0,92,0,98,998,98998,97,9999,HWIGGINSWLC8,H,W,I,G,G,I,N,S,W,L,C,8,0,0,0,Not Applicable,Not Applicable,0,0,0,1,0,0,0,0,0,0,0,998,0,2,5,0,6,2,1,0,0,0,1,4,99999,0,0,0,0,0,0,999,999,0,0,0,0,0,0,0,0,0,0,99,99,99,99,1,2,98,1,1,7,1,0,0,1,98,99,1,3,0,,,,1,0,,,,,,,,,,,,,,,,,,,,,,,,,2014
2808,2014040164,4,40164,1,2,1,11,3,11,9,12,9,1,0,4,1,49,32,49032,4,2013,5YFBU4EE8DP1,5,Y,F,B,U,4,E,E,8,D,P,1,0,0,0,Not Applicable,Not Applicable,0,0,0,1,0,0,0,0,0,0,0,998,0,0,0,6,6,8,12,0,0,0,1,4,86033,6,1,0,0,3,3,66,150,0,0,0,0,0,0,0,0,0,0,0,0,0,0,1,2,98,8,8,8,98,0,0,11,15,1,1,1,72,,,,0,0,,,,,,,,,,,,,,,,,,,,,,,,,2014
2809,2014040164,4,40164,2,2,4,11,3,11,9,12,9,1,0,4,1,20,2,20002,4,2008,2G1WT55K6891,2,G,1,W,T,5,5,K,6,8,9,1,0,0,0,Not Applicable,Not Applicable,0,0,0,1,0,0,0,0,0,0,0,998,0,0,0,62,6,8,12,32,0,0,1,4,86033,6,1,0,0,3,3,64,230,0,0,0,0,0,0,0,0,0,5,33,0,0,0,1,2,98,1,1,8,1,0,0,6,51,1,1,2,73,,,,1,0,,,,,,,,,,,,,,,,,,,,,,,,,2014
2810,2014040165,4,40165,1,1,1,11,3,20,38,8,0,1,0,4,1,20,402,20402,14,2003,2CNBE13C1369,2,C,N,B,E,1,3,C,1,3,6,9,0,0,0,Not Applicable,Not Applicable,0,0,0,1,0,0,0,0,0,0,0,40,0,0,0,12,6,2,8,0,0,0,1,4,85083,6,1,0,0,3,0,65,130,0,0,0,0,0,0,0,0,0,0,0,0,0,0,5,6,45,1,1,8,1,0,0,1,80,99,1,1,13,,,,0,0,,,,,,,,,,,,,,,,,,,,,,,,,2014
2811,2014040166,4,40166,1,1,1,12,3,6,11,15,0,1,0,4,2,37,32,37032,4,2005,1HGCM568X5A1,1,H,G,C,M,5,6,8,X,5,A,1,0,0,0,Not Applicable,Not Applicable,0,0,0,1,0,0,0,0,0,0,0,39,0,0,0,12,4,5,15,0,0,0,1,4,85143,6,1,0,0,3,0,64,168,1,0,0,1,1,6,2012,12,2013,0,0,0,0,0,2,2,40,1,1,2,1,0,0,1,83,1,1,1,13,,,,0,0,,,,,,,,,,,,,,,,,,,,,,,,,2014
2812,2014040167,4,40167,1,1,2,13,3,10,57,33,0,1,0,4,2,12,17,12017,6,1993,1FACP57U2PG2,1,F,A,C,P,5,7,U,2,P,G,2,0,0,0,Not Applicable,Not Applicable,0,0,0,1,0,0,0,0,0,0,0,25,0,0,0,12,6,2,38,0,0,0,1,4,85373,6,1,0,0,3,3,66,160,0,0,0,0,0,0,0,0,0,0,51,0,0,0,2,2,15,1,1,8,1,3,3,1,14,99,1,4,14,,,,2,0,,,,,,,,,,,,,,,,,,,,,,,,,2014
2813,2014040168,4,40168,1,2,1,17,3,10,15,12,99,1,0,4,1,55,33,55033,4,2007,5NPEU46F77H1,5,N,P,E,U,4,6,F,7,7,H,1,0,0,0,Not Applicable,Not Applicable,0,0,0,1,0,0,0,0,0,0,0,45,0,0,0,99,6,2,12,0,0,0,1,4,85120,2,1,0,0,2,3,62,129,0,3,0,0,0,10,2013,1,2014,0,39,0,0,0,8,8,45,1,1,8,1,3,3,1,17,99,1,1,91,,,,1,0,,,,,,,,,,,,,,,,,,,,,,,,,2014
2814,2014040168,4,40168,2,2,1,17,3,10,15,12,99,1,0,4,1,12,17,12017,4,2005,1FAFP53U95A1,1,F,A,F,P,5,3,U,9,5,A,1,0,0,0,Not Applicable,Not Applicable,0,0,0,1,0,0,0,0,0,0,0,5,0,0,0,99,6,2,12,0,0,0,1,4,85119,6,1,0,0,3,0,61,115,0,0,0,0,0,0,0,0,0,0,0,0,0,0,8,8,35,1,1,8,1,3,3,3,66,99,1,1,91,,,,0,0,,,,,,,,,,,,,,,,,,,,,,,,,2014
2815,2014040169,4,40169,1,1,2,17,3,23,24,8,0,1,0,4,1,30,40,30040,4,2002,3VWSE69M12M1,3,V,W,S,E,6,9,M,1,2,M,1,0,0,0,Not Applicable,Not Applicable,0,0,0,1,0,0,0,0,0,0,0,43,0,0,0,12,2,5,8,0,0,0,1,4,85035,6,1,0,0,3,0,66,155,0,1,0,2,1,7,2011,5,2012,0,0,0,0,0,2,3,40,1,1,8,1,0,0,1,80,99,1,1,13,,,,0,0,,,,,,,,,,,,,,,,,,,,,,,,,2014
2816,2014040170,4,40170,1,1,1,20,3,13,2,8,0,1,0,4,1,22,22,22022,4,2005,1G2ZH5484541,1,G,2,Z,H,5,4,8,4,5,4,1,0,0,0,Not Applicable,Not Applicable,0,0,0,1,0,0,0,0,0,0,0,20,0,0,0,12,2,5,15,0,0,0,1,4,85043,0,0,0,0,0,0,70,150,0,0,0,0,0,0,0,0,0,0,0,0,0,0,1,2,0,1,1,2,1,20,3,1,80,1,1,1,13,,,,0,0,,,,,,,,,,,,,,,,,,,,,,,,,2014
2817,2014040171,4,40171,1,1,3,22,3,12,21,8,0,1,0,4,3,82,881,82881,62,2014,3ALACWDT2EDF,3,A,L,A,C,W,D,T,2,E,D,F,0,0,99,Unknown,Unknown,2,1,1,1,0,0,0,0,0,0,0,5,0,0,0,11,0,5,8,0,0,0,1,4,85303,6,1,0,0,3,0,72,180,0,0,0,0,0,0,0,0,0,0,0,0,0,0,5,3,35,1,1,8,1,0,0,2,80,2,1,1,13,,,,0,0,,,,,,,,,,,,,,,,,,,,,,,,,2014
2818,2014040172,4,40172,1,1,2,23,3,9,30,34,0,1,9,99,9,99,999,99999,99,9999,Unknown,9,9,9,9,9,9,9,9,9,9,9,9,0,0,0,Not Applicable,Not Applicable,0,0,0,1,0,0,0,0,0,0,0,999,0,0,0,99,9,9,34,0,0,0,1,99,99999,9,9,99,9,9,9,999,999,99,99,99,99,99,99,9999,99,9999,9,99,99,99,99,9,9,99,9,9,2,99,99,9,99,99,99,9,4,99,,,,1,0,,,,,,,,,,,,,,,,,,,,,,,,,2014
2819,2014040173,4,40173,1,1,2,23,3,12,59,5,0,1,1,4,2,20,471,20471,30,2003,1GCCS19H3381,1,G,C,C,S,1,9,H,3,3,8,1,0,0,0,Not Applicable,Not Applicable,0,0,0,1,0,0,0,0,0,0,0,998,0,0,0,0,0,5,5,0,0,0,1,4,85746,1,1,0,0,2,3,63,240,0,11,0,1,2,3,2011,12,2012,4,91,0,0,0,1,2,25,2,1,8,11,0,0,14,98,99,1,1,0,,,,1,1,,,,,,,,,,,,,,,,,,,,,,,,,2014
2820,2014040174,4,40174,1,1,1,25,3,13,5,8,0,1,0,4,2,12,481,12481,31,1978,F15HKBE7216,F,1,5,H,K,B,E,7,2,1,6,,0,0,0,Not Applicable,Not Applicable,0,0,0,1,0,0,0,0,0,0,0,33,0,0,0,12,2,5,8,0,0,0,1,4,85335,6,1,0,0,3,0,72,190,0,0,0,0,0,0,0,0,0,0,0,0,0,0,2,3,45,1,1,2,1,0,0,1,80,3,2,1,13,,,,0,0,,,,,,,,,,,,,,,,,,,,,,,,,2014
2821,2014040175,4,40175,1,3,1,26,3,17,40,12,99,1,0,4,1,12,4,12004,2,1957,D7FH170250,D,7,F,H,1,7,0,2,5,0,,,0,0,0,Not Applicable,Not Applicable,0,0,0,1,0,0,0,0,0,0,0,73,0,0,0,99,6,2,12,0,0,0,1,4,85021,6,1,0,0,3,0,66,135,0,0,0,0,0,0,0,0,0,4,28,0,0,0,5,5,45,1,1,8,1,0,0,6,6,99,5,2,99,,,,1,1,,,,,,,,,,,,,,,,,,,,,,,,,2014
2822,2014040175,4,40175,2,3,9,26,3,17,40,12,99,1,0,4,3,98,983,98983,52,2007,5FYD4FV107C0,5,F,Y,D,4,F,V,1,0,7,C,0,0,0,88,None,None,3,21,22,1,0,0,0,0,6,3,0,27,0,0,0,99,6,2,12,0,0,0,1,4,85345,6,1,6,1,3,0,65,215,0,0,0,0,0,0,0,0,0,0,0,0,0,0,5,5,45,1,1,8,1,0,0,1,62,99,1,1,99,,,,0,0,,,,,,,,,,,,,,,,,,,,,,,,,2014
2823,2014040175,4,40175,3,3,2,26,3,17,40,12,99,1,0,4,1,6,51,6051,4,2006,2C3LA63H96H4,2,C,3,L,A,6,3,H,9,6,H,4,0,0,0,Not Applicable,Not Applicable,0,0,0,1,0,0,0,0,0,0,0,5,0,0,0,12,6,2,12,0,0,0,1,4,85020,6,1,0,0,3,0,71,160,0,0,0,0,0,0,0,0,0,0,0,0,0,0,5,5,45,1,1,8,1,0,0,13,63,98,1,3,98,,,,0,0,,,,,,,,,,,,,,,,,,,,,,,,,2014
2824,2014040176,4,40176,1,3,1,26,3,8,10,12,6,1,0,4,2,12,3,12003,9,2003,1FAFP40423F3,1,F,A,F,P,4,0,4,2,3,F,3,0,0,0,Not Applicable,Not Applicable,0,0,0,1,0,0,0,0,0,0,0,73,0,0,0,81,6,2,12,0,0,0,1,4,85303,6,1,0,0,3,3,66,135,1,0,0,0,1,2,2014,3,2014,2,39,0,0,0,1,2,25,1,1,2,1,20,3,1,17,99,1,1,87,,,,0,0,,,,,,,,,,,,,,,,,,,,,,,,,2014
2825,2014040176,4,40176,2,3,1,26,3,8,10,12,6,1,0,4,3,49,472,49472,30,2013,5TFNX4CN9DX0,5,T,F,N,X,4,C,N,9,D,X,0,0,0,0,Not Applicable,Not Applicable,0,0,0,1,0,0,0,0,0,0,0,31,0,0,0,12,6,2,8,0,0,0,1,4,85345,6,1,0,0,3,0,67,155,0,0,0,1,0,12,2012,12,2012,0,0,0,0,0,1,2,30,1,1,2,1,0,0,1,66,99,1,1,86,,,,0,0,,,,,,,,,,,,,,,,,,,,,,,,,2014
2826,2014040176,4,40176,3,3,1,26,3,8,10,12,6,1,0,4,1,58,39,58039,6,2003,JNRAS08U83X0,J,N,R,A,S,0,8,U,8,3,X,0,0,0,0,Not Applicable,Not Applicable,0,0,0,1,0,0,0,0,0,0,0,998,0,0,0,99,2,5,54,0,0,0,1,4,85018,6,1,0,0,3,0,66,139,0,0,0,0,0,0,0,0,0,0,0,0,0,0,1,2,30,1,1,2,1,0,0,1,98,99,1,1,98,,,,0,0,,,,,,,,,,,,,,,,,,,,,,,,,2014
2827,2014040177,4,40177,1,3,1,28,3,15,28,12,6,1,0,4,1,18,22,18022,4,2006,2G4WE587X611,2,G,4,W,E,5,8,7,X,6,1,1,0,0,0,Not Applicable,Not Applicable,0,0,0,1,0,0,0,0,0,0,0,13,0,0,0,9,6,2,12,0,0,0,1,4,85248,6,1,0,0,3,3,64,135,0,0,0,0,0,0,0,0,0,0,38,0,0,0,0,0,0,0,0,0,0,20,3,11,15,99,1,1,82,,,,1,0,,,,,,,,,,,,,,,,,,,,,,,,,2014
2828,2014040177,4,40177,2,3,1,28,3,15,28,12,6,1,0,4,2,49,402,49402,14,2012,2T3ZF4DVXCW1,2,T,3,Z,F,4,D,V,X,C,W,1,0,0,0,Not Applicable,Not Applicable,0,0,0,1,0,0,0,0,0,0,0,45,0,0,0,12,6,2,12,0,0,0,1,4,85249,6,1,0,0,3,3,65,130,0,0,0,0,0,0,0,0,0,0,0,0,0,0,2,4,45,1,1,2,1,0,0,1,72,1,1,1,83,,,,0,0,,,,,,,,,,,,,,,,,,,,,,,,,2014
2829,2014040177,4,40177,3,3,2,28,3,15,28,12,6,1,0,4,1,18,20,18020,4,2002,2G4WB55K5211,2,G,4,W,B,5,5,K,5,2,1,1,0,0,0,Not Applicable,Not Applicable,0,0,0,1,0,0,0,0,0,0,0,0,0,0,0,12,2,5,12,0,0,0,1,4,85248,6,1,0,0,3,0,64,130,0,0,0,0,0,0,0,0,0,0,0,0,0,0,0,0,0,0,0,0,0,20,3,5,56,1,1,1,98,,,,0,0,,,,,,,,,,,,,,,,,,,,,,,,,2014
2830,2014040178,4,40178,1,2,2,28,3,16,13,12,6,1,0,48,2,20,16,20016,4,1999,1G1JC5241X71,1,G,1,J,C,5,2,4,1,X,7,1,0,0,0,Not Applicable,Not Applicable,0,0,0,1,0,0,0,0,0,0,0,12,0,0,0,12,2,5,12,0,0,0,1,4,85301,6,1,0,0,3,0,67,150,0,0,0,1,0,6,2013,6,2013,0,38,0,0,0,2,4,40,1,1,2,1,0,0,11,15,99,1,1,68,,,,0,0,,,,,,,,,,,,,,,,,,,,,,,,,2014
2831,2014040178,4,40178,2,2,1,28,3,16,13,12,6,1,0,4,1,72,706,72706,80,1998,1HD1CGP13WY2,1,H,D,1,C,G,P,1,3,W,Y,2,0,0,0,Not Applicable,Not Applicable,0,0,0,1,0,0,0,0,0,0,0,41,0,0,0,62,6,2,12,0,0,0,1,4,85033,0,0,0,0,0,0,74,165,0,10,0,1,3,2,2012,2,2014,0,89,0,0,0,2,5,40,1,1,2,1,0,0,1,62,7,1,3,69,,,,1,0,,,,,,,,,,,,,,,,,,,,,,,,,2014
2832,2014040179,4,40179,1,2,1,31,3,19,56,33,0,1,0,4,2,53,706,53706,80,2002,JS1GV77A7221,J,S,1,G,V,7,7,A,7,2,2,1,0,0,0,Not Applicable,Not Applicable,0,0,0,1,0,0,0,0,0,0,0,50,0,0,0,12,6,2,1,0,0,0,1,4,85295,6,1,0,0,2,0,68,205,0,0,0,0,0,0,0,0,0,4,0,0,0,0,2,1,45,2,1,2,1,0,0,14,9,99,9,4,7,,,,1,1,,,,,,,,,,,,,,,,,,,,,,,,,2014
2833,2014040179,4,40179,2,2,3,31,3,19,56,33,0,1,0,4,1,49,32,49032,5,2003,2T1KR32E43C0,2,T,1,K,R,3,2,E,4,3,C,0,0,0,0,Not Applicable,Not Applicable,0,0,0,1,0,0,0,0,0,0,0,45,0,0,0,12,6,2,54,0,0,0,1,4,85140,6,1,0,0,3,0,63,125,0,0,0,0,0,0,0,0,0,0,0,0,0,0,2,1,45,3,1,2,1,0,0,14,62,9,1,3,98,,,,0,0,,,,,,,,,,,,,,,,,,,,,,,,,2014
2834,2014040180,4,40180,1,1,1,13,3,19,29,8,0,1,0,4,2,12,23,12023,4,2006,3FAHP07Z66R2,3,F,A,H,P,0,7,Z,6,6,R,2,0,0,0,Not Applicable,Not Applicable,0,0,0,1,0,0,0,0,0,0,0,67,0,0,0,12,6,2,8,0,0,0,1,4,86001,6,1,0,0,3,1,63,195,0,0,0,0,0,0,0,0,0,0,0,0,0,0,2,2,65,1,1,2,1,0,0,1,80,1,1,1,13,,,,0,0,,,,,,,,,,,,,,,,,,,,,,,,,2014
2835,2014040181,4,40181,1,2,2,15,3,11,40,12,1,1,0,4,1,72,706,72706,80,2012,1HD1KBM15CB6,1,H,D,1,K,B,M,1,5,C,B,6,0,0,0,Not Applicable,Not Applicable,0,0,0,1,0,0,0,0,0,0,0,999,0,0,0,6,6,2,12,0,0,0,1,4,85142,6,1,0,0,3,0,74,250,0,0,0,0,0,0,0,0,0,0,27,0,0,0,2,2,65,1,1,2,1,3,3,15,50,3,2,1,32,,,,1,0,,,,,,,,,,,,,,,,,,,,,,,,,2014
2836,2014040181,4,40181,2,2,1,15,3,11,40,12,1,1,0,4,1,35,402,35402,14,2000,5N1ED28T5YC5,5,N,1,E,D,2,8,T,5,Y,C,5,0,0,0,Not Applicable,Not Applicable,0,0,0,1,0,0,0,0,0,0,0,40,0,0,0,12,6,2,12,0,0,0,1,4,85225,6,1,0,0,3,0,72,155,0,4,1,0,3,4,2011,10,2013,0,0,0,0,0,2,2,65,1,1,2,1,3,3,1,61,1,1,1,32,,,,0,0,,,,,,,,,,,,,,,,,,,,,,,,,2014
2837,2014040182,4,40182,1,2,2,22,3,10,18,12,6,1,0,4,1,37,31,37031,4,2002,1HGES16502L0,1,H,G,E,S,1,6,5,0,2,L,0,0,0,0,Not Applicable,Not Applicable,0,0,0,1,0,0,0,0,0,0,0,20,0,0,0,62,6,2,12,32,0,0,1,4,85704,6,1,0,0,3,3,68,170,0,0,0,0,0,0,0,0,0,0,48,0,0,0,1,2,45,1,1,8,1,0,0,11,15,99,1,1,82,,,,1,0,,,,,,,,,,,,,,,,,,,,,,,,,2014
2838,2014040182,4,40182,2,2,2,22,3,10,18,12,6,1,0,4,1,55,36,55036,4,2011,KMHCN4AC2BU5,K,M,H,C,N,4,A,C,2,B,U,5,0,0,0,Not Applicable,Not Applicable,0,0,0,1,0,0,0,0,0,0,0,45,0,0,0,12,6,2,12,0,0,0,1,4,85756,6,1,0,0,3,0,68,170,0,0,0,0,0,0,0,0,0,0,0,0,0,0,2,3,45,1,1,8,1,0,0,1,67,6,1,3,83,,,,0,0,,,,,,,,,,,,,,,,,,,,,,,,,2014