index,accident_id,STATE,ST_CASE,VEH_NO,VE_FORMS,NUMOCCS,DAY,MONTH,HOUR,MINUTE,HARM_EV,MAN_COLL,UNITTYPE,HIT_RUN,REG_STAT,OWNER,MAKE,MODEL,MAK_MOD,BODY_TYP,MOD_YEAR,VIN,VIN_1,VIN_2,VIN_3,VIN_4,VIN_5,VIN_6,VIN_7,VIN_8,VIN_9,VIN_10,VIN_11,VIN_12,TOW_VEH,J_KNIFE,MCARR_I1,MCARR_I2,MCARR_ID,GVWR,V_CONFIG,CARGO_BT,HAZ_INV,HAZ_PLAC,HAZ_ID,HAZ_CNO,HAZ_REL,BUS_USE,SPEC_USE,EMER_USE,TRAV_SP,UNDERIDE,ROLLOVER,ROLINLOC,IMPACT1,DEFORMED,TOWED,M_HARM,VEH_SC1,VEH_SC2,FIRE_EXP,DR_PRES,L_STATE,DR_ZIP,L_STATUS,L_TYPE,CDL_STAT,L_ENDORS,L_COMPL,L_RESTRI,DR_HGT,DR_WGT,PREV_ACC,PREV_SUS,PREV_DWI,PREV_SPD,PREV_OTH,FIRST_MO,FIRST_YR,LAST_MO,LAST_YR,SPEEDREL,DR_SF1,DR_SF2,DR_SF3,DR_SF4,VTRAFWAY,VNUM_LAN,VSPD_LIM,VALIGN,VPROFILE,VPAVETYP,VSURCOND,VTRAFCON,VTCONT_F,P_CRASH1,P_CRASH2,P_CRASH3,PCRASH4,PCRASH5,ACC_TYPE,TRLR1VIN,TRLR2VIN,TRLR3VIN,DEATHS,DR_DRINK,VINTYPE,VINMAKE,VINA_MOD,VIN_BT,VINMODYR,VIN_LNGT,VIN_WGT,WGTCD_TR,WHLBS_LG,WHLBS_SH,SER_TR,FUELCODE,MCYCL_DS,CARBUR,CYLINDER,DISPLACE,MCYCL_CY,MCYCL_WT,TIRE_SZE,TON_RAT,TRK_WT,TRKWTVAR,VIN_REST,WHLDRWHL,Year
2889,2014040224,4,40224,1,1,1,30,4,19,57,8,0,1,0,4,1,52,34,52034,4,2000,4A3AA36G2YE0,4,A,3,A,A,3,6,G,2,Y,E,0,0,0,0,Not Applicable,Not Applicable,0,0,0,1,0,0,0,0,0,0,0,37,0,0,0,12,2,5,8,0,0,0,1,4,85006,6,1,0,0,3,0,68,180,0,0,0,0,0,0,0,0,0,0,91,0,0,0,5,7,35,1,1,8,1,0,0,1,80,1,1,1,13,,,,0,0,,,,,,,,,,,,,,,,,,,,,,,,,2014
2890,2014040225,4,40225,1,2,2,21,4,20,28,5,0,1,0,4,1,20,481,20481,31,1965,C154Z111142,C,1,5,4,Z,1,1,1,1,4,2,,0,0,0,Not Applicable,Not Applicable,0,0,0,1,0,0,0,0,0,0,0,75,0,0,0,0,6,2,5,0,0,0,1,4,85139,6,1,0,0,3,0,73,230,0,0,0,0,0,0,0,0,0,4,85,0,0,0,3,6,65,1,1,2,1,0,0,1,51,8,4,2,0,,,,1,0,,,,,,,,,,,,,,,,,,,,,,,,,2014
2891,2014040225,4,40225,2,2,1,21,4,20,28,5,0,1,1,99,9,99,999,99999,99,9999,Unknown,9,9,9,9,9,9,9,9,9,9,9,9,0,0,0,Not Applicable,Not Applicable,0,0,0,1,0,0,0,0,0,0,0,998,0,0,0,12,9,5,54,0,0,0,1,99,99999,9,9,99,0,9,9,999,999,99,99,99,99,99,99,9999,99,9999,9,99,99,99,99,3,6,65,1,1,2,1,0,0,99,99,99,1,3,98,,,,0,0,,,,,,,,,,,,,,,,,,,,,,,,,2014
2892,2014040226,4,40226,1,1,1,27,4,4,31,8,0,1,0,38,3,86,884,86884,66,2014,1M1AW21Y2EM0,1,M,1,A,W,2,1,Y,2,E,M,0,1,1,57,133969,57133969,3,6,1,1,0,0,0,0,0,0,0,65,0,0,0,12,6,2,8,0,0,0,1,4,85379,6,1,6,0,3,3,71,230,0,0,0,0,0,0,0,0,0,0,0,0,0,0,1,2,65,1,1,2,1,0,0,1,80,99,1,1,13,,,,0,0,,,,,,,,,,,,,,,,,,,,,,,,,2014
2893,2014040227,4,40227,1,1,1,5,4,6,15,8,0,1,9,99,9,99,999,99999,99,9999,Unknown,9,9,9,9,9,9,9,9,9,9,9,9,0,0,0,Not Applicable,Not Applicable,0,0,0,1,0,0,0,0,0,0,0,999,0,0,0,12,9,9,8,0,0,0,1,99,99999,9,9,99,9,9,9,999,999,99,99,99,99,99,99,9999,99,9999,9,99,99,99,99,9,9,99,9,9,2,99,99,9,99,82,99,9,9,13,,,,0,0,,,,,,,,,,,,,,,,,,,,,,,,,2014
2894,2014040228,4,40228,1,1,2,4,4,20,21,8,0,1,0,4,2,20,421,20421,15,1997,1GNEC13R2VJ3,1,G,N,E,C,1,3,R,2,V,J,3,0,0,0,Not Applicable,Not Applicable,0,0,0,1,0,0,0,0,0,0,0,55,0,0,0,12,6,2,8,0,0,0,1,4,86503,6,1,0,0,3,0,67,120,0,0,0,0,0,0,0,0,0,0,0,0,0,0,1,2,65,1,1,2,1,0,0,1,80,1,1,1,13,,,,0,0,,,,,,,,,,,,,,,,,,,,,,,,,2014
2895,2014040229,4,40229,1,2,1,16,4,99,99,12,2,1,0,4,2,12,37,12037,4,2005,1FAFP34N75W2,1,F,A,F,P,3,4,N,7,5,W,2,0,0,0,Not Applicable,Not Applicable,0,0,0,1,0,0,0,0,0,0,0,65,0,1,1,12,6,2,12,0,0,0,1,4,86540,1,1,0,0,2,0,69,165,0,1,0,0,0,11,2012,11,2012,0,28,0,0,0,1,2,65,2,1,2,1,0,0,14,10,99,1,2,50,,,,1,1,,,,,,,,,,,,,,,,,,,,,,,,,2014
2896,2014040229,4,40229,2,2,1,16,4,99,99,12,2,1,0,4,2,12,3,12003,2,2007,1ZVFT80N9753,1,Z,V,F,T,8,0,N,9,7,5,3,0,0,0,Not Applicable,Not Applicable,0,0,0,1,0,0,0,0,0,0,0,55,0,0,0,12,6,2,12,0,0,0,1,4,86033,6,1,0,0,3,0,63,168,0,0,0,0,0,0,0,0,0,0,0,0,0,0,1,2,65,3,1,2,1,0,0,14,62,3,2,1,51,,,,0,0,,,,,,,,,,,,,,,,,,,,,,,,,2014
2897,2014040230,4,40230,1,1,1,3,5,8,56,1,0,1,0,4,1,14,17,14017,6,1996,1MELM58S0TG6,1,M,E,L,M,5,8,S,0,T,G,6,0,0,0,Not Applicable,Not Applicable,0,0,0,1,0,0,0,0,0,0,0,65,0,1,5,0,6,2,1,0,0,0,1,4,85606,6,1,0,0,3,0,69,200,0,0,0,0,0,0,0,0,0,4,0,0,0,0,8,8,45,1,6,8,1,0,0,1,13,99,1,4,1,,,,1,1,,,,,,,,,,,,,,,,,,,,,,,,,2014
2898,2014040231,4,40231,1,1,1,3,5,23,47,38,0,1,0,6,1,41,50,41050,4,2007,1YVHP80D475M,1,Y,V,H,P,8,0,D,4,7,5,M,0,0,0,Not Applicable,Not Applicable,0,0,0,1,0,0,0,0,0,0,0,998,0,1,5,81,6,2,1,0,0,0,1,6,92583,6,1,0,0,3,0,69,220,0,0,0,0,0,0,0,0,0,9,99,99,99,99,8,8,45,1,1,8,1,0,0,1,9,99,3,4,2,,,,1,1,,,,,,,,,,,,,,,,,,,,,,,,,2014
2899,2014040232,4,40232,1,1,1,4,5,5,55,33,0,1,0,4,1,73,703,73703,80,2013,JKAEX8A10DDA,J,K,A,E,X,8,A,1,0,D,D,A,0,0,0,Not Applicable,Not Applicable,0,0,0,1,0,0,0,0,0,0,0,60,0,0,0,12,6,2,19,0,0,0,1,4,85225,6,1,0,0,3,3,71,195,1,0,0,0,1,5,2012,7,2012,4,0,0,0,0,8,8,25,1,1,8,1,20,3,1,14,99,1,4,14,,,,1,1,,,,,,,,,,,,,,,,,,,,,,,,,2014
2900,2014040233,4,40233,1,1,1,6,5,0,35,15,0,1,0,4,1,19,3,19003,4,2001,1G6KD54Y71U1,1,G,6,K,D,5,4,Y,7,1,U,1,0,0,0,Not Applicable,Not Applicable,0,0,0,1,0,0,0,0,0,0,0,998,0,0,0,12,2,5,15,0,0,0,1,4,85257,6,1,0,0,3,0,72,185,0,0,0,0,0,0,0,0,0,0,0,0,0,0,2,3,45,1,1,8,1,2,3,1,83,99,1,1,13,,,,0,0,,,,,,,,,,,,,,,,,,,,,,,,,2014
2901,2014040234,4,40234,1,1,1,6,5,17,55,35,0,1,0,4,1,23,401,23401,14,2002,1GKDS13S0221,1,G,K,D,S,1,3,S,0,2,2,1,0,0,0,Not Applicable,Not Applicable,0,0,0,1,0,0,0,0,0,0,0,998,0,1,5,61,6,2,1,0,0,0,1,4,85037,6,1,0,0,3,0,76,249,0,10,0,1,1,12,2011,8,2013,4,89,0,0,0,2,2,65,1,1,2,1,0,0,1,9,7,5,4,2,,,,1,1,,,,,,,,,,,,,,,,,,,,,,,,,2014
2902,2014040235,4,40235,1,2,1,6,5,22,25,12,2,1,0,4,1,41,37,41037,4,2002,1YVGF22C8252,1,Y,V,G,F,2,2,C,8,2,5,2,0,0,0,Not Applicable,Not Applicable,0,0,0,1,0,0,0,0,0,0,0,55,0,0,0,12,6,2,12,0,0,0,1,4,85364,0,0,0,0,0,0,61,100,0,0,0,0,0,0,0,0,0,0,28,0,0,0,5,5,55,1,1,2,1,0,0,1,54,7,1,2,50,,,,1,1,,,,,,,,,,,,,,,,,,,,,,,,,2014
2903,2014040235,4,40235,2,2,2,6,5,22,25,12,2,1,0,4,2,7,482,7482,31,2007,1D7HA18P17S1,1,D,7,H,A,1,8,P,1,7,S,1,0,0,0,Not Applicable,Not Applicable,0,0,0,1,0,0,0,0,0,0,0,60,0,0,0,12,6,2,12,0,0,0,1,4,85364,6,1,0,0,3,3,75,256,0,0,0,0,0,0,0,0,0,0,16,0,0,0,5,5,55,1,1,2,1,0,0,1,62,8,1,2,51,,,,0,0,,,,,,,,,,,,,,,,,,,,,,,,,2014
2904,2014040236,4,40236,1,1,1,7,5,1,38,33,0,1,0,4,1,37,703,37703,80,2014,MLHMD3819E51,M,L,H,M,D,3,8,1,9,E,5,1,0,0,0,Not Applicable,Not Applicable,0,0,0,1,0,0,0,0,0,0,0,40,0,0,0,12,6,2,33,0,0,0,1,4,85382,6,1,0,0,2,3,70,210,0,0,0,2,0,2,2012,2,2013,4,0,0,0,0,2,1,25,1,1,2,1,0,0,1,12,99,1,4,6,,,,1,0,,,,,,,,,,,,,,,,,,,,,,,,,2014
2905,2014040237,4,40237,1,2,1,8,5,13,18,12,8,1,0,16,1,72,706,72706,80,2009,1HD1GN41X9K3,1,H,D,1,G,N,4,1,X,9,K,3,0,0,0,Not Applicable,Not Applicable,0,0,0,1,0,0,0,0,0,0,0,998,0,0,0,61,6,2,12,0,0,0,1,16,83854,6,1,0,0,3,0,69,170,0,0,0,0,0,0,0,0,0,4,0,0,0,0,1,2,40,2,6,2,1,40,3,14,10,99,9,2,66,,,,1,0,,,,,,,,,,,,,,,,,,,,,,,,,2014
2906,2014040237,4,40237,2,2,1,8,5,13,18,12,8,1,0,4,3,12,481,12481,31,2005,1FTSW21P05ED,1,F,T,S,W,2,1,P,0,5,E,D,0,0,0,Not Applicable,Not Applicable,0,0,0,1,0,0,0,0,0,0,0,40,0,0,0,61,2,5,12,0,0,0,1,4,86327,6,1,6,0,3,3,70,220,0,0,0,0,0,0,0,0,0,0,0,0,0,0,1,2,40,3,5,2,1,40,3,14,62,7,1,4,66,,,,0,0,,,,,,,,,,,,,,,,,,,,,,,,,2014
2907,2014040238,4,40238,1,1,1,9,5,6,35,8,0,1,0,4,2,2,403,2403,14,1995,1J4FY19P6SP2,1,J,4,F,Y,1,9,P,6,S,P,2,0,0,0,Not Applicable,Not Applicable,0,0,0,1,0,0,0,0,0,0,0,40,0,0,0,83,6,2,8,0,0,0,1,4,85012,6,1,0,0,3,0,75,160,0,0,0,0,0,0,0,0,0,4,85,91,0,0,5,6,35,1,1,8,1,2,3,17,6,7,4,4,2,,,,0,0,,,,,,,,,,,,,,,,,,,,,,,,,2014
2908,2014040239,4,40239,1,4,1,9,5,21,27,12,1,1,1,99,9,12,3,12003,9,9999,Unknown,9,9,9,9,9,9,9,9,9,9,9,9,0,0,0,Not Applicable,Not Applicable,0,0,0,1,0,0,0,0,0,0,0,90,0,0,0,12,4,5,12,0,0,0,1,99,99999,9,9,99,0,9,9,999,999,99,99,99,99,99,99,9999,99,9999,2,99,99,99,99,1,7,45,1,1,8,1,0,0,1,51,99,1,1,24,,,,0,0,,,,,,,,,,,,,,,,,,,,,,,,,2014
2909,2014040239,4,40239,2,4,1,9,5,21,27,12,1,1,0,4,1,20,9,20009,2,1995,2G1FP22P0S21,2,G,1,F,P,2,2,P,0,S,2,1,0,0,0,Not Applicable,Not Applicable,0,0,0,1,0,0,0,0,0,0,0,75,0,0,0,6,6,2,12,0,0,0,1,4,85138,6,1,0,0,3,0,69,165,0,2,0,1,0,8,2013,1,2014,2,0,0,0,0,1,7,45,1,1,8,1,0,0,1,53,1,1,1,25,,,,1,0,,,,,,,,,,,,,,,,,,,,,,,,,2014
2910,2014040239,4,40239,3,4,3,9,5,21,27,12,1,1,0,4,1,34,34,34034,4,2001,WBAAV53431JS,W,B,A,A,V,5,3,4,3,1,J,S,0,0,0,Not Applicable,Not Applicable,0,0,0,1,0,0,0,0,0,0,0,45,0,0,0,12,6,2,12,0,0,0,1,4,85040,6,1,6,0,3,3,67,215,0,0,0,0,0,0,0,0,0,0,0,0,0,0,1,7,45,1,1,8,1,2,3,1,62,1,1,1,98,,,,0,0,,,,,,,,,,,,,,,,,,,,,,,,,2014
2911,2014040239,4,40239,4,4,1,9,5,21,27,12,1,1,0,4,1,6,51,6051,4,2008,2C3KA43R08H1,2,C,3,K,A,4,3,R,0,8,H,1,0,0,0,Not Applicable,Not Applicable,0,0,0,1,0,0,0,0,0,0,0,30,0,0,0,12,6,2,12,0,0,0,1,4,85040,0,0,0,0,0,0,999,999,0,0,0,0,0,0,0,0,0,0,0,0,0,0,1,7,45,1,1,8,1,2,3,1,50,1,1,1,98,,,,0,0,,,,,,,,,,,,,,,,,,,,,,,,,2014
2912,2014040240,4,40240,1,2,1,10,5,14,24,1,0,1,0,96,1,2,404,2404,14,2000,1J4G248S2YC3,1,J,4,G,2,4,8,S,2,Y,C,3,1,1,0,Not Applicable,Not Applicable,0,0,0,1,0,0,0,0,0,0,0,55,0,1,1,0,6,2,12,0,0,0,1,96,0,9,9,99,0,9,9,68,200,99,99,99,99,99,99,9999,99,9999,9,85,0,0,0,1,2,55,1,1,2,1,0,0,1,9,6,9,9,98,,,,1,0,,,,,,,,,,,,,,,,,,,,,,,,,2014
2913,2014040240,4,40240,2,2,1,10,5,14,24,1,0,1,0,4,1,20,422,20422,15,2005,3GNFK16Z35G1,3,G,N,F,K,1,6,Z,3,5,G,1,0,0,0,Not Applicable,Not Applicable,0,0,0,1,0,0,0,0,0,0,0,55,0,0,0,12,6,2,12,0,0,0,1,4,85611,6,1,0,0,3,3,72,205,0,0,0,0,0,0,0,0,0,0,0,0,0,0,1,2,55,1,1,2,1,0,0,1,62,1,1,1,98,,,,0,0,,,,,,,,,,,,,,,,,,,,,,,,,2014
2914,2014040241,4,40241,1,1,4,10,5,17,43,32,0,1,0,4,2,22,20,22020,4,1997,1G2WJ52M9VF2,1,G,2,W,J,5,2,M,9,V,F,2,0,0,0,Not Applicable,Not Applicable,0,0,0,1,0,0,0,0,0,0,0,998,0,0,0,12,6,2,32,0,0,0,1,4,85634,1,1,0,0,2,3,68,198,0,0,0,0,0,0,0,0,0,4,0,0,0,0,1,2,55,1,1,2,1,0,0,1,12,6,1,4,6,,,,3,1,,,,,,,,,,,,,,,,,,,,,,,,,2014
2915,2014040242,4,40242,1,2,1,11,5,10,13,12,2,1,0,4,1,63,402,63402,14,2011,5XYKT3A12BG1,5,X,Y,K,T,3,A,1,2,B,G,1,0,0,0,Not Applicable,Not Applicable,0,0,0,1,0,0,0,0,0,0,0,16,0,0,0,12,6,2,12,0,0,0,1,4,85757,6,1,0,0,3,0,64,160,0,0,0,0,0,0,0,0,0,0,38,0,0,0,1,3,45,1,8,8,1,0,0,11,15,1,1,1,68,,,,0,0,,,,,,,,,,,,,,,,,,,,,,,,,2014
2916,2014040242,4,40242,2,2,7,11,5,10,13,12,2,1,0,4,2,7,43,7043,4,2004,1B3EL36X24N1,1,B,3,E,L,3,6,X,2,4,N,1,0,0,0,Not Applicable,Not Applicable,0,0,0,1,0,0,0,0,0,0,0,43,0,0,0,12,6,2,12,0,0,0,1,4,85122,0,0,0,0,0,0,60,150,0,0,0,0,0,0,0,0,0,0,0,0,0,0,2,1,45,1,8,8,1,0,0,1,62,99,1,1,69,,,,1,0,,,,,,,,,,,,,,,,,,,,,,,,,2014
2917,2014040243,4,40243,1,1,2,11,5,17,55,1,0,1,0,4,2,72,706,72706,80,2005,1HD1GNW135K3,1,H,D,1,G,N,W,1,3,5,K,3,0,0,0,Not Applicable,Not Applicable,0,0,0,1,0,0,0,0,0,0,0,46,0,0,0,0,4,3,1,0,0,0,1,4,85645,6,1,0,0,2,0,68,220,0,0,0,0,0,0,0,0,0,4,24,0,0,0,1,2,25,1,1,2,1,0,0,99,6,99,1,1,98,,,,2,1,,,,,,,,,,,,,,,,,,,,,,,,,2014
2918,2014040244,4,40244,1,2,1,12,5,0,59,12,2,1,0,4,1,20,403,20403,14,2006,1GNDS13S1621,1,G,N,D,S,1,3,S,1,6,2,1,0,0,0,Not Applicable,Not Applicable,0,0,0,1,0,0,0,0,0,0,0,998,0,1,1,12,6,2,2,0,0,1,1,4,85005,0,0,0,0,0,0,66,160,0,0,0,0,1,12,2011,12,2011,0,51,0,0,0,6,1,45,3,1,2,1,0,0,14,54,99,1,1,52,,,,1,1,,,,,,,,,,,,,,,,,,,,,,,,,2014
2919,2014040244,4,40244,2,2,1,12,5,0,59,12,2,1,0,4,1,30,52,30052,4,2012,1VWBP7A33CC0,1,V,W,B,P,7,A,3,3,C,C,0,0,0,0,Not Applicable,Not Applicable,0,0,0,1,0,0,0,0,0,0,0,998,0,0,0,12,6,2,12,0,0,0,1,4,85201,6,1,0,0,3,0,71,163,0,0,0,0,0,0,0,0,0,0,0,0,0,0,6,1,45,2,1,2,1,0,0,14,54,99,1,1,52,,,,1,0,,,,,,,,,,,,,,,,,,,,,,,,,2014
2920,2014040245,4,40245,1,1,1,14,5,10,43,9,0,1,0,4,1,59,421,59421,15,2004,JTJHT00W9435,J,T,J,H,T,0,0,W,9,4,3,5,0,0,0,Not Applicable,Not Applicable,0,0,0,1,0,0,0,0,0,0,0,35,0,0,0,12,2,5,9,0,0,0,1,4,85050,6,1,0,0,3,0,73,190,0,0,0,0,0,0,0,0,0,4,91,0,0,0,1,4,40,1,1,8,1,0,0,1,83,1,1,1,13,,,,0,0,,,,,,,,,,,,,,,,,,,,,,,,,2014
2921,2014040246,4,40246,1,2,2,14,5,11,51,12,6,1,0,4,1,49,46,49046,5,2010,JTDKN3DU6A01,J,T,D,K,N,3,D,U,6,A,0,1,0,0,0,Not Applicable,Not Applicable,0,0,0,1,0,0,0,0,0,0,0,5,0,0,0,83,6,8,12,0,0,0,1,4,85718,6,1,0,0,3,0,72,185,0,0,0,0,0,0,0,0,0,0,38,0,0,0,2,4,40,1,1,8,1,0,0,11,15,99,1,1,68,,,,1,0,,,,,,,,,,,,,,,,,,,,,,,,,2014
2922,2014040246,4,40246,2,2,3,14,5,11,51,12,6,1,0,4,3,12,461,12461,21,2006,1FDWE35P86DA,1,F,D,W,E,3,5,P,8,6,D,A,0,0,0,Not Applicable,Not Applicable,0,0,0,1,0,0,0,0,0,0,0,35,0,0,0,12,6,8,12,0,0,0,1,4,85716,6,1,3,0,3,0,67,165,0,2,0,1,0,1,2012,3,2013,0,0,0,0,0,2,4,40,1,1,8,1,0,0,1,62,99,1,1,69,,,,0,0,,,,,,,,,,,,,,,,,,,,,,,,,2014
2923,2014040247,4,40247,1,1,2,14,5,16,58,1,0,1,0,18,3,82,884,82884,63,2011,1FVACYBS4BDB,1,F,V,A,C,Y,B,S,4,B,D,B,0,0,57,1693411,571693411,3,1,3,1,0,0,0,0,0,0,0,999,0,1,1,0,6,2,1,0,0,0,1,18,46077,6,1,6,0,3,0,68,128,1,0,0,0,0,11,2013,11,2013,4,0,0,0,0,1,2,30,3,6,2,1,0,0,14,6,99,4,3,98,,,,1,0,,,,,,,,,,,,,,,,,,,,,,,,,2014
2924,2014040248,4,40248,1,2,1,16,5,4,27,12,2,1,0,4,2,6,51,6051,4,2006,2C3KA43R36H2,2,C,3,K,A,4,3,R,3,6,H,2,0,0,0,Not Applicable,Not Applicable,0,0,0,1,0,0,0,0,0,0,0,998,0,0,0,12,6,2,12,0,0,0,1,4,85028,6,1,0,0,3,3,65,168,0,0,0,0,0,0,0,0,0,5,51,91,0,0,2,2,65,3,5,2,1,0,0,14,54,99,1,1,52,,,,0,0,,,,,,,,,,,,,,,,,,,,,,,,,2014
2925,2014040248,4,40248,2,2,6,16,5,4,27,12,2,1,0,12,4,49,442,49442,20,2013,5TDKK3DC7DS2,5,T,D,K,K,3,D,C,7,D,S,2,0,0,0,Not Applicable,Not Applicable,0,0,0,1,0,0,0,0,0,0,0,998,0,0,0,12,6,2,12,0,0,0,1,6,91789,6,1,0,0,3,3,68,145,0,0,0,0,0,0,0,0,0,0,0,0,0,0,2,2,65,2,6,2,1,0,0,14,54,1,1,1,52,,,,3,0,,,,,,,,,,,,,,,,,,,,,,,,,2014
2926,2014040249,4,40249,1,2,1,17,5,2,35,12,1,1,0,6,1,7,24,7024,4,2012,2C3CDXBG5CH2,2,C,3,C,D,X,B,G,5,C,H,2,0,0,0,Not Applicable,Not Applicable,0,0,0,1,0,0,0,0,0,0,0,105,0,0,0,12,4,3,12,0,0,0,1,6,91803,6,1,0,0,3,0,69,160,0,0,0,0,0,0,0,0,0,9,91,0,0,0,1,2,35,1,1,8,1,20,3,1,99,99,1,1,24,,,,0,1,,,,,,,,,,,,,,,,,,,,,,,,,2014
2927,2014040249,4,40249,2,2,1,17,5,2,35,12,1,1,0,99,9,30,399,30399,2,1991,1GMM921758,1,G,M,M,9,2,1,7,5,8,,,0,0,0,Not Applicable,Not Applicable,0,0,0,1,0,0,0,0,0,0,0,998,0,0,0,6,6,2,12,0,0,0,1,99,99999,9,9,99,0,9,9,999,999,99,99,99,99,99,99,9999,99,9999,9,99,99,99,99,1,2,35,1,1,8,1,20,3,99,53,99,1,1,25,,,,1,0,,,,,,,,,,,,,,,,,,,,,,,,,2014
2928,2014040250,4,40250,1,1,1,17,5,12,30,9,0,1,0,4,1,6,441,6441,20,2011,2A4RR5DG4BR6,2,A,4,R,R,5,D,G,4,B,R,6,0,0,0,Not Applicable,Not Applicable,0,0,0,1,0,0,0,0,0,0,0,999,0,0,0,12,6,2,9,0,0,0,1,4,86326,6,1,0,0,3,3,66,203,0,0,0,0,0,0,0,0,0,9,99,99,99,99,1,2,50,1,5,8,1,0,0,1,83,99,1,1,13,,,,0,0,,,,,,,,,,,,,,,,,,,,,,,,,2014
2929,2014040251,4,40251,1,1,3,18,5,14,25,42,0,1,0,4,2,12,401,12401,14,2001,1FMZU62E21ZA,1,F,M,Z,U,6,2,E,2,1,Z,A,0,0,0,Not Applicable,Not Applicable,0,0,0,1,0,0,0,0,0,0,0,65,0,1,3,99,6,2,1,0,0,0,1,4,85706,1,1,0,0,2,0,64,150,0,0,0,0,0,0,0,0,0,0,80,58,91,0,2,2,75,1,1,2,1,0,0,1,1,6,9,4,7,,,,1,0,,,,,,,,,,,,,,,,,,,,,,,,,2014
2930,2014040252,4,40252,1,1,1,18,5,17,0,8,0,1,0,4,1,35,43,35043,4,1996,3N1AB41D0TL0,3,N,1,A,B,4,1,D,0,T,L,0,0,0,0,Not Applicable,Not Applicable,0,0,0,1,0,0,0,0,0,0,0,40,0,0,0,12,6,2,8,0,0,0,1,4,85741,6,1,0,0,3,3,74,160,0,0,0,0,0,0,0,0,0,0,0,0,0,0,2,3,45,1,1,8,1,2,3,1,80,99,1,1,13,,,,0,0,,,,,,,,,,,,,,,,,,,,,,,,,2014
2931,2014040253,4,40253,1,1,1,18,5,14,40,1,0,1,0,4,1,72,706,72706,80,2013,1HD1LH315DC4,1,H,D,1,L,H,3,1,5,D,C,4,0,0,0,Not Applicable,Not Applicable,0,0,0,1,0,0,0,0,0,0,0,65,0,0,0,0,6,2,1,0,0,0,1,4,85209,6,1,0,0,3,0,70,200,0,0,0,0,0,0,0,0,0,4,0,0,0,0,1,2,65,1,6,2,1,0,0,1,13,1,1,4,1,,,,1,0,,,,,,,,,,,,,,,,,,,,,,,,,2014
2932,2014040254,4,40254,1,2,1,21,5,6,54,1,0,1,0,4,1,50,706,50706,80,2011,SMT910K16BT4,S,M,T,9,1,0,K,1,6,B,T,4,0,0,0,Not Applicable,Not Applicable,0,0,0,1,0,0,0,0,0,0,0,49,0,0,0,0,6,2,12,0,0,0,1,4,85086,6,1,0,0,3,0,71,175,0,0,0,0,0,0,0,0,0,0,89,39,0,0,2,3,45,1,2,2,1,2,3,1,17,98,7,9,98,,,,1,0,,,,,,,,,,,,,,,,,,,,,,,,,2014
2933,2014040254,4,40254,2,2,1,21,5,6,54,1,0,1,0,4,1,54,421,54421,15,2013,2HNYD2H3XDH5,2,H,N,Y,D,2,H,3,X,D,H,5,0,0,0,Not Applicable,Not Applicable,0,0,0,1,0,0,0,0,0,0,0,18,0,0,0,83,6,2,12,0,0,0,1,4,85331,6,1,0,0,3,3,65,160,0,0,0,0,0,0,0,0,0,0,0,0,0,0,2,4,45,1,1,2,1,2,3,11,63,1,1,1,98,,,,0,0,,,,,,,,,,,,,,,,,,,,,,,,,2014
2934,2014040255,4,40255,1,1,2,22,5,2,9,8,0,1,0,4,2,22,16,22016,4,2002,1G2JB5243271,1,G,2,J,B,5,2,4,3,2,7,1,0,0,0,Not Applicable,Not Applicable,0,0,0,1,0,0,0,0,0,0,0,45,0,0,0,12,2,5,8,0,0,0,1,4,85009,6,1,0,0,3,3,63,137,1,0,0,0,1,1,2012,2,2012,0,0,0,0,0,5,6,40,1,1,8,1,0,0,1,80,6,1,3,13,,,,0,0,,,,,,,,,,,,,,,,,,,,,,,,,2014
2935,2014040256,4,40256,1,1,1,22,5,15,19,52,0,1,0,4,1,72,706,72706,80,2011,1HD1FC418BB6,1,H,D,1,F,C,4,1,8,B,B,6,0,0,0,Not Applicable,Not Applicable,0,0,0,1,0,0,0,0,0,0,0,998,0,0,0,82,6,2,52,0,0,0,1,39,44410,6,1,6,0,3,0,70,230,0,0,0,1,1,10,2011,7,2012,4,0,0,0,0,2,2,65,2,5,2,1,0,0,14,12,1,1,4,6,,,,1,0,,,,,,,,,,,,,,,,,,,,,,,,,2014
2936,2014040257,4,40257,1,2,1,24,5,19,48,8,0,1,0,4,1,6,51,6051,4,2007,2C3LA53G57H6,2,C,3,L,A,5,3,G,5,7,H,6,0,0,0,Not Applicable,Not Applicable,0,0,0,1,0,0,0,0,0,0,0,42,0,0,0,12,4,5,8,0,0,0,1,4,85282,6,1,0,0,3,0,70,200,0,3,0,0,0,1,2012,2,2012,0,86,0,0,0,5,7,45,1,1,8,1,0,0,1,80,8,1,1,13,,,,0,0,,,,,,,,,,,,,,,,,,,,,,,,,2014
2937,2014040257,4,40257,2,2,4,24,5,19,48,8,0,1,0,4,4,6,51,6051,4,2014,2C3CCAAG2EH2,2,C,3,C,C,A,A,G,2,E,H,2,0,0,0,Not Applicable,Not Applicable,0,0,0,1,0,0,0,0,0,0,0,45,0,0,0,6,2,5,12,0,0,0,1,17,60561,6,1,0,0,3,0,75,195,0,0,0,0,0,0,0,0,0,0,86,0,0,0,5,7,45,1,1,8,1,0,0,17,80,1,1,1,98,,,,0,0,,,,,,,,,,,,,,,,,,,,,,,,,2014
2938,2014040258,4,40258,1,1,1,24,5,20,0,18,0,1,0,4,1,72,706,72706,80,2007,1HD1KB4117Y6,1,H,D,1,K,B,4,1,1,7,Y,6,0,0,0,Not Applicable,Not Applicable,0,0,0,1,0,0,0,0,0,0,0,32,0,0,0,12,6,2,18,0,0,0,1,4,85629,6,1,0,0,3,3,72,210,0,0,0,1,0,5,2012,5,2012,9,99,99,99,99,8,8,35,1,1,8,1,98,3,1,13,99,1,4,1,,,,1,1,,,,,,,,,,,,,,,,,,,,,,,,,2014