index,accident_id,STATE,ST_CASE,VEH_NO,VE_FORMS,NUMOCCS,DAY,MONTH,HOUR,MINUTE,HARM_EV,MAN_COLL,UNITTYPE,HIT_RUN,REG_STAT,OWNER,MAKE,MODEL,MAK_MOD,BODY_TYP,MOD_YEAR,VIN,VIN_1,VIN_2,VIN_3,VIN_4,VIN_5,VIN_6,VIN_7,VIN_8,VIN_9,VIN_10,VIN_11,VIN_12,TOW_VEH,J_KNIFE,MCARR_I1,MCARR_I2,MCARR_ID,GVWR,V_CONFIG,CARGO_BT,HAZ_INV,HAZ_PLAC,HAZ_ID,HAZ_CNO,HAZ_REL,BUS_USE,SPEC_USE,EMER_USE,TRAV_SP,UNDERIDE,ROLLOVER,ROLINLOC,IMPACT1,DEFORMED,TOWED,M_HARM,VEH_SC1,VEH_SC2,FIRE_EXP,DR_PRES,L_STATE,DR_ZIP,L_STATUS,L_TYPE,CDL_STAT,L_ENDORS,L_COMPL,L_RESTRI,DR_HGT,DR_WGT,PREV_ACC,PREV_SUS,PREV_DWI,PREV_SPD,PREV_OTH,FIRST_MO,FIRST_YR,LAST_MO,LAST_YR,SPEEDREL,DR_SF1,DR_SF2,DR_SF3,DR_SF4,VTRAFWAY,VNUM_LAN,VSPD_LIM,VALIGN,VPROFILE,VPAVETYP,VSURCOND,VTRAFCON,VTCONT_F,P_CRASH1,P_CRASH2,P_CRASH3,PCRASH4,PCRASH5,ACC_TYPE,TRLR1VIN,TRLR2VIN,TRLR3VIN,DEATHS,DR_DRINK,VINTYPE,VINMAKE,VINA_MOD,VIN_BT,VINMODYR,VIN_LNGT,VIN_WGT,WGTCD_TR,WHLBS_LG,WHLBS_SH,SER_TR,FUELCODE,MCYCL_DS,CARBUR,CYLINDER,DISPLACE,MCYCL_CY,MCYCL_WT,TIRE_SZE,TON_RAT,TRK_WT,TRKWTVAR,VIN_REST,WHLDRWHL,Year
3189,2014040438,4,40438,1,2,1,9,8,10,27,12,6,1,0,4,1,55,401,55401,14,2004,KM8SB12B74U6,K,M,8,S,B,1,2,B,7,4,U,6,0,0,0,Not Applicable,Not Applicable,0,0,0,1,0,0,0,0,0,0,0,10,0,0,0,3,6,2,12,0,0,0,1,4,85730,6,1,0,0,3,3,61,176,0,0,0,0,0,0,0,0,0,0,38,0,0,0,2,4,40,1,6,8,1,3,3,11,15,1,1,1,68,,,,1,0,,,,,,,,,,,,,,,,,,,,,,,,,2014
3190,2014040438,4,40438,2,2,1,9,8,10,27,12,6,1,0,4,1,20,481,20481,31,1979,CKL149F44138,C,K,L,1,4,9,F,4,4,1,3,8,0,0,0,Not Applicable,Not Applicable,0,0,0,1,0,0,0,0,0,0,0,43,0,0,0,12,6,2,12,0,0,0,1,4,85641,6,1,0,0,3,0,74,185,0,1,1,0,0,11,2011,2,2012,0,0,0,0,0,2,4,40,1,5,8,1,3,3,1,62,1,1,1,69,,,,0,0,,,,,,,,,,,,,,,,,,,,,,,,,2014
3191,2014040439,4,40439,1,1,1,7,8,20,27,8,0,1,1,99,9,99,999,99999,99,9999,Unknown,9,9,9,9,9,9,9,9,9,9,9,9,0,0,0,Not Applicable,Not Applicable,0,0,0,1,0,0,0,0,0,0,0,998,0,0,0,12,2,5,8,0,0,0,1,99,99999,9,9,99,0,9,9,999,999,99,99,99,99,99,99,9999,99,9999,4,99,99,99,99,1,7,40,1,1,2,1,0,0,1,80,99,1,1,13,,,,0,0,,,,,,,,,,,,,,,,,,,,,,,,,2014
3192,2014040440,4,40440,1,1,1,1,8,2,48,1,0,1,0,4,1,20,36,20036,2,2004,2G1WX12KX494,2,G,1,W,X,1,2,K,X,4,9,4,0,0,0,Not Applicable,Not Applicable,0,0,0,1,0,0,0,0,0,0,0,70,0,1,5,0,6,2,1,0,0,0,1,4,86333,6,1,0,0,3,0,72,250,0,0,0,0,0,0,0,0,0,4,33,0,0,0,6,1,45,1,5,2,1,0,0,6,6,99,9,4,2,,,,1,1,,,,,,,,,,,,,,,,,,,,,,,,,2014
3193,2014040441,4,40441,1,1,1,1,8,4,45,59,0,1,0,4,3,87,884,87884,66,2010,1XPWD09X4AD7,1,X,P,W,D,0,9,X,4,A,D,7,1,1,57,00069357,5700069357,3,6,2,2,2,3257,9,2,0,0,0,60,0,1,3,12,6,2,25,0,0,0,1,4,85326,6,1,6,1,3,0,72,240,0,0,0,0,0,0,0,0,0,9,99,99,99,99,3,4,65,1,1,2,2,0,0,99,13,99,1,4,1,,,,1,0,,,,,,,,,,,,,,,,,,,,,,,,,2014
3194,2014040442,4,40442,1,1,2,9,8,10,39,24,0,1,0,4,1,72,706,72706,80,2003,1HD1GEV183K3,1,H,D,1,G,E,V,1,8,3,K,3,0,0,0,Not Applicable,Not Applicable,0,0,0,1,0,0,0,0,0,0,0,50,0,0,0,99,6,2,1,0,0,0,1,4,86404,6,1,0,0,3,0,68,190,0,0,0,0,0,0,0,0,0,4,0,0,0,0,1,2,40,3,6,2,1,40,3,14,6,99,9,4,2,,,,1,0,,,,,,,,,,,,,,,,,,,,,,,,,2014
3195,2014040443,4,40443,1,2,1,12,8,22,48,12,2,1,0,4,1,55,36,55036,3,2009,KMHCM36C29U1,K,M,H,C,M,3,6,C,2,9,U,1,0,0,0,Not Applicable,Not Applicable,0,0,0,1,0,0,0,0,0,0,0,65,0,0,0,12,6,2,12,0,0,0,1,4,85212,6,1,0,0,3,3,72,190,0,0,0,2,1,12,2011,6,2014,0,28,0,0,0,1,2,65,1,1,2,2,0,0,1,10,99,1,2,50,,,,1,1,,,,,,,,,,,,,,,,,,,,,,,,,2014
3196,2014040443,4,40443,2,2,1,12,8,22,48,12,2,1,0,4,1,20,401,20401,14,1997,1GNDT13W7V21,1,G,N,D,T,1,3,W,7,V,2,1,0,0,0,Not Applicable,Not Applicable,0,0,0,1,0,0,0,0,0,0,0,65,0,1,2,12,6,2,12,0,0,0,1,4,85743,6,1,0,0,3,3,72,180,0,0,0,0,0,0,0,0,0,0,0,0,0,0,1,2,65,1,1,2,1,0,0,1,62,99,1,1,51,,,,0,0,,,,,,,,,,,,,,,,,,,,,,,,,2014
3197,2014040444,4,40444,1,1,3,22,8,21,58,1,0,1,0,4,2,12,401,12401,14,1997,1FMDU35P0VUA,1,F,M,D,U,3,5,P,0,V,U,A,0,0,0,Not Applicable,Not Applicable,0,0,0,1,0,0,0,0,0,0,0,75,0,1,3,0,6,2,1,0,0,0,1,4,85345,6,1,6,0,3,0,70,300,0,0,0,0,0,0,0,0,0,0,80,0,0,0,2,2,75,1,1,2,1,0,0,1,1,99,4,4,7,,,,3,0,,,,,,,,,,,,,,,,,,,,,,,,,2014
3198,2014040445,4,40445,1,2,1,26,8,20,51,8,0,1,0,4,2,20,22,20022,4,2007,1G1AK55F2773,1,G,1,A,K,5,5,F,2,7,7,3,0,0,0,Not Applicable,Not Applicable,0,0,0,1,0,0,0,0,0,0,0,55,0,0,0,12,6,2,8,0,0,0,1,4,85118,6,1,0,0,3,3,65,110,0,0,0,0,0,0,0,0,0,0,0,0,0,0,2,2,55,1,1,2,1,0,0,1,80,1,1,1,13,,,,0,0,,,,,,,,,,,,,,,,,,,,,,,,,2014
3199,2014040445,4,40445,2,2,1,26,8,20,51,8,0,1,0,4,1,2,403,2403,14,2011,1J4BA6H13BL5,1,J,4,B,A,6,H,1,3,B,L,5,0,0,0,Not Applicable,Not Applicable,0,0,0,1,0,0,0,0,0,0,0,45,0,0,0,14,0,5,8,0,0,0,1,4,85118,6,1,0,0,3,0,67,190,0,0,0,0,0,0,0,0,0,0,89,0,0,0,2,2,55,1,1,2,1,0,0,1,80,99,1,1,98,,,,0,0,,,,,,,,,,,,,,,,,,,,,,,,,2014
3200,2014040446,4,40446,1,2,4,30,8,22,8,12,2,1,0,4,2,6,18,6018,4,2012,1C3CCBBBXCN2,1,C,3,C,C,B,B,B,X,C,N,2,0,0,0,Not Applicable,Not Applicable,0,0,0,1,0,0,0,0,0,0,0,999,0,0,0,12,6,2,12,0,0,0,1,4,86044,6,1,0,0,3,0,70,170,0,0,1,0,0,9,2013,9,2013,0,28,0,0,0,1,2,65,1,1,2,1,0,0,1,10,99,1,2,50,,,,2,0,,,,,,,,,,,,,,,,,,,,,,,,,2014
3201,2014040446,4,40446,2,2,4,30,8,22,8,12,2,1,0,4,1,6,18,6018,4,2012,1C3CCBBB6CN2,1,C,3,C,C,B,B,B,6,C,N,2,0,0,0,Not Applicable,Not Applicable,0,0,0,1,0,0,0,0,0,0,0,999,0,0,0,12,6,2,12,0,0,0,1,4,86053,6,1,0,0,3,0,69,160,0,0,0,0,0,0,0,0,0,0,0,0,0,0,1,2,65,1,1,2,1,0,0,1,62,99,1,1,51,,,,1,0,,,,,,,,,,,,,,,,,,,,,,,,,2014
3202,2014040447,4,40447,1,1,4,28,8,0,27,8,0,1,0,4,1,20,441,20441,20,2005,KL1TD52615B3,K,L,1,T,D,5,2,6,1,5,B,3,0,0,0,Not Applicable,Not Applicable,0,0,0,1,0,0,0,0,0,0,0,55,0,0,0,12,6,2,8,0,0,0,1,4,86323,6,1,0,0,3,0,70,190,0,3,0,2,1,5,2012,2,2014,0,0,0,0,0,2,2,55,1,1,2,1,0,0,1,80,4,1,1,13,,,,0,0,,,,,,,,,,,,,,,,,,,,,,,,,2014
3203,2014040448,4,40448,1,1,1,4,9,12,50,42,0,1,0,4,2,59,32,59032,4,1996,JT8BH22F6T00,J,T,8,B,H,2,2,F,6,T,0,0,0,0,0,Not Applicable,Not Applicable,0,0,0,1,0,0,0,0,0,0,0,60,0,1,5,99,6,2,1,0,0,0,1,4,86301,1,1,0,0,2,0,69,120,1,2,1,0,0,2,2012,10,2012,3,0,0,0,0,1,2,50,1,1,8,99,0,0,1,6,99,9,4,7,,,,1,1,,,,,,,,,,,,,,,,,,,,,,,,,2014
3204,2014040449,4,40449,1,4,2,4,9,14,43,12,8,1,0,4,2,22,20,22020,4,2005,2G2WP5222511,2,G,2,W,P,5,2,2,2,5,1,1,0,0,0,Not Applicable,Not Applicable,0,0,0,1,0,0,0,0,0,0,0,70,0,0,0,62,6,2,12,0,0,0,1,4,86033,6,1,0,0,3,0,71,165,0,0,0,0,0,0,0,0,0,0,28,0,0,0,1,2,65,1,5,2,1,0,0,1,10,99,1,2,64,,,,1,0,,,,,,,,,,,,,,,,,,,,,,,,,2014
3205,2014040449,4,40449,2,4,1,4,9,14,43,12,8,1,0,38,3,86,884,86884,66,2014,1M1AW21Y7EM0,1,M,1,A,W,2,1,Y,7,E,M,0,1,1,57,133969,57133969,3,6,1,1,0,0,0,0,0,0,0,65,0,0,0,11,6,2,12,0,0,0,1,4,85033,6,1,6,0,3,0,71,215,0,0,0,0,0,0,0,0,0,0,0,0,0,0,1,2,65,1,6,2,1,0,0,1,62,7,1,1,65,,,,0,0,,,,,,,,,,,,,,,,,,,,,,,,,2014
3206,2014040449,4,40449,3,4,5,4,9,14,43,12,8,1,0,4,1,23,422,23422,15,2007,1GKFK66867J2,1,G,K,F,K,6,6,8,6,7,J,2,0,0,0,Not Applicable,Not Applicable,0,0,0,1,0,0,0,0,0,0,0,60,0,0,0,12,6,2,12,0,0,0,1,4,85253,6,1,0,0,3,3,72,175,0,0,0,0,0,0,0,0,0,0,0,0,0,0,1,2,65,1,6,2,1,0,0,1,54,4,9,1,98,,,,0,0,,,,,,,,,,,,,,,,,,,,,,,,,2014
3207,2014040449,4,40449,4,4,4,4,9,14,43,12,8,1,0,4,2,12,401,12401,14,1993,1FMDU34X6PUA,1,F,M,D,U,3,4,X,6,P,U,A,0,0,0,Not Applicable,Not Applicable,0,0,0,1,0,0,0,0,0,0,0,65,0,0,0,99,6,2,12,0,0,0,1,4,86033,6,1,6,0,3,3,66,150,0,0,0,0,0,0,0,0,0,0,0,0,0,0,1,2,65,1,5,2,1,0,0,1,13,9,3,4,98,,,,0,0,,,,,,,,,,,,,,,,,,,,,,,,,2014
3208,2014040450,4,40450,1,1,1,4,9,15,47,38,0,1,0,4,1,7,472,7472,30,1993,1B7GG23Y8PS1,1,B,7,G,G,2,3,Y,8,P,S,1,0,0,0,Not Applicable,Not Applicable,0,0,0,1,0,0,0,0,0,0,0,55,0,1,5,12,6,2,1,0,0,0,1,4,85553,6,1,0,0,3,0,67,195,0,0,0,0,0,0,0,0,0,0,51,0,0,0,2,2,65,1,1,2,1,0,0,1,8,99,9,4,7,,,,1,0,,,,,,,,,,,,,,,,,,,,,,,,,2014
3209,2014040451,4,40451,1,2,1,5,9,5,2,8,0,1,0,9,1,48,38,48038,6,1999,JF1GF4356XG8,J,F,1,G,F,4,3,5,6,X,G,8,0,0,0,Not Applicable,Not Applicable,0,0,0,1,0,0,0,0,0,0,0,75,0,0,0,12,6,2,8,0,0,0,1,50,5401,6,1,0,0,3,0,66,130,0,0,0,0,0,0,0,0,0,0,0,0,0,0,2,2,75,1,1,2,1,0,0,1,80,7,1,1,13,,,,0,0,,,,,,,,,,,,,,,,,,,,,,,,,2014
3210,2014040451,4,40451,2,2,1,5,9,5,2,8,0,1,0,4,1,35,47,35047,4,2007,1N4CL21E57C2,1,N,4,C,L,2,1,E,5,7,C,2,0,0,0,Not Applicable,Not Applicable,0,0,0,1,0,0,0,0,0,0,0,75,0,0,0,14,0,5,8,0,0,0,1,4,86005,6,1,0,0,3,0,76,245,0,0,0,0,0,0,0,0,0,0,0,0,0,0,2,2,75,1,1,2,1,0,0,1,80,1,1,1,98,,,,0,0,,,,,,,,,,,,,,,,,,,,,,,,,2014
3211,2014040452,4,40452,1,1,2,6,9,19,55,8,0,1,0,4,1,7,402,7402,14,2000,1B4HR28Y1YF1,1,B,4,H,R,2,8,Y,1,Y,F,1,0,0,0,Not Applicable,Not Applicable,0,0,0,1,0,0,0,0,0,0,0,35,0,0,0,12,2,8,8,0,0,0,1,4,85614,6,1,0,0,3,3,67,135,0,0,0,0,0,0,0,0,0,0,0,0,0,0,5,5,35,1,1,2,1,0,0,1,80,1,1,1,13,,,,0,0,,,,,,,,,,,,,,,,,,,,,,,,,2014
3212,2014040453,4,40453,1,1,1,7,9,13,18,9,0,1,0,4,1,37,441,37441,20,2010,5FNRL3H69AB0,5,F,N,R,L,3,H,6,9,A,B,0,0,0,0,Not Applicable,Not Applicable,0,0,0,1,0,0,0,0,0,0,0,65,0,0,0,12,6,2,9,0,0,0,1,4,86004,6,1,0,0,3,3,66,120,0,0,0,0,0,0,0,0,0,4,0,0,0,0,1,2,65,1,1,2,2,0,0,1,83,1,1,1,13,,,,0,0,,,,,,,,,,,,,,,,,,,,,,,,,2014
3213,2014040454,4,40454,1,2,1,8,9,5,18,12,6,1,0,4,1,35,47,35047,4,2006,1N4AL11DX6C1,1,N,4,A,L,1,1,D,X,6,C,1,0,0,0,Not Applicable,Not Applicable,0,0,0,1,0,0,0,0,0,0,0,60,0,0,0,63,6,2,12,0,0,0,1,4,85053,6,1,0,0,3,3,64,175,0,4,0,0,0,10,2011,6,2012,4,87,0,0,0,3,4,65,1,6,2,6,0,0,1,6,99,4,2,48,,,,0,0,,,,,,,,,,,,,,,,,,,,,,,,,2014
3214,2014040454,4,40454,2,2,1,8,9,5,18,12,6,1,0,4,1,76,706,76706,80,2014,JYAVP22E1EA0,J,Y,A,V,P,2,2,E,1,E,A,0,0,0,0,Not Applicable,Not Applicable,0,0,0,1,0,0,0,0,0,0,0,55,0,0,0,12,6,2,12,0,0,0,1,4,85378,6,1,6,0,3,3,72,225,0,0,0,0,1,4,2013,4,2013,0,0,0,0,0,3,4,65,1,6,2,6,0,0,1,63,99,1,1,48,,,,1,0,,,,,,,,,,,,,,,,,,,,,,,,,2014
3215,2014040455,4,40455,1,2,1,9,9,11,37,12,6,1,0,4,2,76,998,76998,95,1984,J31006856,J,3,1,0,0,6,8,5,6,,,,0,0,0,Not Applicable,Not Applicable,0,0,0,1,0,0,0,0,0,0,0,998,0,0,0,81,6,2,12,0,0,0,1,4,85351,6,1,0,0,3,3,70,170,0,0,0,0,0,0,0,0,0,0,39,0,0,0,0,0,0,0,0,0,0,20,3,1,15,99,1,1,87,,,,1,0,,,,,,,,,,,,,,,,,,,,,,,,,2014
3216,2014040455,4,40455,2,2,1,9,9,11,37,12,6,1,0,4,1,6,421,6421,15,2007,1A8HW58N37F5,1,A,8,H,W,5,8,N,3,7,F,5,0,0,0,Not Applicable,Not Applicable,0,0,0,1,0,0,0,0,0,0,0,40,0,0,0,12,6,2,12,0,0,0,1,4,85383,6,1,0,0,3,3,71,215,0,0,0,1,0,7,2012,7,2012,0,0,0,0,0,2,2,30,3,1,2,1,0,0,14,62,1,1,1,86,,,,0,0,,,,,,,,,,,,,,,,,,,,,,,,,2014
3217,2014040456,4,40456,1,2,1,9,9,17,13,12,6,1,0,4,1,49,482,49482,31,2004,5TBBT44174S4,5,T,B,B,T,4,4,1,7,4,S,4,0,0,0,Not Applicable,Not Applicable,0,0,0,1,0,0,0,0,0,0,0,15,0,0,0,82,6,2,12,32,0,0,1,4,85234,6,1,0,0,3,3,67,180,0,0,0,0,0,0,0,0,0,0,38,0,0,0,2,4,45,3,2,2,1,2,3,11,15,99,1,1,68,,,,1,0,,,,,,,,,,,,,,,,,,,,,,,,,2014
3218,2014040456,4,40456,2,2,1,9,9,17,13,12,6,1,0,4,1,20,481,20481,31,2011,1GCRKSE32BZ2,1,G,C,R,K,S,E,3,2,B,Z,2,0,0,0,Not Applicable,Not Applicable,0,0,0,1,0,0,0,0,0,0,0,45,0,0,0,12,6,2,12,0,0,0,1,4,85233,6,1,0,0,3,0,70,210,0,0,0,2,0,7,2012,5,2013,0,0,0,0,0,2,4,45,2,1,2,1,2,3,14,62,1,1,1,69,,,,0,0,,,,,,,,,,,,,,,,,,,,,,,,,2014
3219,2014040457,4,40457,1,3,1,12,9,17,2,12,7,1,0,4,1,72,706,72706,80,2001,1HD1FSW391Y6,1,H,D,1,F,S,W,3,9,1,Y,6,0,0,0,Not Applicable,Not Applicable,0,0,0,1,0,0,0,0,0,0,0,998,0,0,0,62,6,2,12,32,0,0,1,4,86326,6,1,0,0,3,3,70,180,0,0,0,0,0,0,0,0,0,4,0,0,0,0,2,2,65,1,5,2,1,0,0,15,51,3,2,1,47,,,,1,1,,,,,,,,,,,,,,,,,,,,,,,,,2014
3220,2014040457,4,40457,2,3,1,12,9,17,2,12,7,1,0,4,1,59,401,59401,14,2000,JT6HF10U9Y01,J,T,6,H,F,1,0,U,9,Y,0,1,0,0,0,Not Applicable,Not Applicable,0,0,0,1,0,0,0,0,0,0,0,60,0,0,0,83,2,5,12,0,0,0,1,4,86303,6,1,0,0,3,3,64,195,0,0,0,0,0,0,0,0,0,0,0,0,0,0,2,2,65,1,5,2,1,0,0,1,53,1,1,1,45,,,,0,0,,,,,,,,,,,,,,,,,,,,,,,,,2014
3221,2014040457,4,40457,3,3,1,12,9,17,2,12,7,1,0,37,3,51,884,51884,66,2014,4V4N19TH4EN1,4,V,4,N,1,9,T,H,4,E,N,1,2,1,57,090849,57090849,3,7,1,2,2,1830,8,1,0,0,0,50,0,0,0,63,4,3,12,0,0,0,1,4,85142,6,1,6,1,3,0,69,230,0,0,0,0,0,0,0,0,0,0,0,0,0,0,2,2,65,1,5,2,1,0,0,1,60,1,1,1,98,,,,0,0,,,,,,,,,,,,,,,,,,,,,,,,,2014
3222,2014040458,4,40458,1,1,6,14,9,18,57,1,0,1,0,4,2,12,471,12471,30,1996,1FTCR10U6TTA,1,F,T,C,R,1,0,U,6,T,T,A,0,0,0,Not Applicable,Not Applicable,0,0,0,1,0,0,0,0,0,0,0,998,0,1,1,0,6,2,1,0,0,0,1,4,85120,6,1,0,0,3,0,70,162,0,0,0,0,0,0,0,0,0,3,58,0,0,0,1,2,30,1,1,8,1,0,0,1,13,7,3,6,98,,,,1,0,,,,,,,,,,,,,,,,,,,,,,,,,2014
3223,2014040459,4,40459,1,2,1,16,9,15,14,12,1,1,0,4,1,58,36,58036,4,2002,JNKDA31A52T0,J,N,K,D,A,3,1,A,5,2,T,0,0,0,0,Not Applicable,Not Applicable,0,0,0,1,0,0,0,0,0,0,0,998,0,1,3,12,6,2,1,0,0,0,1,4,85338,6,1,0,0,3,0,63,110,0,0,0,0,0,0,0,0,0,4,0,0,0,0,2,2,75,1,1,2,1,0,0,1,51,99,1,1,24,,,,1,0,,,,,,,,,,,,,,,,,,,,,,,,,2014
3224,2014040459,4,40459,2,2,1,16,9,15,14,12,1,1,0,17,3,84,884,84884,66,2014,3HSDJAPR8EN7,3,H,S,D,J,A,P,R,8,E,N,7,1,1,57,76502,5776502,3,6,1,1,0,0,0,0,0,0,0,998,0,0,0,6,2,5,12,0,0,0,1,4,85123,6,1,6,0,3,3,62,185,0,0,0,0,0,0,0,0,0,0,0,0,0,0,2,2,75,1,1,2,1,0,0,1,53,1,1,1,25,,,,0,0,,,,,,,,,,,,,,,,,,,,,,,,,2014
3225,2014040460,4,40460,1,1,1,17,9,3,10,14,0,1,0,4,1,35,51,35051,6,2014,5N1AT2MT8EC8,5,N,1,A,T,2,M,T,8,E,C,8,0,0,0,Not Applicable,Not Applicable,0,0,0,1,0,0,0,0,0,0,0,998,0,0,0,12,6,2,14,0,0,0,1,4,85641,6,1,0,0,3,3,64,194,0,1,0,2,0,11,2012,7,2013,0,89,0,0,0,3,5,65,1,1,2,2,0,0,1,13,99,1,4,1,,,,1,1,,,,,,,,,,,,,,,,,,,,,,,,,2014
3226,2014040461,4,40461,1,2,1,18,9,22,35,12,1,1,0,4,2,73,706,73706,80,1998,JKBVNCB1XWB5,J,K,B,V,N,C,B,1,X,W,B,5,0,0,0,Not Applicable,Not Applicable,0,0,0,1,0,0,0,0,0,0,0,55,0,0,0,12,6,2,12,0,0,0,1,4,85350,6,1,0,0,3,0,68,187,0,0,0,1,0,12,2012,12,2012,4,0,0,0,0,5,5,55,1,1,2,1,0,0,1,52,99,1,1,28,,,,1,1,,,,,,,,,,,,,,,,,,,,,,,,,2014
3227,2014040461,4,40461,2,2,1,18,9,22,35,12,1,1,0,4,2,7,442,7442,20,2005,1D4GP24R85B1,1,D,4,G,P,2,4,R,8,5,B,1,0,0,0,Not Applicable,Not Applicable,0,0,0,1,0,0,0,0,0,0,0,35,0,0,0,6,4,5,12,0,0,0,1,4,85349,6,1,0,0,3,1,60,210,0,0,0,0,0,0,0,0,0,0,0,0,0,0,5,5,55,1,1,2,1,0,0,2,53,1,1,1,29,,,,0,0,,,,,,,,,,,,,,,,,,,,,,,,,2014
3228,2014040462,4,40462,1,2,1,20,9,2,59,18,0,1,0,4,2,53,705,53705,80,2009,JS1VP55A7921,J,S,1,V,P,5,5,A,7,9,2,1,0,0,0,Not Applicable,Not Applicable,0,0,0,1,0,0,0,0,0,0,0,35,0,0,0,12,6,2,18,0,0,0,1,4,85629,6,1,0,0,3,0,68,265,0,2,1,0,0,10,2012,8,2013,9,99,99,99,99,2,2,25,3,1,8,1,28,3,14,90,99,1,1,12,,,,1,1,,,,,,,,,,,,,,,,,,,,,,,,,2014
3229,2014040462,4,40462,2,2,1,20,9,2,59,18,0,1,1,99,9,99,999,99999,99,9999,Unknown,9,9,9,9,9,9,9,9,9,9,9,9,0,0,0,Not Applicable,Not Applicable,0,0,0,1,0,0,0,0,0,0,0,998,0,0,0,14,9,5,54,0,0,0,1,99,99999,9,9,99,9,9,9,999,999,99,99,99,99,99,99,9999,99,9999,9,99,99,99,99,2,2,25,3,1,8,1,28,3,14,98,99,9,1,98,,,,0,0,,,,,,,,,,,,,,,,,,,,,,,,,2014
3230,2014040463,4,40463,1,1,4,20,9,18,28,15,0,1,0,4,1,12,442,12442,20,1996,2FMDA5141TBC,2,F,M,D,A,5,1,4,1,T,B,C,0,0,0,Not Applicable,Not Applicable,0,0,0,1,0,0,0,0,0,0,0,35,0,0,0,12,2,5,15,32,35,0,1,4,85719,6,1,0,0,3,1,68,150,0,0,0,0,0,0,0,0,0,0,0,0,0,0,1,5,40,1,1,8,1,0,0,1,83,1,1,1,13,,,,0,0,,,,,,,,,,,,,,,,,,,,,,,,,2014
3231,2014040464,4,40464,1,1,1,22,9,17,33,1,0,1,0,4,1,53,705,53705,80,2004,JS1GR7JA4421,J,S,1,G,R,7,J,A,4,4,2,1,0,0,0,Not Applicable,Not Applicable,0,0,0,1,0,0,0,0,0,0,0,998,0,0,0,0,6,2,52,0,0,0,1,4,85206,6,1,0,0,3,0,70,140,0,0,0,1,0,5,2014,5,2014,3,0,0,0,0,2,2,65,3,5,2,1,0,0,14,6,98,7,4,2,,,,1,0,,,,,,,,,,,,,,,,,,,,,,,,,2014
3232,2014040465,4,40465,1,1,1,22,9,19,1,35,0,1,0,4,1,12,37,12037,3,2001,3FAFP31391R1,3,F,A,F,P,3,1,3,9,1,R,1,0,0,0,Not Applicable,Not Applicable,0,0,0,1,0,0,0,0,0,0,0,65,0,1,5,61,6,2,1,0,0,0,1,4,85648,6,1,0,0,3,0,61,177,0,0,0,0,0,0,0,0,0,3,0,0,0,0,2,2,45,3,1,2,1,0,0,14,6,4,3,4,2,,,,1,0,,,,,,,,,,,,,,,,,,,,,,,,,2014
3233,2014040466,4,40466,1,2,2,23,9,15,59,12,1,1,0,4,1,37,441,37441,20,1999,2HKRL1868XH5,2,H,K,R,L,1,8,6,8,X,H,5,0,0,0,Not Applicable,Not Applicable,0,0,0,1,0,0,0,0,0,0,0,40,0,0,0,12,6,8,12,32,0,0,1,4,85705,6,1,0,0,3,3,62,130,0,0,0,0,0,0,0,0,0,9,99,99,99,99,2,3,98,1,1,8,1,3,3,1,50,99,1,1,20,,,,1,0,,,,,,,,,,,,,,,,,,,,,,,,,2014
3234,2014040466,4,40466,2,2,1,23,9,15,59,12,1,1,0,4,2,20,481,20481,31,1998,2GCEK19R3W12,2,G,C,E,K,1,9,R,3,W,1,2,0,0,0,Not Applicable,Not Applicable,0,0,0,1,0,0,0,0,0,0,0,0,0,0,0,6,4,5,12,0,0,0,1,4,85716,6,1,0,0,3,0,70,225,0,2,0,0,1,4,2013,9,2013,0,0,0,0,0,2,3,98,1,1,8,1,3,3,5,53,99,1,1,21,,,,0,0,,,,,,,,,,,,,,,,,,,,,,,,,2014
3235,2014040467,4,40467,1,1,1,25,9,0,23,9,0,1,1,4,1,37,32,37032,4,1996,1HGCD5630TA2,1,H,G,C,D,5,6,3,0,T,A,2,0,0,0,Not Applicable,Not Applicable,0,0,0,1,0,0,0,0,0,0,0,40,0,0,0,12,6,2,9,0,0,0,1,4,85745,6,1,0,0,3,0,61,139,0,0,0,1,1,10,2011,10,2013,0,91,0,0,0,2,3,40,1,1,8,1,0,0,1,84,1,1,2,13,,,,0,1,,,,,,,,,,,,,,,,,,,,,,,,,2014
3236,2014040469,4,40469,1,1,1,24,5,99,99,8,0,1,9,99,9,99,999,99999,99,9999,Unknown,9,9,9,9,9,9,9,9,9,9,9,9,0,0,0,Not Applicable,Not Applicable,0,0,0,1,0,0,0,0,0,0,0,999,0,0,0,99,9,9,8,0,0,0,1,99,99999,9,9,99,9,9,9,999,999,99,99,99,99,99,99,9999,99,9999,9,99,99,99,99,9,9,99,9,9,8,99,99,9,99,82,99,9,9,13,,,,0,0,,,,,,,,,,,,,,,,,,,,,,,,,2014
3237,2014040470,4,40470,1,1,1,6,6,99,99,1,0,1,0,99,9,99,999,99999,99,9999,Unknown,9,9,9,9,9,9,9,9,9,9,9,9,0,0,0,Not Applicable,Not Applicable,0,0,0,1,0,0,0,0,0,0,0,999,0,1,2,0,9,9,1,0,0,0,1,4,85016,0,0,0,0,0,0,69,166,0,0,0,0,0,0,0,0,0,5,99,99,99,99,9,9,99,9,9,5,99,0,0,99,5,99,9,9,99,,,,1,0,,,,,,,,,,,,,,,,,,,,,,,,,2014
3238,2014040471,4,40471,1,3,5,12,7,14,43,12,99,1,0,4,2,35,43,35043,4,2007,3N1AB61E67L7,3,N,1,A,B,6,1,E,6,7,L,7,0,0,0,Not Applicable,Not Applicable,0,0,0,1,0,0,0,0,0,0,0,998,0,1,5,99,6,2,1,0,0,0,1,4,85008,0,0,0,0,0,0,72,151,0,0,0,0,0,0,0,0,0,4,52,53,0,0,3,3,65,3,6,2,1,0,0,15,11,99,9,2,49,,,,1,1,,,,,,,,,,,,,,,,,,,,,,,,,2014