index,accident_id,STATE,ST_CASE,VEH_NO,VE_FORMS,NUMOCCS,DAY,MONTH,HOUR,MINUTE,HARM_EV,MAN_COLL,UNITTYPE,HIT_RUN,REG_STAT,OWNER,MAKE,MODEL,MAK_MOD,BODY_TYP,MOD_YEAR,VIN,VIN_1,VIN_2,VIN_3,VIN_4,VIN_5,VIN_6,VIN_7,VIN_8,VIN_9,VIN_10,VIN_11,VIN_12,TOW_VEH,J_KNIFE,MCARR_I1,MCARR_I2,MCARR_ID,GVWR,V_CONFIG,CARGO_BT,HAZ_INV,HAZ_PLAC,HAZ_ID,HAZ_CNO,HAZ_REL,BUS_USE,SPEC_USE,EMER_USE,TRAV_SP,UNDERIDE,ROLLOVER,ROLINLOC,IMPACT1,DEFORMED,TOWED,M_HARM,VEH_SC1,VEH_SC2,FIRE_EXP,DR_PRES,L_STATE,DR_ZIP,L_STATUS,L_TYPE,CDL_STAT,L_ENDORS,L_COMPL,L_RESTRI,DR_HGT,DR_WGT,PREV_ACC,PREV_SUS,PREV_DWI,PREV_SPD,PREV_OTH,FIRST_MO,FIRST_YR,LAST_MO,LAST_YR,SPEEDREL,DR_SF1,DR_SF2,DR_SF3,DR_SF4,VTRAFWAY,VNUM_LAN,VSPD_LIM,VALIGN,VPROFILE,VPAVETYP,VSURCOND,VTRAFCON,VTCONT_F,P_CRASH1,P_CRASH2,P_CRASH3,PCRASH4,PCRASH5,ACC_TYPE,TRLR1VIN,TRLR2VIN,TRLR3VIN,DEATHS,DR_DRINK,VINTYPE,VINMAKE,VINA_MOD,VIN_BT,VINMODYR,VIN_LNGT,VIN_WGT,WGTCD_TR,WHLBS_LG,WHLBS_SH,SER_TR,FUELCODE,MCYCL_DS,CARBUR,CYLINDER,DISPLACE,MCYCL_CY,MCYCL_WT,TIRE_SZE,TON_RAT,TRK_WT,TRKWTVAR,VIN_REST,WHLDRWHL,Year
3489,2014040642,4,40642,1,1,1,13,9,19,56,99,0,1,0,99,9,99,999,99999,99,9999,Unknown,9,9,9,9,9,9,9,9,9,9,9,9,0,0,0,Not Applicable,Not Applicable,0,0,0,1,0,0,0,0,0,0,0,999,0,0,0,99,9,9,99,0,0,0,1,4,85308,6,1,0,0,3,3,66,150,0,0,0,0,0,0,0,0,0,9,99,99,99,99,9,9,99,9,9,8,99,99,9,99,99,99,9,9,99,,,,1,0,,,,,,,,,,,,,,,,,,,,,,,,,2014
3490,2014040643,4,40643,1,1,3,25,10,0,51,1,0,1,0,99,9,99,999,99999,99,9999,Unknown,9,9,9,9,9,9,9,9,9,9,9,9,0,0,0,Not Applicable,Not Applicable,0,0,0,1,0,0,0,0,0,0,0,999,0,9,9,0,9,9,1,0,0,0,1,99,99999,9,9,99,0,9,9,999,999,99,99,99,99,99,99,9999,99,9999,9,99,99,99,99,9,9,99,9,9,8,99,99,9,99,99,99,9,9,99,,,,2,0,,,,,,,,,,,,,,,,,,,,,,,,,2014
3491,2014040644,4,40644,1,1,2,30,10,99,99,99,99,1,9,99,9,99,999,99999,99,9999,Unknown,9,9,9,9,9,9,9,9,9,9,9,9,0,0,0,Not Applicable,Not Applicable,0,0,0,1,0,0,0,0,0,0,0,999,0,0,0,99,9,9,99,0,0,0,1,99,99999,9,9,99,0,9,9,999,999,99,99,99,99,99,99,9999,99,9999,9,99,99,99,99,9,9,99,9,9,2,99,99,9,99,99,99,9,9,99,,,,1,0,,,,,,,,,,,,,,,,,,,,,,,,,2014
3492,2014040645,4,40645,1,1,1,2,11,20,3,8,0,1,1,99,9,99,999,99999,99,9999,Unknown,9,9,9,9,9,9,9,9,9,9,9,9,0,0,0,Not Applicable,Not Applicable,0,0,0,1,0,0,0,0,0,0,0,999,0,0,0,12,9,5,8,0,0,0,1,99,99999,9,9,99,0,9,9,999,999,99,99,99,99,99,99,9999,99,9999,9,99,99,99,99,9,9,99,9,9,8,99,0,0,99,80,99,9,9,13,,,,0,0,,,,,,,,,,,,,,,,,,,,,,,,,2014
3493,2014040646,4,40646,1,1,1,3,11,6,4,8,0,1,0,4,1,35,50,35050,4,2013,3N1CN7AP8DL8,3,N,1,C,N,7,A,P,8,D,L,8,0,0,0,Not Applicable,Not Applicable,0,0,0,1,0,0,0,0,0,0,0,27,0,0,0,12,2,5,8,0,0,0,1,4,85051,6,1,0,0,3,0,68,180,0,0,0,0,1,4,2013,4,2013,0,0,0,0,0,1,7,40,1,1,2,1,0,0,1,80,99,1,1,13,,,,0,0,,,,,,,,,,,,,,,,,,,,,,,,,2014
3494,2014040647,4,40647,1,2,1,4,11,22,20,5,0,1,0,99,9,73,709,73709,80,2010,Unknown,9,9,9,9,9,9,9,9,9,9,9,9,0,0,0,Not Applicable,Not Applicable,0,0,0,1,0,0,0,0,0,0,0,999,0,0,0,0,9,9,5,0,0,0,1,4,85041,6,1,0,0,3,0,65,175,0,0,0,0,0,0,0,0,0,5,99,99,99,99,9,9,99,9,9,8,99,0,0,99,6,99,9,9,0,,,,1,0,,,,,,,,,,,,,,,,,,,,,,,,,2014
3495,2014040647,4,40647,2,2,1,4,11,22,20,5,0,1,0,99,9,12,481,12481,31,2002,Unknown,9,9,9,9,9,9,9,9,9,9,9,9,0,0,0,Not Applicable,Not Applicable,0,0,0,1,0,0,0,0,0,0,0,999,0,0,0,62,9,9,12,0,0,0,1,4,85015,6,1,0,0,3,3,64,165,0,0,0,0,0,0,0,0,0,9,99,99,99,99,9,9,99,9,9,8,99,0,0,99,62,4,9,9,98,,,,0,0,,,,,,,,,,,,,,,,,,,,,,,,,2014
3496,2014040648,4,40648,1,2,5,4,11,23,10,8,0,1,0,4,1,35,43,35043,4,2012,3N1AB6AP8CL7,3,N,1,A,B,6,A,P,8,C,L,7,0,0,0,Not Applicable,Not Applicable,0,0,0,1,0,0,0,0,0,0,0,55,0,0,0,12,4,5,8,0,0,0,1,4,85364,6,1,0,0,3,0,66,188,0,1,0,0,2,1,2013,6,2014,0,0,0,0,0,5,5,55,1,1,2,1,0,0,1,80,1,1,1,13,,,,0,0,,,,,,,,,,,,,,,,,,,,,,,,,2014
3497,2014040648,4,40648,2,2,1,4,11,23,10,8,0,1,1,99,9,35,47,35047,9,9999,Unknown,9,9,9,9,9,9,9,9,9,9,9,9,0,0,0,Not Applicable,Not Applicable,0,0,0,1,0,0,0,0,0,0,0,998,0,0,0,12,9,5,8,0,0,0,1,99,99999,9,9,99,0,9,9,999,999,99,99,99,99,99,99,9999,99,9999,9,99,99,99,99,5,5,55,1,1,2,1,0,0,1,80,99,9,1,98,,,,0,0,,,,,,,,,,,,,,,,,,,,,,,,,2014
3498,2014040649,4,40649,1,1,1,6,11,16,54,9,0,1,0,4,3,84,881,84881,66,2004,3HSCEAPR44N0,3,H,S,C,E,A,P,R,4,4,N,0,0,0,77,Not Reported,Not Reported,3,5,96,1,0,0,0,0,0,0,0,13,0,0,0,82,2,5,9,0,0,0,1,4,85043,6,1,6,0,3,0,69,170,0,0,0,0,0,0,0,0,0,0,0,0,0,0,1,3,40,1,1,2,1,2,3,10,83,99,1,1,13,,,,0,0,,,,,,,,,,,,,,,,,,,,,,,,,2014
3499,2014040650,4,40650,1,1,1,7,11,99,99,9,0,1,9,99,9,99,999,99999,99,9999,Unknown,9,9,9,9,9,9,9,9,9,9,9,9,0,0,0,Not Applicable,Not Applicable,0,0,0,1,0,0,0,0,0,0,0,999,0,0,0,99,9,9,9,0,0,0,1,99,99999,9,9,99,0,9,9,999,999,99,99,99,99,99,99,9999,99,9999,9,99,99,99,99,9,9,99,9,9,8,99,99,9,99,83,99,9,9,13,,,,0,0,,,,,,,,,,,,,,,,,,,,,,,,,2014
3500,2014040651,4,40651,1,1,1,8,11,2,43,8,0,1,1,99,9,37,32,37032,9,9999,Unknown,9,9,9,9,9,9,9,9,9,9,9,9,0,0,0,Not Applicable,Not Applicable,0,0,0,1,0,0,0,0,0,0,0,999,0,0,0,12,4,5,8,0,0,0,1,99,99999,9,9,99,0,9,9,999,999,99,99,99,99,99,99,9999,99,9999,0,99,99,99,99,5,6,40,1,1,2,1,0,0,1,80,99,9,1,13,,,,0,0,,,,,,,,,,,,,,,,,,,,,,,,,2014
3501,2014040652,4,40652,1,2,1,10,11,8,8,12,6,1,0,4,1,76,706,76706,80,2014,JYARN33E7EA0,J,Y,A,R,N,3,3,E,7,E,A,0,0,0,0,Not Applicable,Not Applicable,0,0,0,1,0,0,0,0,0,0,0,80,0,0,0,12,6,2,12,0,0,0,1,4,85224,6,1,0,0,3,0,73,140,0,0,0,0,0,0,0,0,0,4,0,0,0,0,2,5,45,1,1,2,1,3,3,1,62,3,2,1,69,,,,1,0,,,,,,,,,,,,,,,,,,,,,,,,,2014
3502,2014040652,4,40652,2,2,1,10,11,8,8,12,6,1,0,4,2,49,32,49032,9,2010,2T1BU4EE9AC5,2,T,1,B,U,4,E,E,9,A,C,5,0,0,0,Not Applicable,Not Applicable,0,0,0,1,0,0,0,0,0,0,0,10,0,0,0,83,6,2,12,0,0,0,1,4,85286,6,1,0,0,3,3,66,135,0,0,0,1,0,3,2013,3,2013,0,0,0,0,0,2,4,45,1,1,2,1,3,3,11,15,1,1,1,68,,,,0,0,,,,,,,,,,,,,,,,,,,,,,,,,2014
3503,2014040653,4,40653,1,2,1,12,11,9,47,12,2,1,0,4,2,22,1,22001,1,1965,237675K13310,2,3,7,6,7,5,K,1,3,3,1,0,0,0,0,Not Applicable,Not Applicable,0,0,0,1,0,0,0,0,0,0,0,40,0,0,0,12,6,2,12,0,0,0,1,4,85301,6,1,0,0,3,0,67,125,0,0,0,0,0,0,0,0,0,4,0,0,0,0,2,2,45,1,1,2,1,3,3,3,6,99,9,4,52,,,,1,1,,,,,,,,,,,,,,,,,,,,,,,,,2014
3504,2014040653,4,40653,2,2,1,12,11,9,47,12,2,1,0,4,3,12,471,12471,30,2011,1FTKR1AD1BPA,1,F,T,K,R,1,A,D,1,B,P,A,0,0,0,Not Applicable,Not Applicable,0,0,0,1,0,0,0,0,0,0,0,40,0,0,0,12,6,2,12,0,0,0,1,4,85304,6,1,0,0,3,3,68,225,0,0,0,0,0,0,0,0,0,0,0,0,0,0,2,2,45,1,1,2,1,3,3,1,62,99,9,1,52,,,,0,0,,,,,,,,,,,,,,,,,,,,,,,,,2014
3505,2014040654,4,40654,1,2,1,14,11,18,9,12,99,1,0,99,9,34,34,34034,4,2006,Unknown,9,9,9,9,9,9,9,9,9,9,9,9,0,0,0,Not Applicable,Not Applicable,0,0,0,1,0,0,0,0,0,0,0,999,0,0,0,99,9,9,12,0,0,0,1,4,85017,6,1,0,0,3,0,69,207,0,0,0,0,0,0,0,0,0,9,38,0,0,0,9,9,99,9,9,8,99,3,3,11,15,99,9,9,68,,,,0,0,,,,,,,,,,,,,,,,,,,,,,,,,2014
3506,2014040654,4,40654,2,2,1,14,11,18,9,12,99,1,0,99,9,72,709,72709,80,1976,Unknown,9,9,9,9,9,9,9,9,9,9,9,9,0,0,0,Not Applicable,Not Applicable,0,0,0,1,0,0,0,0,0,0,0,999,0,0,0,99,9,9,12,0,0,0,1,4,85015,6,1,0,0,2,0,67,145,0,2,0,0,0,9,2013,9,2014,9,99,99,99,99,9,9,99,9,9,8,99,3,3,1,62,99,9,9,69,,,,1,0,,,,,,,,,,,,,,,,,,,,,,,,,2014
3507,2014040655,4,40655,1,1,1,16,11,18,45,19,0,1,0,99,9,35,399,35399,9,2004,Unknown,9,9,9,9,9,9,9,9,9,9,9,9,0,0,0,Not Applicable,Not Applicable,0,0,0,1,0,0,0,0,0,0,0,999,0,0,0,12,9,9,15,0,0,0,1,4,85027,6,1,0,0,3,3,70,240,0,0,0,0,0,0,0,0,0,0,91,0,0,0,9,9,99,9,9,8,99,99,9,99,99,99,9,9,99,,,,0,0,,,,,,,,,,,,,,,,,,,,,,,,,2014
3508,2014040656,4,40656,1,1,1,18,11,18,28,8,0,1,0,99,9,20,461,20461,21,2006,Unknown,9,9,9,9,9,9,9,9,9,9,9,9,0,0,0,Not Applicable,Not Applicable,0,0,0,1,0,0,0,0,0,0,0,999,0,0,0,12,9,9,8,0,0,0,1,4,85027,6,1,0,0,3,3,71,215,0,0,0,0,0,0,0,0,0,9,99,99,99,99,9,9,99,9,9,8,99,99,9,99,80,99,9,9,13,,,,0,0,,,,,,,,,,,,,,,,,,,,,,,,,2014
3509,2014040657,4,40657,1,2,4,21,11,22,32,12,6,1,0,4,1,22,2,22002,4,1996,1G2HX52K7TH2,1,G,2,H,X,5,2,K,7,T,H,2,0,0,0,Not Applicable,Not Applicable,0,0,0,1,0,0,0,0,0,0,0,10,0,0,0,61,6,2,12,32,0,0,1,4,85147,6,1,0,0,3,0,64,200,0,0,0,0,0,0,0,0,0,0,39,0,0,0,8,8,98,1,1,8,1,20,3,1,17,99,1,1,89,,,,2,1,,,,,,,,,,,,,,,,,,,,,,,,,2014
3510,2014040657,4,40657,2,2,1,21,11,22,32,12,6,1,0,27,2,12,481,12481,31,2012,1FTFX1EF5CFC,1,F,T,F,X,1,E,F,5,C,F,C,0,0,0,Not Applicable,Not Applicable,0,0,0,1,0,0,0,0,0,0,0,65,0,0,0,12,6,2,12,0,0,0,1,27,56474,6,1,0,0,3,3,71,170,0,0,0,1,0,10,2014,10,2014,0,0,0,0,0,8,8,65,1,1,2,1,0,0,1,66,6,9,3,88,,,,0,0,,,,,,,,,,,,,,,,,,,,,,,,,2014
3511,2014040658,4,40658,1,2,2,22,11,10,25,12,1,1,0,92,0,98,703,98703,88,2011,LJLTCKH38B3D,L,J,L,T,C,K,H,3,8,B,3,D,0,0,0,Not Applicable,Not Applicable,0,0,0,1,0,0,0,0,0,0,0,30,0,0,0,12,6,2,12,0,0,0,1,4,85029,6,1,0,0,2,0,71,200,1,0,0,0,1,6,2013,6,2013,0,26,0,0,0,5,6,40,1,1,2,1,0,0,1,52,99,1,1,28,,,,1,0,,,,,,,,,,,,,,,,,,,,,,,,,2014
3512,2014040658,4,40658,2,2,2,22,11,10,25,12,1,1,0,4,3,49,472,49472,30,2014,5TFTX4CN7EX0,5,T,F,T,X,4,C,N,7,E,X,0,0,0,0,Not Applicable,Not Applicable,0,0,0,1,0,0,0,0,0,0,0,10,0,0,0,6,2,5,12,0,0,0,1,4,85014,6,1,0,0,3,0,72,180,0,0,0,0,0,0,0,0,0,0,0,0,0,0,5,6,40,1,1,2,1,0,0,2,53,1,1,1,31,,,,0,0,,,,,,,,,,,,,,,,,,,,,,,,,2014
3513,2014040659,4,40659,1,1,1,23,11,21,38,8,0,1,0,4,1,49,40,49040,4,1999,JT2BF28K8X01,J,T,2,B,F,2,8,K,8,X,0,1,0,0,0,Not Applicable,Not Applicable,0,0,0,1,0,0,0,0,0,0,0,22,0,0,0,12,6,2,8,0,0,0,1,4,85301,6,1,0,0,3,3,63,115,0,0,0,0,0,0,0,0,0,0,0,0,0,0,1,6,40,1,1,2,1,2,3,1,80,99,1,1,13,,,,0,0,,,,,,,,,,,,,,,,,,,,,,,,,2014
3514,2014040660,4,40660,1,2,1,30,11,8,28,1,0,1,0,4,1,35,472,35472,30,2012,1N6AD0FR7CC4,1,N,6,A,D,0,F,R,7,C,C,4,0,0,0,Not Applicable,Not Applicable,0,0,0,1,0,0,0,0,0,0,0,13,0,0,0,83,2,5,12,0,0,0,1,4,85308,6,1,0,0,3,0,70,160,0,0,0,0,1,6,2014,6,2014,0,38,91,0,0,2,4,40,1,1,8,1,3,3,11,15,99,1,1,98,,,,0,0,,,,,,,,,,,,,,,,,,,,,,,,,2014
3515,2014040660,4,40660,2,2,1,30,11,8,28,1,0,1,0,4,1,53,705,53705,80,2003,JS1GN7BA7321,J,S,1,G,N,7,B,A,7,3,2,1,0,0,0,Not Applicable,Not Applicable,0,0,0,1,0,0,0,0,0,0,0,42,0,0,0,0,6,2,12,0,0,0,1,4,85022,6,1,0,0,3,3,72,165,0,0,0,0,0,0,0,0,0,0,0,0,0,0,2,5,40,1,1,8,1,3,3,1,62,98,1,1,98,,,,1,0,,,,,,,,,,,,,,,,,,,,,,,,,2014
3516,2014040661,4,40661,1,2,1,30,11,19,0,12,6,1,0,4,1,49,50,49050,3,2006,JTKDE1770600,J,T,K,D,E,1,7,7,0,6,0,0,0,0,0,Not Applicable,Not Applicable,0,0,0,1,0,0,0,0,0,0,0,45,0,0,0,12,6,2,12,0,0,0,1,4,85050,6,1,0,0,3,0,65,150,0,0,0,1,1,8,2013,3,2014,0,23,0,0,0,2,4,45,1,1,2,1,0,0,1,17,99,1,1,69,,,,0,0,,,,,,,,,,,,,,,,,,,,,,,,,2014
3517,2014040661,4,40661,2,2,2,30,11,19,0,12,6,1,0,4,1,49,51,49051,4,2008,JTDBT9231840,J,T,D,B,T,9,2,3,1,8,4,0,0,0,0,Not Applicable,Not Applicable,0,0,0,1,0,0,0,0,0,0,0,12,0,0,0,3,6,2,12,0,0,0,1,4,85308,6,1,0,0,3,3,69,165,0,0,0,0,0,0,0,0,0,0,0,0,0,0,2,4,45,1,1,2,1,0,0,11,63,1,1,1,68,,,,1,0,,,,,,,,,,,,,,,,,,,,,,,,,2014
3518,2014040662,4,40662,1,2,1,30,11,19,28,12,6,1,0,4,2,6,54,6054,6,2007,2A8GM68X07R2,2,A,8,G,M,6,8,X,0,7,R,2,0,0,0,Not Applicable,Not Applicable,0,0,0,1,0,0,0,0,0,0,0,21,0,0,0,82,6,2,12,0,0,0,1,4,85032,6,1,0,0,3,0,68,168,0,0,0,0,0,0,0,0,0,0,38,91,0,0,1,7,45,1,1,8,1,3,3,11,15,99,1,1,68,,,,0,0,,,,,,,,,,,,,,,,,,,,,,,,,2014
3519,2014040662,4,40662,2,2,1,30,11,19,28,12,6,1,0,4,1,72,706,72706,80,2000,1HD1GEV12YY3,1,H,D,1,G,E,V,1,2,Y,Y,3,0,0,0,Not Applicable,Not Applicable,0,0,0,1,0,0,0,0,0,0,0,52,0,0,0,12,6,2,12,0,0,0,1,4,85053,6,1,0,0,3,0,71,200,0,2,0,0,0,2,2012,3,2012,3,0,0,0,0,1,7,45,1,1,8,1,3,3,1,62,99,1,1,69,,,,1,1,,,,,,,,,,,,,,,,,,,,,,,,,2014
3520,2014040663,4,40663,1,1,1,23,12,14,43,33,0,1,0,4,1,2,403,2403,14,1993,1J4FY29S5PP2,1,J,4,F,Y,2,9,S,5,P,P,2,0,0,0,Not Applicable,Not Applicable,0,0,0,1,0,0,0,0,0,0,0,47,0,1,5,99,6,2,1,0,0,0,1,4,85383,6,1,0,0,3,0,71,185,0,0,0,0,0,0,0,0,0,0,0,0,0,0,1,2,25,2,1,2,1,0,0,14,3,99,3,4,2,,,,1,0,,,,,,,,,,,,,,,,,,,,,,,,,2014
3521,2014040664,4,40664,1,3,1,4,12,18,11,12,1,1,0,4,1,63,37,63037,6,2013,KNDJT2A58D75,K,N,D,J,T,2,A,5,8,D,7,5,0,0,0,Not Applicable,Not Applicable,0,0,0,1,0,0,0,0,0,0,0,45,0,0,0,12,6,2,12,0,0,0,1,4,85037,6,1,0,0,3,0,68,185,1,0,0,1,0,4,2013,6,2013,4,91,0,0,0,1,6,35,1,1,8,1,3,3,1,50,3,2,1,20,,,,1,0,,,,,,,,,,,,,,,,,,,,,,,,,2014
3522,2014040664,4,40664,2,3,2,4,12,18,11,12,1,1,0,4,2,20,24,20024,6,2012,1GNKRGED1CJ2,1,G,N,K,R,G,E,D,1,C,J,2,0,0,0,Not Applicable,Not Applicable,0,0,0,1,0,0,0,0,0,0,0,0,0,0,0,6,4,3,12,0,0,0,1,4,85323,6,1,6,0,3,0,72,245,0,1,0,0,0,12,2011,12,2011,0,0,0,0,0,1,6,35,1,1,8,1,3,3,5,53,1,1,1,21,,,,0,0,,,,,,,,,,,,,,,,,,,,,,,,,2014
3523,2014040664,4,40664,3,3,1,4,12,18,11,12,1,1,0,4,2,7,26,7026,4,2008,1B3LC46K08N5,1,B,3,L,C,4,6,K,0,8,N,5,0,0,0,Not Applicable,Not Applicable,0,0,0,1,0,0,0,0,0,0,0,0,0,0,0,6,4,5,12,0,0,0,1,4,85323,6,1,0,0,3,0,66,185,0,0,0,0,0,0,0,0,0,0,0,0,0,0,1,6,35,1,1,8,1,3,3,5,50,1,1,1,98,,,,0,0,,,,,,,,,,,,,,,,,,,,,,,,,2014
3524,2014040665,4,40665,1,1,1,7,11,10,31,1,0,1,0,4,1,72,706,72706,80,2013,1HD1KEM16DB6,1,H,D,1,K,E,M,1,6,D,B,6,0,0,0,Not Applicable,Not Applicable,0,0,0,1,0,0,0,0,0,0,0,998,0,0,0,0,6,2,1,0,0,0,1,4,85388,6,1,0,0,3,3,70,168,0,0,0,0,0,0,0,0,0,4,89,0,0,0,1,2,65,1,1,2,1,0,0,15,6,99,1,1,98,,,,1,0,,,,,,,,,,,,,,,,,,,,,,,,,2014
3525,2014040666,4,40666,1,1,1,19,12,11,33,9,0,1,0,4,1,20,443,20443,20,2001,1GNDU23E11D1,1,G,N,D,U,2,3,E,1,1,D,1,0,0,0,Not Applicable,Not Applicable,0,0,0,1,0,0,0,0,0,0,0,40,0,0,0,12,6,2,9,0,0,0,1,4,85209,6,1,0,0,3,1,71,150,0,1,0,0,0,3,2012,3,2012,0,39,0,0,0,2,4,45,1,1,8,1,2,3,1,83,1,1,1,13,,,,0,0,,,,,,,,,,,,,,,,,,,,,,,,,2014
3526,2014040667,4,40667,1,2,2,21,12,8,29,8,0,1,0,4,2,59,31,59031,4,1998,JT8BF28G2W50,J,T,8,B,F,2,8,G,2,W,5,0,0,0,0,Not Applicable,Not Applicable,0,0,0,1,0,0,0,0,0,0,0,25,0,0,0,12,2,5,8,0,0,0,1,4,85028,6,1,0,0,3,0,67,125,0,0,0,0,0,0,0,0,0,0,91,0,0,0,1,5,40,1,1,8,1,2,3,11,80,99,1,1,13,,,,0,0,,,,,,,,,,,,,,,,,,,,,,,,,2014
3527,2014040667,4,40667,2,2,1,21,12,8,29,8,0,1,0,4,4,49,46,49046,5,2011,JTDKN3DU0B53,J,T,D,K,N,3,D,U,0,B,5,3,0,0,0,Not Applicable,Not Applicable,0,0,0,1,0,0,0,0,0,0,0,26,0,0,0,12,2,5,8,0,0,0,1,4,85383,6,1,0,0,3,0,72,190,0,0,0,0,0,0,0,0,0,0,0,0,0,0,1,5,40,1,1,8,1,2,3,11,50,7,1,2,98,,,,0,0,,,,,,,,,,,,,,,,,,,,,,,,,2014
3528,2014040668,4,40668,1,2,1,16,12,15,29,1,0,1,0,4,1,53,706,53706,80,2014,JS1GR7MA4E21,J,S,1,G,R,7,M,A,4,E,2,1,0,0,0,Not Applicable,Not Applicable,0,0,0,1,0,0,0,0,0,0,0,998,0,0,0,0,6,2,12,0,0,0,1,4,85286,6,1,0,0,3,0,73,165,1,0,0,3,0,8,2014,11,2014,4,0,0,0,0,2,4,35,1,1,2,1,3,3,1,17,3,2,1,98,,,,1,0,,,,,,,,,,,,,,,,,,,,,,,,,2014
3529,2014040668,4,40668,2,2,3,16,12,15,29,1,0,1,0,4,2,59,404,59404,14,2013,JTJBM7FX6D50,J,T,J,B,M,7,F,X,6,D,5,0,0,0,0,Not Applicable,Not Applicable,0,0,0,1,0,0,0,0,0,0,0,10,0,0,0,82,6,2,12,0,0,0,1,4,85248,6,1,0,0,3,3,64,110,0,0,0,0,0,0,0,0,0,0,0,0,0,0,2,5,45,1,1,2,1,3,3,11,63,1,1,1,98,,,,0,0,,,,,,,,,,,,,,,,,,,,,,,,,2014
3530,2014040669,4,40669,1,2,1,27,12,22,30,12,6,1,0,4,1,49,40,49040,4,2009,4T1BE46K39U9,4,T,1,B,E,4,6,K,3,9,U,9,0,0,0,Not Applicable,Not Applicable,0,0,0,1,0,0,0,0,0,0,0,75,0,0,0,12,6,2,12,0,0,0,1,4,85248,6,1,0,0,3,0,70,130,0,0,0,0,0,0,0,0,0,3,91,39,0,0,2,5,45,1,6,8,1,3,3,1,17,99,1,1,69,,,,0,1,,,,,,,,,,,,,,,,,,,,,,,,,2014
3531,2014040669,4,40669,2,2,1,27,12,22,30,12,6,1,0,4,1,37,32,37032,4,2007,1HGCM56867A0,1,H,G,C,M,5,6,8,6,7,A,0,0,0,0,Not Applicable,Not Applicable,0,0,0,1,0,0,0,0,0,0,0,15,0,0,0,82,6,2,12,0,0,1,1,4,85226,6,1,0,0,3,3,63,164,0,0,0,0,0,0,0,0,0,0,0,0,0,0,2,5,45,1,1,8,1,3,3,11,63,1,1,1,68,,,,1,1,,,,,,,,,,,,,,,,,,,,,,,,,2014
3532,2014040670,4,40670,1,1,1,22,11,7,46,1,0,1,0,99,9,99,999,99999,99,9999,Unknown,9,9,9,9,9,9,9,9,9,9,9,9,0,0,0,Not Applicable,Not Applicable,0,0,0,1,0,0,0,0,0,0,0,999,0,1,9,0,9,9,1,0,0,0,1,4,86045,6,1,0,0,3,0,73,265,0,1,0,0,1,6,2012,6,2012,9,99,99,99,99,9,9,99,9,9,8,99,99,9,99,99,99,9,9,99,,,,1,0,,,,,,,,,,,,,,,,,,,,,,,,,2014
3533,2014040671,4,40671,1,1,2,28,11,14,39,1,0,1,0,99,9,99,999,99999,99,9999,Unknown,9,9,9,9,9,9,9,9,9,9,9,9,0,0,0,Not Applicable,Not Applicable,0,0,0,1,0,0,0,0,0,0,0,999,0,9,2,0,9,9,1,0,0,0,1,4,86033,0,0,0,0,0,0,72,195,0,0,0,0,0,0,0,0,0,9,58,0,0,0,9,9,99,9,9,8,99,0,0,99,19,99,9,4,99,,,,2,1,,,,,,,,,,,,,,,,,,,,,,,,,2014
3534,2014040673,4,40673,1,1,1,5,12,20,29,35,0,1,0,4,1,9,442,9442,20,1994,2P4GH2532RR6,2,P,4,G,H,2,5,3,2,R,R,6,1,1,0,Not Applicable,Not Applicable,0,0,0,1,0,0,0,0,0,0,0,998,0,1,5,62,6,2,1,0,0,0,1,4,85924,6,1,0,0,3,0,65,136,0,0,0,0,0,0,0,0,0,0,99,99,99,99,1,2,65,3,6,2,2,40,3,14,9,7,9,4,2,,,,1,0,,,,,,,,,,,,,,,,,,,,,,,,,2014
3535,2014040674,4,40674,1,1,1,1,12,17,57,8,0,1,0,4,1,23,481,23481,31,2014,3GTU2UEC8EG2,3,G,T,U,2,U,E,C,8,E,G,2,0,0,0,Not Applicable,Not Applicable,0,0,0,1,0,0,0,0,0,0,0,57,0,0,0,12,6,2,8,0,0,0,1,4,85354,6,1,0,0,3,0,59,110,0,0,0,0,0,0,0,0,0,0,0,0,0,0,1,2,50,1,1,2,1,0,0,1,80,1,1,1,13,,,,0,0,,,,,,,,,,,,,,,,,,,,,,,,,2014
3536,2014040675,4,40675,1,1,1,3,12,11,24,9,0,1,0,4,1,35,402,35402,14,2001,5N1ED28T71C5,5,N,1,E,D,2,8,T,7,1,C,5,0,0,0,Not Applicable,Not Applicable,0,0,0,1,0,0,0,0,0,0,0,3,0,0,0,12,2,5,9,0,0,0,1,4,85339,6,1,0,0,3,3,70,220,0,0,0,0,0,0,0,0,0,0,0,0,0,0,1,5,45,1,1,2,1,2,3,10,83,99,1,1,13,,,,0,0,,,,,,,,,,,,,,,,,,,,,,,,,2014
3537,2014040676,4,40676,1,5,1,4,12,17,32,12,99,1,0,99,9,12,17,12017,4,2014,Unknown,9,9,9,9,9,9,9,9,9,9,9,9,0,0,0,Not Applicable,Not Applicable,0,0,0,1,0,0,0,0,0,0,0,999,0,1,5,99,9,9,1,0,0,0,1,4,85015,6,1,0,0,3,0,66,170,0,0,0,0,0,0,0,0,0,9,99,99,99,99,9,9,99,9,9,8,99,3,3,1,17,99,9,9,91,,,,1,0,,,,,,,,,,,,,,,,,,,,,,,,,2014