index,accident_id,STATE,ST_CASE,VEH_NO,VE_FORMS,NUMOCCS,DAY,MONTH,HOUR,MINUTE,HARM_EV,MAN_COLL,UNITTYPE,HIT_RUN,REG_STAT,OWNER,MAKE,MODEL,MAK_MOD,BODY_TYP,MOD_YEAR,VIN,VIN_1,VIN_2,VIN_3,VIN_4,VIN_5,VIN_6,VIN_7,VIN_8,VIN_9,VIN_10,VIN_11,VIN_12,TOW_VEH,J_KNIFE,MCARR_I1,MCARR_I2,MCARR_ID,GVWR,V_CONFIG,CARGO_BT,HAZ_INV,HAZ_PLAC,HAZ_ID,HAZ_CNO,HAZ_REL,BUS_USE,SPEC_USE,EMER_USE,TRAV_SP,UNDERIDE,ROLLOVER,ROLINLOC,IMPACT1,DEFORMED,TOWED,M_HARM,VEH_SC1,VEH_SC2,FIRE_EXP,DR_PRES,L_STATE,DR_ZIP,L_STATUS,L_TYPE,CDL_STAT,L_ENDORS,L_COMPL,L_RESTRI,DR_HGT,DR_WGT,PREV_ACC,PREV_SUS,PREV_DWI,PREV_SPD,PREV_OTH,FIRST_MO,FIRST_YR,LAST_MO,LAST_YR,SPEEDREL,DR_SF1,DR_SF2,DR_SF3,DR_SF4,VTRAFWAY,VNUM_LAN,VSPD_LIM,VALIGN,VPROFILE,VPAVETYP,VSURCOND,VTRAFCON,VTCONT_F,P_CRASH1,P_CRASH2,P_CRASH3,PCRASH4,PCRASH5,ACC_TYPE,TRLR1VIN,TRLR2VIN,TRLR3VIN,DEATHS,DR_DRINK,VINTYPE,VINMAKE,VINA_MOD,VIN_BT,VINMODYR,VIN_LNGT,VIN_WGT,WGTCD_TR,WHLBS_LG,WHLBS_SH,SER_TR,FUELCODE,MCYCL_DS,CARBUR,CYLINDER,DISPLACE,MCYCL_CY,MCYCL_WT,TIRE_SZE,TON_RAT,TRK_WT,TRKWTVAR,VIN_REST,WHLDRWHL,Year
3538,2014040676,4,40676,2,5,1,4,12,17,32,12,99,1,0,99,9,59,421,59421,15,2000,Unknown,9,9,9,9,9,9,9,9,9,9,9,9,0,0,0,Not Applicable,Not Applicable,0,0,0,1,0,0,0,0,0,0,0,999,0,0,0,99,9,9,12,0,0,0,1,99,99999,9,9,99,0,9,9,999,999,99,99,99,99,99,99,9999,99,9999,9,99,99,99,99,9,9,99,9,9,8,99,3,3,99,17,99,9,9,91,,,,0,0,,,,,,,,,,,,,,,,,,,,,,,,,2014
3539,2014040676,4,40676,3,5,1,4,12,17,32,12,99,1,0,99,9,23,481,23481,31,2000,Unknown,9,9,9,9,9,9,9,9,9,9,9,9,0,0,0,Not Applicable,Not Applicable,0,0,0,1,0,0,0,0,0,0,0,999,0,0,0,99,9,9,12,0,0,0,1,4,85329,6,1,0,0,3,0,64,165,0,0,0,1,0,3,2012,3,2012,9,99,99,99,99,9,9,99,9,9,8,99,99,9,99,78,99,9,9,98,,,,0,0,,,,,,,,,,,,,,,,,,,,,,,,,2014
3540,2014040676,4,40676,4,5,1,4,12,17,32,12,99,1,0,99,9,12,17,12017,4,2002,Unknown,9,9,9,9,9,9,9,9,9,9,9,9,0,0,0,Not Applicable,Not Applicable,0,0,0,1,0,0,0,0,0,0,0,999,0,0,0,99,9,9,54,0,0,0,1,4,85303,0,0,0,0,0,0,61,145,0,0,0,0,0,0,0,0,0,9,99,99,99,99,9,9,99,9,9,8,99,99,9,99,98,99,9,9,98,,,,0,0,,,,,,,,,,,,,,,,,,,,,,,,,2014
3541,2014040676,4,40676,5,5,1,4,12,17,32,12,99,1,0,99,9,99,999,99999,99,9999,Unknown,9,9,9,9,9,9,9,9,9,9,9,9,0,0,0,Not Applicable,Not Applicable,0,0,0,1,0,0,0,0,0,0,0,999,0,0,0,99,9,9,54,0,0,0,1,99,99999,9,9,99,0,9,9,999,999,99,99,99,99,99,99,9999,99,9999,9,99,99,99,99,9,9,99,9,9,8,99,99,9,99,98,99,9,9,98,,,,0,0,,,,,,,,,,,,,,,,,,,,,,,,,2014
3542,2014040677,4,40677,1,1,1,6,12,2,54,33,0,1,0,4,2,72,706,72706,80,2005,1HD1BXB135Y0,1,H,D,1,B,X,B,1,3,5,Y,0,0,0,0,Not Applicable,Not Applicable,0,0,0,1,0,0,0,0,0,0,0,998,0,0,0,12,6,2,30,0,0,0,1,4,85345,6,1,0,0,2,0,72,210,0,0,0,0,0,0,0,0,0,9,99,99,99,99,5,5,40,3,1,2,1,0,0,14,13,99,1,4,5,,,,1,1,,,,,,,,,,,,,,,,,,,,,,,,,2014
3543,2014040678,4,40678,1,1,1,8,12,99,99,99,99,1,0,99,9,99,999,99999,99,9999,Unknown,9,9,9,9,9,9,9,9,9,9,9,9,0,0,0,Not Applicable,Not Applicable,0,0,0,1,0,0,0,0,0,0,0,999,0,0,0,99,9,9,99,0,0,0,1,4,85937,6,1,0,0,3,3,72,200,0,0,0,0,0,0,0,0,0,9,99,99,99,99,9,9,99,9,9,8,99,99,9,99,99,99,9,9,99,,,,1,0,,,,,,,,,,,,,,,,,,,,,,,,,2014
3544,2014040679,4,40679,1,2,1,9,12,17,23,12,6,1,0,99,9,7,482,7482,31,1999,Unknown,9,9,9,9,9,9,9,9,9,9,9,9,0,0,0,Not Applicable,Not Applicable,0,0,0,1,0,0,0,0,0,0,0,999,0,0,0,62,9,9,12,0,0,0,1,4,85022,6,1,0,0,3,3,67,130,0,0,0,0,0,0,0,0,0,9,38,0,0,0,0,0,0,0,0,0,0,99,9,11,15,99,1,1,82,,,,0,0,,,,,,,,,,,,,,,,,,,,,,,,,2014
3545,2014040679,4,40679,2,2,1,9,12,17,23,12,6,1,0,99,9,73,709,73709,80,2012,Unknown,9,9,9,9,9,9,9,9,9,9,9,9,0,0,0,Not Applicable,Not Applicable,0,0,0,1,0,0,0,0,0,0,0,999,0,0,0,12,9,9,12,0,0,0,1,4,85027,6,1,0,0,3,3,74,160,0,1,0,1,0,6,2013,7,2013,9,99,99,99,99,9,9,99,9,9,8,99,0,0,1,72,99,9,9,83,,,,1,0,,,,,,,,,,,,,,,,,,,,,,,,,2014
3546,2014040680,4,40680,1,1,1,11,12,2,53,8,0,1,1,99,9,99,999,99999,99,9999,Unknown,9,9,9,9,9,9,9,9,9,9,9,9,0,0,0,Not Applicable,Not Applicable,0,0,0,1,0,0,0,0,0,0,0,28,0,0,0,12,2,5,8,0,0,0,1,99,99999,9,9,99,0,9,9,999,999,99,99,99,99,99,99,9999,99,9999,0,99,99,99,99,1,6,40,1,1,8,1,0,0,1,80,99,1,1,13,,,,0,0,,,,,,,,,,,,,,,,,,,,,,,,,2014
3547,2014040681,4,40681,1,1,2,12,12,4,48,14,0,1,0,4,2,35,47,35047,4,2007,1N4AL21E07N4,1,N,4,A,L,2,1,E,0,7,N,4,0,0,0,Not Applicable,Not Applicable,0,0,0,1,0,0,0,0,0,0,0,57,4,0,0,12,6,2,14,0,0,0,1,4,85029,0,0,0,0,0,0,73,170,0,0,0,0,0,0,0,0,0,4,0,0,0,0,1,2,30,1,1,2,1,0,0,1,11,99,1,4,11,,,,1,1,,,,,,,,,,,,,,,,,,,,,,,,,2014
3548,2014040682,4,40682,1,2,1,13,12,20,29,12,6,1,0,99,9,35,47,35047,4,1999,Unknown,9,9,9,9,9,9,9,9,9,9,9,9,0,0,0,Not Applicable,Not Applicable,0,0,0,1,0,0,0,0,0,0,0,999,0,0,0,81,9,9,12,0,0,0,1,4,85335,6,1,4,0,3,3,66,325,0,0,0,0,0,0,0,0,0,9,99,99,99,99,9,9,99,9,9,8,99,0,0,11,15,99,9,9,68,,,,1,0,,,,,,,,,,,,,,,,,,,,,,,,,2014
3549,2014040682,4,40682,2,2,1,13,12,20,29,12,6,1,0,99,9,58,37,58037,4,2004,Unknown,9,9,9,9,9,9,9,9,9,9,9,9,0,0,0,Not Applicable,Not Applicable,0,0,0,1,0,0,0,0,0,0,0,999,0,0,0,12,9,9,12,0,0,0,1,4,85019,0,0,0,0,0,0,999,999,0,0,0,1,0,2,2014,2,2014,9,99,99,99,99,9,9,99,9,9,8,99,0,0,1,62,99,9,9,69,,,,0,0,,,,,,,,,,,,,,,,,,,,,,,,,2014
3550,2014040683,4,40683,1,2,1,14,12,12,29,12,2,1,0,4,2,37,32,37032,4,2007,1HGCM56447A0,1,H,G,C,M,5,6,4,4,7,A,0,0,0,0,Not Applicable,Not Applicable,0,0,0,1,0,0,0,0,0,0,0,32,0,0,0,12,6,2,12,0,0,0,1,4,85044,6,1,0,0,3,0,65,128,0,0,0,0,0,0,0,0,0,0,51,0,0,0,5,5,45,3,5,2,1,0,0,14,54,99,1,1,52,,,,1,1,,,,,,,,,,,,,,,,,,,,,,,,,2014
3551,2014040683,4,40683,2,2,1,14,12,12,29,12,2,1,0,4,1,6,10,6010,4,1988,1C3BF66P7JW1,1,C,3,B,F,6,6,P,7,J,W,1,0,0,0,Not Applicable,Not Applicable,0,0,0,1,0,0,0,0,0,0,0,42,0,0,0,12,6,2,12,0,0,0,1,4,85045,6,1,0,0,3,0,70,220,0,0,0,0,0,0,0,0,0,0,89,0,0,0,5,5,45,2,6,2,1,0,0,14,54,99,1,1,52,,,,0,0,,,,,,,,,,,,,,,,,,,,,,,,,2014
3552,2014040684,4,40684,1,2,2,18,12,12,54,12,99,1,0,99,9,12,3,12003,2,2002,Unknown,9,9,9,9,9,9,9,9,9,9,9,9,0,0,0,Not Applicable,Not Applicable,0,0,0,1,0,0,0,0,0,0,0,999,0,0,0,99,9,9,12,0,0,0,1,4,85308,6,1,0,0,3,0,69,145,0,0,0,0,0,0,0,0,0,9,38,0,0,0,9,9,99,9,9,8,99,3,3,11,15,99,9,9,68,,,,1,0,,,,,,,,,,,,,,,,,,,,,,,,,2014
3553,2014040684,4,40684,2,2,1,18,12,12,54,12,99,1,0,99,9,12,402,12402,14,2013,Unknown,9,9,9,9,9,9,9,9,9,9,9,9,0,0,0,Not Applicable,Not Applicable,0,0,0,1,0,0,0,0,0,0,0,999,0,0,0,99,9,9,12,0,0,0,1,4,85308,6,1,0,0,3,0,64,155,0,0,0,0,0,0,0,0,0,9,99,99,99,99,9,9,99,9,9,8,99,3,3,1,62,99,9,9,69,,,,0,0,,,,,,,,,,,,,,,,,,,,,,,,,2014
3554,2014040685,4,40685,1,2,4,20,12,18,0,12,7,1,0,4,1,35,47,35047,4,2009,1N4AL21E29N5,1,N,4,A,L,2,1,E,2,9,N,5,0,0,0,Not Applicable,Not Applicable,0,0,0,1,0,0,0,0,0,0,0,30,0,0,0,82,6,2,12,0,0,0,1,4,85379,6,1,0,0,3,0,68,198,0,0,0,1,0,12,2011,12,2011,0,27,0,0,0,1,4,35,1,1,8,1,0,0,15,11,1,1,2,46,,,,1,0,,,,,,,,,,,,,,,,,,,,,,,,,2014
3555,2014040685,4,40685,2,2,2,20,12,18,0,12,7,1,0,4,1,20,481,20481,31,1996,1GCEC19R3TE1,1,G,C,E,C,1,9,R,3,T,E,1,0,0,0,Not Applicable,Not Applicable,0,0,0,1,0,0,0,0,0,0,0,35,0,0,0,62,4,5,12,0,0,0,1,4,85035,6,1,0,0,3,0,71,175,0,2,0,0,1,1,2012,6,2012,0,0,0,0,0,1,4,35,1,1,8,1,0,0,1,60,99,1,1,45,,,,0,0,,,,,,,,,,,,,,,,,,,,,,,,,2014
3556,2014040686,4,40686,1,1,1,22,12,6,25,8,0,1,1,99,9,99,999,99999,99,9999,Unknown,9,9,9,9,9,9,9,9,9,9,9,9,0,0,0,Not Applicable,Not Applicable,0,0,0,1,0,0,0,0,0,0,0,999,0,0,0,99,9,5,8,0,0,0,1,99,99999,9,9,99,9,9,9,999,999,99,99,99,99,99,99,9999,99,9999,9,99,99,99,99,9,9,99,9,9,8,99,99,9,99,82,99,9,9,13,,,,0,0,,,,,,,,,,,,,,,,,,,,,,,,,2014
3557,2014040687,4,40687,1,1,1,23,12,9,45,33,0,1,0,4,1,6,52,6052,6,2008,3A8FY48B08T1,3,A,8,F,Y,4,8,B,0,8,T,1,0,0,0,Not Applicable,Not Applicable,0,0,0,1,0,0,0,0,0,0,0,33,0,0,0,82,2,5,8,0,0,0,1,4,85044,6,1,0,0,3,3,77,214,0,0,0,0,0,0,0,0,0,0,0,0,0,0,1,2,25,1,1,2,1,0,0,1,13,1,1,4,1,,,,0,0,,,,,,,,,,,,,,,,,,,,,,,,,2014
3558,2014040688,4,40688,1,1,1,23,12,18,32,8,0,1,0,99,9,20,499,20499,39,2006,Unknown,9,9,9,9,9,9,9,9,9,9,9,9,0,0,0,Not Applicable,Not Applicable,0,0,0,1,0,0,0,0,0,0,0,999,0,0,0,12,9,9,8,0,0,0,1,4,85014,6,1,0,0,3,0,71,265,0,0,0,1,1,12,2011,4,2012,9,99,99,99,99,9,9,99,9,9,9,99,99,9,1,80,99,9,9,13,,,,0,0,,,,,,,,,,,,,,,,,,,,,,,,,2014
3559,2014040689,4,40689,1,1,1,23,12,20,18,8,0,1,0,4,1,24,401,24401,14,2005,5GZCZ53415S8,5,G,Z,C,Z,5,3,4,1,5,S,8,0,0,0,Not Applicable,Not Applicable,0,0,0,1,0,0,0,0,0,0,0,18,0,0,0,12,6,2,8,0,0,0,1,4,85323,6,1,0,0,3,0,67,250,0,0,0,0,0,0,0,0,0,0,0,0,0,0,1,5,35,1,1,2,1,0,0,1,80,99,1,1,13,,,,0,0,,,,,,,,,,,,,,,,,,,,,,,,,2014
3560,2014040690,4,40690,1,1,1,27,12,22,9,33,0,1,0,4,5,19,18,19018,4,2005,1G6DP5677501,1,G,6,D,P,5,6,7,7,5,0,1,0,0,0,Not Applicable,Not Applicable,0,0,0,1,0,0,0,0,0,0,0,109,0,1,4,12,6,2,38,0,0,0,1,4,85029,6,1,0,0,3,0,70,190,0,0,0,1,0,1,2012,1,2012,4,0,0,0,0,1,4,35,2,1,2,1,0,0,14,6,99,3,4,2,,,,1,0,,,,,,,,,,,,,,,,,,,,,,,,,2014
3561,2014040691,4,40691,1,1,1,28,12,19,0,8,0,1,0,4,1,52,37,52037,3,2002,4A3AC84H92E0,4,A,3,A,C,8,4,H,9,2,E,0,0,0,0,Not Applicable,Not Applicable,0,0,0,1,0,0,0,0,0,0,0,66,0,0,0,12,6,2,8,0,0,0,1,4,85301,6,1,0,0,3,0,72,170,0,0,0,0,0,0,0,0,0,4,91,0,0,0,5,6,40,1,1,2,1,0,0,1,80,1,1,1,13,,,,0,0,,,,,,,,,,,,,,,,,,,,,,,,,2014
3562,2014040692,4,40692,1,2,1,29,12,16,44,1,0,1,0,4,1,37,706,37706,80,2003,1HFSC49023A1,1,H,F,S,C,4,9,0,2,3,A,1,0,0,0,Not Applicable,Not Applicable,0,0,0,1,0,0,0,0,0,0,0,49,0,0,0,0,6,2,12,0,0,0,1,4,85383,6,1,0,0,2,0,72,340,0,0,0,1,0,5,2014,5,2014,4,0,0,0,0,1,5,40,1,1,2,1,3,3,1,6,3,2,2,98,,,,1,1,,,,,,,,,,,,,,,,,,,,,,,,,2014
3563,2014040692,4,40692,2,2,1,29,12,16,44,1,0,1,0,6,1,41,51,41051,4,2013,JM1BL1L82D17,J,M,1,B,L,1,L,8,2,D,1,7,0,0,0,Not Applicable,Not Applicable,0,0,0,1,0,0,0,0,0,0,0,17,0,0,0,6,4,5,12,0,0,0,1,4,85383,6,1,0,0,3,0,64,140,0,0,0,0,0,0,0,0,0,0,0,0,0,0,1,5,40,1,1,2,1,3,3,2,61,99,1,1,98,,,,0,0,,,,,,,,,,,,,,,,,,,,,,,,,2014
3564,2014040693,4,40693,1,2,1,30,12,0,8,12,99,1,0,99,9,99,999,99999,99,9999,Unknown,9,9,9,9,9,9,9,9,9,9,9,9,0,0,0,Not Applicable,Not Applicable,0,0,0,1,0,0,0,0,0,0,0,999,0,0,0,99,9,9,12,0,0,0,1,99,99999,9,9,99,0,9,9,999,999,99,99,99,99,99,99,9999,99,9999,5,39,0,0,0,9,9,99,9,9,8,99,20,3,99,99,99,9,9,99,,,,0,0,,,,,,,,,,,,,,,,,,,,,,,,,2014
3565,2014040693,4,40693,2,2,3,30,12,0,8,12,99,1,0,99,9,99,999,99999,99,9999,Unknown,9,9,9,9,9,9,9,9,9,9,9,9,0,0,0,Not Applicable,Not Applicable,0,0,0,1,0,0,0,0,0,0,0,999,0,1,9,99,9,9,1,0,0,0,1,4,85208,6,1,0,0,3,0,71,190,0,0,0,0,0,0,0,0,0,9,99,99,99,99,9,9,99,9,9,8,99,99,9,99,99,99,9,9,99,,,,1,0,,,,,,,,,,,,,,,,,,,,,,,,,2014
3566,2014040694,4,40694,1,3,2,5,4,5,21,12,99,1,0,99,9,20,37,20037,4,2001,Unknown,9,9,9,9,9,9,9,9,9,9,9,9,0,0,0,Not Applicable,Not Applicable,0,0,0,1,0,0,0,0,0,0,0,0,0,0,0,99,9,9,12,0,0,0,1,4,85017,0,0,0,0,0,0,999,999,0,0,0,0,0,0,0,0,0,0,91,0,0,0,3,4,99,1,1,2,1,0,0,5,99,99,9,9,99,,,,1,0,,,,,,,,,,,,,,,,,,,,,,,,,2014
3567,2014040694,4,40694,2,3,1,5,4,5,21,12,99,1,0,99,9,14,38,14038,2,2000,Unknown,9,9,9,9,9,9,9,9,9,9,9,9,0,0,0,Not Applicable,Not Applicable,0,0,0,1,0,0,0,0,0,0,0,999,0,0,0,99,9,9,12,0,0,0,1,6,99999,9,9,99,0,9,9,999,999,99,99,99,99,99,99,9999,99,9999,9,84,0,0,0,3,4,99,1,1,2,99,0,0,1,99,99,9,9,99,,,,0,0,,,,,,,,,,,,,,,,,,,,,,,,,2014
3568,2014040694,4,40694,3,3,1,5,4,5,21,12,99,1,0,99,9,20,431,20431,16,1994,Unknown,9,9,9,9,9,9,9,9,9,9,9,9,0,0,0,Not Applicable,Not Applicable,0,0,0,1,0,0,0,0,0,0,0,999,0,0,0,12,9,9,54,0,0,0,1,4,85015,6,1,0,0,3,0,65,180,0,0,0,0,0,0,0,0,0,9,99,99,99,99,3,4,99,1,1,2,1,0,0,99,99,99,9,9,98,,,,0,0,,,,,,,,,,,,,,,,,,,,,,,,,2014
3569,2014040695,4,40695,1,1,1,28,11,12,59,21,0,1,0,6,4,12,481,12481,31,2014,1FTEW1CM2EKE,1,F,T,E,W,1,C,M,2,E,K,E,0,0,0,Not Applicable,Not Applicable,0,0,0,1,0,0,0,0,0,0,0,60,0,0,0,12,6,2,21,0,0,0,1,45,29407,6,1,0,0,3,0,68,120,1,0,0,0,0,9,2014,9,2014,9,99,99,99,99,8,8,65,1,1,2,1,0,0,99,13,99,9,4,5,,,,1,0,,,,,,,,,,,,,,,,,,,,,,,,,2014
3570,2014040696,4,40696,1,1,2,27,12,3,28,52,0,1,0,99,9,2,999,2999,49,2012,Unknown,9,9,9,9,9,9,9,9,9,9,9,9,0,0,0,Not Applicable,Not Applicable,0,0,0,1,0,0,0,0,0,0,0,999,0,1,9,99,9,9,1,0,0,0,1,99,99999,9,9,99,0,9,9,999,999,99,99,99,99,99,99,9999,99,9999,9,99,99,99,99,9,9,99,9,9,2,99,99,9,99,99,99,9,9,99,,,,1,0,,,,,,,,,,,,,,,,,,,,,,,,,2014
3571,2014040697,4,40697,1,1,6,10,6,16,45,1,0,1,0,4,2,35,402,35402,14,2000,5N1ED28T5YC5,5,N,1,E,D,2,8,T,5,Y,C,5,0,0,0,Not Applicable,Not Applicable,0,0,0,1,0,0,0,0,0,0,0,999,0,1,3,0,6,2,1,0,0,0,1,4,85374,6,1,0,0,3,0,66,145,0,0,0,0,0,0,0,0,0,4,58,0,0,0,3,7,65,1,1,2,1,0,0,1,6,6,4,4,7,,,,1,1,,,,,,,,,,,,,,,,,,,,,,,,,2014
3572,2014040698,4,40698,1,2,1,13,9,13,21,12,9,1,0,4,1,72,706,72706,80,2013,1HD1MAM12DB8,1,H,D,1,M,A,M,1,2,D,B,8,0,0,0,Not Applicable,Not Applicable,0,0,0,1,0,0,0,0,0,0,0,55,0,0,0,63,6,2,12,0,0,0,1,4,85345,6,1,0,0,3,0,66,190,0,0,0,0,0,0,0,0,0,0,27,84,0,0,3,5,65,1,1,2,1,0,0,1,52,9,2,1,32,,,,1,0,,,,,,,,,,,,,,,,,,,,,,,,,2014
3573,2014040698,4,40698,2,2,1,13,9,13,21,12,9,1,0,4,1,37,31,37031,2,2002,1HGEM222X2L0,1,H,G,E,M,2,2,2,X,2,L,0,0,0,0,Not Applicable,Not Applicable,0,0,0,1,0,0,0,0,0,0,0,40,0,0,0,6,6,2,12,0,0,0,1,48,76059,6,1,0,0,3,3,999,999,0,0,0,1,0,2,2013,2,2013,0,0,0,0,0,3,5,65,1,1,2,1,0,0,2,53,2,1,1,32,,,,0,0,,,,,,,,,,,,,,,,,,,,,,,,,2014
3574,2014040699,4,40699,1,2,1,15,9,1,9,12,1,1,0,18,3,86,881,86881,66,2011,1M1AW01Y7BM0,1,M,1,A,W,0,1,Y,7,B,M,0,1,1,57,00021800,5700021800,3,6,1,1,0,0,0,0,0,0,0,998,7,0,0,12,6,2,12,0,0,0,1,4,85338,6,1,6,0,3,0,71,300,0,0,0,0,0,0,0,0,0,4,0,0,0,0,2,2,75,1,1,2,1,0,0,1,51,1,1,1,24,,,,0,0,,,,,,,,,,,,,,,,,,,,,,,,,2014
3575,2014040699,4,40699,2,2,1,15,9,1,9,12,1,1,0,96,1,12,481,12481,31,1993,1FTEX15N9PKB,1,F,T,E,X,1,5,N,9,P,K,B,0,0,0,Not Applicable,Not Applicable,0,0,0,1,0,0,0,0,0,0,0,998,0,0,0,6,6,2,42,0,0,0,1,96,0,9,9,99,0,9,9,999,999,99,99,99,99,99,99,9999,99,9999,0,0,0,0,0,2,2,75,1,1,2,1,0,0,1,53,99,1,1,25,,,,1,0,,,,,,,,,,,,,,,,,,,,,,,,,2014
3576,2014040700,4,40700,1,1,1,3,10,18,56,1,0,1,0,4,1,6,52,6052,6,2003,3C8FY78GX3T6,3,C,8,F,Y,7,8,G,X,3,T,6,0,0,0,Not Applicable,Not Applicable,0,0,0,1,0,0,0,0,0,0,0,999,0,1,5,0,6,2,1,0,0,0,1,4,85531,6,1,0,0,3,0,63,138,0,0,0,0,0,0,0,0,0,4,0,0,0,0,2,3,65,1,1,2,1,0,0,1,6,7,3,4,2,,,,1,0,,,,,,,,,,,,,,,,,,,,,,,,,2014
3577,2014040701,4,40701,1,1,1,10,10,4,0,35,0,1,0,4,1,37,31,37031,4,2010,19XFA1F54AE0,1,9,X,F,A,1,F,5,4,A,E,0,0,0,0,Not Applicable,Not Applicable,0,0,0,1,0,0,0,0,0,0,0,75,0,0,0,99,6,2,35,0,0,0,1,4,85251,6,1,0,0,3,0,68,190,0,2,1,0,0,12,2012,2,2013,4,0,0,0,0,1,2,35,2,6,2,1,40,3,14,6,7,3,4,7,,,,1,1,,,,,,,,,,,,,,,,,,,,,,,,,2014
3578,2014040702,4,40702,1,2,1,14,10,6,59,12,6,1,0,4,1,30,40,30040,4,2014,3VWD17AJ5EM4,3,V,W,D,1,7,A,J,5,E,M,4,0,0,0,Not Applicable,Not Applicable,0,0,0,1,0,0,0,0,0,0,0,5,0,0,0,3,6,2,12,0,0,0,1,4,85142,6,1,6,0,3,3,66,122,0,0,0,0,1,11,2011,11,2011,0,38,0,0,0,2,4,65,3,1,2,1,0,0,11,15,1,1,1,68,,,,0,0,,,,,,,,,,,,,,,,,,,,,,,,,2014
3579,2014040702,4,40702,2,2,1,14,10,6,59,12,6,1,0,4,1,76,706,76706,80,2013,JYARN27EXDA0,J,Y,A,R,N,2,7,E,X,D,A,0,0,0,0,Not Applicable,Not Applicable,0,0,0,1,0,0,0,0,0,0,0,998,0,0,0,12,6,2,12,0,0,0,1,4,85139,6,1,0,0,3,3,71,200,0,0,0,0,0,0,0,0,0,0,0,0,0,0,2,4,75,2,1,2,1,0,0,14,62,99,1,1,69,,,,1,0,,,,,,,,,,,,,,,,,,,,,,,,,2014
3580,2014040703,4,40703,1,1,1,30,10,12,13,9,0,1,0,4,1,12,880,12880,67,2006,1FTWW31P36EB,1,F,T,W,W,3,1,P,3,6,E,B,0,0,88,None,None,2,1,97,1,0,0,0,0,0,0,0,999,0,0,0,82,2,5,9,0,0,0,1,4,85742,6,1,0,0,3,0,72,200,0,0,0,0,0,0,0,0,0,9,99,99,99,99,1,2,65,1,5,2,1,0,0,1,83,1,1,1,13,,,,0,0,,,,,,,,,,,,,,,,,,,,,,,,,2014
3581,2014040704,4,40704,1,2,1,7,11,12,21,12,2,1,0,4,3,7,482,7482,31,2014,1C6RR7KT3ES1,1,C,6,R,R,7,K,T,3,E,S,1,0,0,0,Not Applicable,Not Applicable,0,0,0,1,0,0,0,0,0,0,0,55,0,1,1,12,6,2,12,0,0,0,1,4,85388,6,1,0,0,3,0,73,185,1,0,0,2,0,7,2014,9,2014,0,28,0,0,0,1,2,45,3,1,2,1,40,3,14,13,7,1,6,52,,,,1,0,,,,,,,,,,,,,,,,,,,,,,,,,2014
3582,2014040704,4,40704,2,2,1,7,11,12,21,12,2,1,0,4,4,84,881,84881,63,2005,1HTXLAHT35J1,1,H,T,X,L,A,H,T,3,5,J,1,0,0,57,0168028,570168028,3,2,5,1,0,0,0,0,0,0,0,45,0,0,0,12,6,2,12,0,0,0,1,4,85383,6,1,6,0,3,0,75,300,0,0,0,0,0,0,0,0,0,0,0,0,0,0,1,2,45,2,1,2,1,40,3,14,63,8,1,3,52,,,,0,0,,,,,,,,,,,,,,,,,,,,,,,,,2014
3583,2014040705,4,40705,1,1,1,17,11,13,7,8,0,1,1,99,9,42,42,42042,4,2000,Unknown,9,9,9,9,9,9,9,9,9,9,9,9,0,0,0,Not Applicable,Not Applicable,0,0,0,1,0,0,0,0,0,0,0,999,0,0,0,12,2,5,8,0,0,0,1,99,99999,9,9,99,0,9,9,999,999,99,99,99,99,99,99,9999,99,9999,9,99,99,99,99,2,2,75,1,1,2,1,0,0,1,80,99,1,1,13,,,,0,0,,,,,,,,,,,,,,,,,,,,,,,,,2014
3584,2014040706,4,40706,1,1,3,18,11,5,24,42,0,1,1,4,2,23,402,23402,14,2013,2GKFLREK1D61,2,G,K,F,L,R,E,K,1,D,6,1,0,0,0,Not Applicable,Not Applicable,0,0,0,1,0,0,0,0,0,0,0,999,0,0,0,99,6,2,58,0,0,0,1,99,99999,9,9,99,0,9,9,999,999,99,99,99,99,99,99,9999,99,9999,9,99,99,99,99,1,2,65,1,1,2,1,0,0,99,12,99,9,4,10,,,,1,0,,,,,,,,,,,,,,,,,,,,,,,,,2014
3585,2014040707,4,40707,1,1,3,28,11,16,46,1,0,1,9,99,9,99,999,99999,99,9999,Unknown,9,9,9,9,9,9,9,9,9,9,9,9,0,0,0,Not Applicable,Not Applicable,0,0,0,1,0,0,0,0,0,0,0,999,0,1,9,0,9,9,1,0,0,0,1,99,99999,9,9,99,0,9,9,999,999,99,99,99,99,99,99,9999,99,9999,9,99,99,99,99,9,9,99,9,9,8,99,99,9,99,99,99,9,9,99,,,,2,0,,,,,,,,,,,,,,,,,,,,,,,,,2014
3586,2014040708,4,40708,1,2,1,3,12,6,13,12,1,1,0,4,2,20,481,20481,31,2005,2GCEK13T9513,2,G,C,E,K,1,3,T,9,5,1,3,0,0,0,Not Applicable,Not Applicable,0,0,0,1,0,0,0,0,0,0,0,999,0,0,0,12,6,2,12,0,0,0,1,4,85273,6,1,0,0,3,3,73,230,0,0,0,0,0,0,0,0,0,4,0,0,0,0,2,2,65,1,1,2,1,0,0,1,51,99,1,1,24,,,,1,0,,,,,,,,,,,,,,,,,,,,,,,,,2014
3587,2014040708,4,40708,2,2,1,3,12,6,13,12,1,1,0,4,3,85,881,85881,66,1997,1XKDD99X0VR7,1,X,K,D,D,9,9,X,0,V,R,7,1,1,57,0167277,570167277,3,6,4,1,0,0,0,0,0,0,0,32,0,0,0,6,4,5,12,0,0,0,1,4,85128,6,1,6,0,3,3,71,245,0,2,0,0,0,6,2014,7,2014,0,0,0,0,0,2,2,65,1,1,2,1,0,0,1,53,1,1,1,25,,,,0,0,,,,,,,,,,,,,,,,,,,,,,,,,2014