index,accident_id,STATE,ST_CASE,VEH_NO,VE_FORMS,NUMOCCS,DAY,MONTH,HOUR,MINUTE,HARM_EV,MAN_COLL,UNITTYPE,HIT_RUN,REG_STAT,OWNER,MAKE,MODEL,MAK_MOD,BODY_TYP,MOD_YEAR,VIN,VIN_1,VIN_2,VIN_3,VIN_4,VIN_5,VIN_6,VIN_7,VIN_8,VIN_9,VIN_10,VIN_11,VIN_12,TOW_VEH,J_KNIFE,MCARR_I1,MCARR_I2,MCARR_ID,GVWR,V_CONFIG,CARGO_BT,HAZ_INV,HAZ_PLAC,HAZ_ID,HAZ_CNO,HAZ_REL,BUS_USE,SPEC_USE,EMER_USE,TRAV_SP,UNDERIDE,ROLLOVER,ROLINLOC,IMPACT1,DEFORMED,TOWED,M_HARM,VEH_SC1,VEH_SC2,FIRE_EXP,DR_PRES,L_STATE,DR_ZIP,L_STATUS,L_TYPE,CDL_STAT,L_ENDORS,L_COMPL,L_RESTRI,DR_HGT,DR_WGT,PREV_ACC,PREV_SUS,PREV_DWI,PREV_SPD,PREV_OTH,FIRST_MO,FIRST_YR,LAST_MO,LAST_YR,SPEEDREL,DR_SF1,DR_SF2,DR_SF3,DR_SF4,VTRAFWAY,VNUM_LAN,VSPD_LIM,VALIGN,VPROFILE,VPAVETYP,VSURCOND,VTRAFCON,VTCONT_F,P_CRASH1,P_CRASH2,P_CRASH3,PCRASH4,PCRASH5,ACC_TYPE,TRLR1VIN,TRLR2VIN,TRLR3VIN,DEATHS,DR_DRINK,VINTYPE,VINMAKE,VINA_MOD,VIN_BT,VINMODYR,VIN_LNGT,VIN_WGT,WGTCD_TR,WHLBS_LG,WHLBS_SH,SER_TR,FUELCODE,MCYCL_DS,CARBUR,CYLINDER,DISPLACE,MCYCL_CY,MCYCL_WT,TIRE_SZE,TON_RAT,TRK_WT,TRKWTVAR,VIN_REST,WHLDRWHL,Year
3638,2013040023,4,40023,2,3,3,22,1,15,2,12,1,1,0,4,1,7,20,7020,4,2004,1B3ES56C84D5,1,B,3,E,S,5,6,C,8,4,D,5,0,0,0,Not Applicable,Not Applicable,0,0,0,1,0,0,0,0,0,0,0,0,0,0,0,6,6,2,12,0,0,0,1,4,86327,6,1,0,0,3,0,59,145,0,0,0,0,0,0,0,0,0,0,0,0,0,0,2,2,55,1,6,2,1,3,3,5,53,1,1,1,21,,,,1,0,,,,,,,,,,,,,,,,,,,,,,,,,2013
3639,2013040023,4,40023,3,3,1,22,1,15,2,12,1,1,0,4,4,12,37,12037,4,2013,1FADP3F28DL2,1,F,A,D,P,3,F,2,8,D,L,2,0,0,0,Not Applicable,Not Applicable,0,0,0,1,0,0,0,0,0,0,0,3,0,0,0,63,4,5,12,0,0,0,1,55,54021,6,1,0,0,3,0,64,145,0,0,0,0,0,0,0,0,0,0,0,0,0,0,2,2,55,1,6,2,1,3,3,3,50,1,1,1,98,,,,0,0,,,,,,,,,,,,,,,,,,,,,,,,,2013
3640,2013040024,4,40024,1,3,1,22,1,18,44,1,0,1,0,6,1,73,706,73706,80,1978,KZT00B508214,K,Z,T,0,0,B,5,0,8,2,1,4,0,0,0,Not Applicable,Not Applicable,0,0,0,1,0,0,0,0,0,0,0,998,0,0,0,0,6,2,1,0,0,1,1,6,93612,1,1,0,0,2,0,68,215,0,1,0,0,0,9,2012,9,2012,3,27,0,0,0,5,4,45,1,1,2,1,0,0,1,52,3,2,1,98,,,,1,1,,,,,,,,,,,,,,,,,,,,,,,,,2013
3641,2013040024,4,40024,2,3,1,22,1,18,44,1,0,1,0,4,1,37,32,37032,4,2000,1HGCG164XYA0,1,H,G,C,G,1,6,4,X,Y,A,0,0,0,0,Not Applicable,Not Applicable,0,0,0,1,0,0,0,0,0,0,0,998,0,0,0,6,2,5,12,0,0,0,1,4,85388,6,1,0,0,3,0,74,240,0,0,0,0,0,0,0,0,0,0,89,0,0,0,5,4,45,1,1,2,1,0,0,1,53,1,1,1,98,,,,0,0,,,,,,,,,,,,,,,,,,,,,,,,,2013
3642,2013040024,4,40024,3,3,3,22,1,18,44,1,0,1,0,4,1,19,3,19003,4,2001,1G6KD54Y11U2,1,G,6,K,D,5,4,Y,1,1,U,2,0,0,0,Not Applicable,Not Applicable,0,0,0,1,0,0,0,0,0,0,0,0,0,0,0,12,6,2,12,0,0,0,1,4,85307,6,1,0,0,3,3,70,145,0,0,0,0,0,0,0,0,0,0,0,0,0,0,5,4,45,1,1,2,1,0,0,5,62,1,1,1,98,,,,0,0,,,,,,,,,,,,,,,,,,,,,,,,,2013
3643,2013040025,4,40025,1,1,1,23,1,10,29,8,0,1,1,4,3,12,402,12402,14,2008,1FMCU59H88KA,1,F,M,C,U,5,9,H,8,8,K,A,0,0,0,Not Applicable,Not Applicable,0,0,0,1,0,0,0,0,0,0,0,65,0,0,0,12,2,5,8,0,0,0,1,4,86409,6,1,0,0,3,0,73,189,0,0,0,0,0,0,0,0,0,0,0,0,0,0,3,2,65,1,5,2,1,0,0,1,80,1,1,1,13,,,,0,0,,,,,,,,,,,,,,,,,,,,,,,,,2013
3644,2013040026,4,40026,1,2,1,26,1,15,10,12,6,1,0,4,1,35,401,35401,14,1998,JN8AR05S4WW2,J,N,8,A,R,0,5,S,4,W,W,2,0,0,0,Not Applicable,Not Applicable,0,0,0,1,0,0,0,0,0,0,0,998,0,0,0,81,6,2,12,0,0,0,1,4,85541,6,1,0,0,3,0,62,116,0,0,0,0,0,0,0,0,0,4,28,87,0,0,1,2,55,1,5,2,2,0,0,99,6,99,4,2,64,,,,1,0,,,,,,,,,,,,,,,,,,,,,,,,,2013
3645,2013040026,4,40026,2,2,1,26,1,15,10,12,6,1,0,4,1,12,3,12003,3,1984,1FABP28M0EF1,1,F,A,B,P,2,8,M,0,E,F,1,0,0,0,Not Applicable,Not Applicable,0,0,0,1,0,0,0,0,0,0,0,999,0,0,0,12,6,2,12,0,0,0,1,4,86305,6,1,0,0,3,3,71,240,0,0,0,0,0,0,0,0,0,0,0,0,0,0,1,2,55,1,6,2,2,0,0,1,62,99,1,1,65,,,,1,0,,,,,,,,,,,,,,,,,,,,,,,,,2013
3646,2013040027,4,40027,1,2,5,27,1,20,33,12,1,1,0,4,6,12,401,12401,14,1993,1FMDU34X6PUD,1,F,M,D,U,3,4,X,6,P,U,D,0,0,0,Not Applicable,Not Applicable,0,0,0,1,0,0,0,0,0,0,0,0,0,0,0,6,6,2,12,0,0,0,0,0,99997,7,6,97,7,6,7,998,997,998,998,998,998,998,98,9998,98,9998,8,20,54,91,0,3,4,65,3,5,2,2,0,0,0,53,0,0,0,32,,,,2,0,,,,,,,,,,,,,,,,,,,,,,,,,2013
3647,2013040027,4,40027,2,2,1,27,1,20,33,12,1,1,0,4,1,49,482,49482,31,2010,5TFRY5F17AX0,5,T,F,R,Y,5,F,1,7,A,X,0,0,0,0,Not Applicable,Not Applicable,0,0,0,1,0,0,0,0,0,0,0,999,0,1,1,12,6,2,12,0,0,0,1,4,85340,6,1,0,0,3,0,67,175,0,0,0,1,0,8,2010,8,2010,0,0,0,0,0,3,4,65,3,5,2,2,0,0,14,50,1,1,1,32,,,,0,0,,,,,,,,,,,,,,,,,,,,,,,,,2013
3648,2013040028,4,40028,1,1,2,27,1,22,16,8,0,1,0,4,1,55,441,55441,20,2007,KNDMC2338760,K,N,D,M,C,2,3,3,8,7,6,0,0,0,0,Not Applicable,Not Applicable,0,0,0,1,0,0,0,0,0,0,0,45,0,0,0,12,2,5,8,0,0,0,1,4,85367,6,1,0,0,3,0,67,145,0,0,0,0,0,0,0,0,0,0,0,0,0,0,1,2,45,1,1,2,2,0,0,1,80,1,1,1,13,,,,0,0,,,,,,,,,,,,,,,,,,,,,,,,,2013
3649,2013040029,4,40029,1,1,1,28,1,3,19,43,0,1,0,4,1,37,705,37705,80,2002,JH2PC35012M3,J,H,2,P,C,3,5,0,1,2,M,3,0,0,0,Not Applicable,Not Applicable,0,0,0,1,0,0,0,0,0,0,0,999,0,0,0,12,6,2,1,0,0,0,1,4,85033,6,1,0,0,2,0,67,170,0,6,0,1,1,3,2010,4,2011,0,99,99,99,99,6,1,55,2,5,2,2,0,0,14,12,99,9,4,6,,,,1,1,,,,,,,,,,,,,,,,,,,,,,,,,2013
3650,2013040031,4,40031,1,2,1,8,1,11,11,12,7,1,0,4,1,18,441,18441,20,2005,5GADV33L95D2,5,G,A,D,V,3,3,L,9,5,D,2,0,0,0,Not Applicable,Not Applicable,0,0,0,1,0,0,0,0,0,0,0,41,0,0,0,62,4,3,12,0,0,0,1,4,85351,6,1,0,0,3,3,65,112,0,0,0,0,0,0,0,0,0,0,48,0,0,0,2,2,40,1,1,2,1,0,0,11,15,1,1,1,72,,,,0,0,,,,,,,,,,,,,,,,,,,,,,,,,2013
3651,2013040031,4,40031,2,2,1,8,1,11,11,12,7,1,0,4,1,20,481,20481,31,2001,2GCEK19T5112,2,G,C,E,K,1,9,T,5,1,1,2,0,0,0,Not Applicable,Not Applicable,0,0,0,1,0,0,0,0,0,0,0,42,0,1,1,3,6,2,1,0,0,0,1,4,85381,6,1,0,0,3,3,69,190,0,0,0,0,0,0,0,0,0,0,0,0,0,0,2,2,40,1,1,2,1,0,0,1,61,1,1,1,73,,,,1,0,,,,,,,,,,,,,,,,,,,,,,,,,2013
3652,2013040032,4,40032,1,1,1,27,1,12,18,24,0,1,0,4,1,20,481,20481,31,2006,2GCEC19V3612,2,G,C,E,C,1,9,V,3,6,1,2,0,0,0,Not Applicable,Not Applicable,0,0,0,1,0,0,0,0,0,0,0,998,0,0,0,61,6,2,24,0,0,0,1,4,85705,6,1,0,0,3,0,68,150,0,1,0,2,1,10,2011,7,2012,4,0,0,0,0,2,2,75,2,1,2,1,0,0,14,12,7,9,4,2,,,,1,0,,,,,,,,,,,,,,,,,,,,,,,,,2013
3653,2013040033,4,40033,1,1,2,3,1,0,1,33,0,1,0,4,1,37,32,37032,4,2003,3HGCM56333G7,3,H,G,C,M,5,6,3,3,3,G,7,0,0,0,Not Applicable,Not Applicable,0,0,0,1,0,0,0,0,0,0,0,45,0,1,5,12,6,2,1,0,0,0,1,4,85716,6,1,0,0,3,0,77,180,0,0,0,0,0,0,0,0,0,4,91,0,0,0,6,1,25,2,1,2,1,0,0,11,9,99,9,4,7,,,,1,1,,,,,,,,,,,,,,,,,,,,,,,,,2013
3654,2013040034,4,40034,1,1,1,4,1,18,15,30,0,1,0,4,2,49,401,49401,14,1997,JT3HN87R7V90,J,T,3,H,N,8,7,R,7,V,9,0,0,0,0,Not Applicable,Not Applicable,0,0,0,1,0,0,0,0,0,0,0,75,0,0,0,62,6,2,30,0,0,0,1,4,85132,6,1,0,0,3,0,64,130,0,0,0,0,0,0,0,0,0,3,6,58,0,0,1,2,45,1,1,2,1,0,0,1,13,6,3,4,7,,,,1,1,,,,,,,,,,,,,,,,,,,,,,,,,2013
3655,2013040035,4,40035,1,1,1,23,1,16,59,1,0,1,0,4,2,23,421,23421,15,2005,1GKEC13V05R1,1,G,K,E,C,1,3,V,0,5,R,1,0,0,0,Not Applicable,Not Applicable,0,0,0,1,0,0,0,0,0,0,0,65,0,1,5,0,6,2,1,32,0,0,1,4,85206,6,1,0,0,3,0,65,185,0,0,0,0,0,0,0,0,0,4,0,0,0,0,1,2,65,1,5,2,1,0,0,1,13,1,9,4,7,,,,1,0,,,,,,,,,,,,,,,,,,,,,,,,,2013
3656,2013040036,4,40036,1,1,1,25,1,19,30,8,0,1,0,4,1,2,403,2403,14,1998,1J4FY19S8WP7,1,J,4,F,Y,1,9,S,8,W,P,7,0,0,0,Not Applicable,Not Applicable,0,0,0,1,0,0,0,0,0,0,0,35,0,0,0,82,2,5,8,0,0,0,1,4,85051,6,1,0,0,3,0,64,140,0,0,0,0,0,0,0,0,0,0,0,0,0,0,5,5,40,1,1,2,2,0,0,1,80,8,1,3,13,,,,0,1,,,,,,,,,,,,,,,,,,,,,,,,,2013
3657,2013040037,4,40037,1,3,1,26,1,11,1,12,6,1,0,4,2,2,403,2403,14,2008,1J4GA59188L5,1,J,4,G,A,5,9,1,8,8,L,5,0,0,0,Not Applicable,Not Applicable,0,0,0,1,0,0,0,0,0,0,0,45,0,0,0,12,6,2,12,0,0,0,1,4,85296,6,1,0,0,3,3,74,190,0,0,0,0,0,0,0,0,0,0,39,0,0,0,5,4,45,1,1,2,2,2,3,1,17,99,1,1,83,,,,0,0,,,,,,,,,,,,,,,,,,,,,,,,,2013
3658,2013040037,4,40037,2,3,1,26,1,11,1,12,6,1,0,4,1,22,9,22009,2,1978,2T87U8L13215,2,T,8,7,U,8,L,1,3,2,1,5,0,0,0,Not Applicable,Not Applicable,0,0,0,1,0,0,0,0,0,0,0,15,0,0,0,9,6,2,12,0,0,0,1,4,85201,6,1,0,0,3,3,66,180,0,0,0,0,0,0,0,0,0,0,0,0,0,0,1,2,45,1,1,2,2,2,3,11,66,99,1,1,82,,,,1,0,,,,,,,,,,,,,,,,,,,,,,,,,2013
3659,2013040037,4,40037,3,3,2,26,1,11,1,12,6,1,0,4,1,35,47,35047,4,2011,1N4AL2AP2BN4,1,N,4,A,L,2,A,P,2,B,N,4,0,0,0,Not Applicable,Not Applicable,0,0,0,1,0,0,0,0,0,0,0,0,0,0,0,12,6,2,12,0,0,0,1,4,85204,6,1,0,0,3,3,65,120,0,0,0,0,0,0,0,0,0,0,0,0,0,0,5,4,45,1,1,2,2,2,3,5,62,1,1,1,98,,,,0,0,,,,,,,,,,,,,,,,,,,,,,,,,2013
3660,2013040038,4,40038,1,1,1,29,1,6,21,1,0,1,0,4,3,12,481,12481,31,2008,1FTNF20518ED,1,F,T,N,F,2,0,5,1,8,E,D,0,0,57,282018,57282018,0,0,0,1,0,0,0,0,0,0,0,999,0,1,3,0,6,2,14,0,0,0,1,4,85392,6,1,6,0,3,0,70,170,0,2,0,0,0,9,2011,9,2011,4,87,0,0,0,2,2,75,1,6,2,4,0,0,1,5,99,5,4,7,,,,1,0,,,,,,,,,,,,,,,,,,,,,,,,,2013
3661,2013040039,4,40039,1,1,7,2,1,15,26,1,0,1,0,4,2,23,401,23401,14,2000,1GKDT13WXY22,1,G,K,D,T,1,3,W,X,Y,2,2,0,0,0,Not Applicable,Not Applicable,0,0,0,1,0,0,0,0,0,0,0,55,0,1,1,0,6,2,1,0,0,0,1,4,86033,0,0,0,0,0,0,66,115,0,0,0,0,0,0,0,0,0,0,91,0,0,0,1,2,55,1,1,2,1,0,0,1,13,1,1,6,98,,,,1,0,,,,,,,,,,,,,,,,,,,,,,,,,2013
3662,2013040040,4,40040,1,1,1,3,1,18,39,8,0,1,0,4,1,20,481,20481,31,2001,1GCHK29U11E3,1,G,C,H,K,2,9,U,1,1,E,3,0,0,0,Not Applicable,Not Applicable,0,0,0,1,0,0,0,0,0,0,0,35,0,0,0,12,2,5,8,0,0,0,1,4,85029,6,1,0,0,3,3,70,170,0,1,0,0,1,3,2011,9,2011,0,0,0,0,0,5,2,35,1,1,2,1,0,0,1,80,1,1,1,13,,,,0,0,,,,,,,,,,,,,,,,,,,,,,,,,2013
3663,2013040041,4,40041,1,1,1,6,1,20,46,33,0,1,0,4,2,76,706,76706,80,2000,JYARN05E1YA0,J,Y,A,R,N,0,5,E,1,Y,A,0,0,0,0,Not Applicable,Not Applicable,0,0,0,1,0,0,0,0,0,0,0,54,0,0,0,12,6,2,30,0,0,0,1,18,46250,6,1,0,0,3,0,70,155,0,1,0,0,0,2,2010,2,2010,4,89,0,0,0,5,6,45,3,6,2,1,0,0,14,13,2,1,4,1,,,,1,1,,,,,,,,,,,,,,,,,,,,,,,,,2013
3664,2013040042,4,40042,1,2,1,4,1,17,30,12,11,1,0,4,2,53,704,53704,83,2006,JS1RL41C3621,J,S,1,R,L,4,1,C,3,6,2,1,0,0,0,Not Applicable,Not Applicable,0,0,0,1,0,0,0,0,0,0,0,50,0,0,0,83,6,2,12,0,0,0,1,4,85356,6,1,0,0,2,0,71,140,0,0,0,0,0,0,0,0,0,4,0,0,0,0,1,2,50,1,1,4,1,0,0,1,17,10,1,3,88,,,,1,0,,,,,,,,,,,,,,,,,,,,,,,,,2013
3665,2013040042,4,40042,2,2,4,4,1,17,30,12,11,1,0,4,3,12,481,12481,31,2011,1FT7W2AT1BEB,1,F,T,7,W,2,A,T,1,B,E,B,0,0,0,Not Applicable,Not Applicable,0,0,0,1,0,0,0,0,0,0,0,40,0,0,0,61,4,5,12,0,0,0,1,4,85352,6,1,0,0,3,0,65,160,0,0,0,0,0,0,0,0,0,0,0,0,0,0,1,2,50,1,1,4,1,0,0,1,66,1,1,1,89,,,,0,0,,,,,,,,,,,,,,,,,,,,,,,,,2013
3666,2013040044,4,40044,1,1,2,9,1,18,56,8,0,1,0,4,1,20,431,20431,16,2001,3GNGK26U11G1,3,G,N,G,K,2,6,U,1,1,G,1,0,0,0,Not Applicable,Not Applicable,0,0,0,1,0,0,0,0,0,0,0,36,0,0,0,12,2,5,8,0,0,0,1,4,85041,6,1,0,0,3,3,63,222,0,0,0,0,0,0,0,0,0,0,0,0,0,0,5,4,45,1,1,2,1,0,0,1,80,4,1,1,13,,,,0,0,,,,,,,,,,,,,,,,,,,,,,,,,2013
3667,2013040045,4,40045,1,2,1,11,1,6,55,8,0,1,1,99,9,99,999,99999,99,9999,Unknown,9,9,9,9,9,9,9,9,9,9,9,9,0,0,0,Not Applicable,Not Applicable,0,0,0,1,0,0,0,0,0,0,0,25,0,0,0,12,9,5,8,0,0,0,1,99,99999,9,9,99,0,9,9,999,999,99,99,99,99,99,99,9999,99,9999,9,99,99,99,99,5,5,45,1,1,2,1,0,0,99,80,99,9,9,13,,,,0,0,,,,,,,,,,,,,,,,,,,,,,,,,2013
3668,2013040045,4,40045,2,2,5,11,1,6,55,8,0,1,0,4,2,7,482,7482,31,2004,1D7HA18N44J1,1,D,7,H,A,1,8,N,4,4,J,1,0,0,0,Not Applicable,Not Applicable,0,0,0,1,0,0,0,0,0,0,0,45,0,0,0,12,2,5,8,0,0,0,1,4,85051,6,1,0,0,3,3,64,210,0,0,0,0,0,0,0,0,0,0,0,0,0,0,5,5,45,1,1,2,1,0,0,1,80,1,1,1,98,,,,0,0,,,,,,,,,,,,,,,,,,,,,,,,,2013
3669,2013040046,4,40046,1,1,2,11,1,22,2,30,0,1,0,4,1,35,401,35401,14,1999,JN8AR05S8XW2,J,N,8,A,R,0,5,S,8,X,W,2,0,0,0,Not Applicable,Not Applicable,0,0,0,1,0,0,0,0,0,0,0,21,0,0,0,12,6,2,30,0,0,0,1,4,85301,6,1,0,0,3,0,73,232,0,0,0,0,1,9,2010,9,2010,4,0,0,0,0,5,4,35,1,1,8,1,0,0,1,13,1,1,4,1,,,,1,0,,,,,,,,,,,,,,,,,,,,,,,,,2013
3670,2013040047,4,40047,1,2,1,12,1,17,9,1,0,1,0,4,1,2,407,2407,14,2010,1J4NT2GA1AD6,1,J,4,N,T,2,G,A,1,A,D,6,0,0,0,Not Applicable,Not Applicable,0,0,0,1,0,0,0,0,0,0,0,16,0,0,0,8,6,2,12,0,0,0,1,4,85029,6,1,0,0,3,0,67,135,0,0,0,0,0,0,0,0,0,0,38,0,0,0,1,2,40,1,1,2,1,20,3,1,17,1,1,1,98,,,,0,0,,,,,,,,,,,,,,,,,,,,,,,,,2013
3671,2013040047,4,40047,2,2,1,12,1,17,9,1,0,1,0,6,1,53,705,53705,80,1981,JS1GR71A0B21,J,S,1,G,R,7,1,A,0,B,2,1,0,0,0,Not Applicable,Not Applicable,0,0,0,1,0,0,0,0,0,0,0,45,0,0,0,0,6,2,12,35,0,0,1,6,92346,3,1,0,0,2,0,68,202,0,1,0,0,0,12,2012,12,2012,0,0,0,0,0,5,6,40,1,1,2,1,0,0,1,66,98,7,1,98,,,,1,0,,,,,,,,,,,,,,,,,,,,,,,,,2013
3672,2013040048,4,40048,1,2,3,15,1,8,58,12,6,1,0,55,1,13,1,13001,4,1998,1LNFM83W7WY6,1,L,N,F,M,8,3,W,7,W,Y,6,0,0,0,Not Applicable,Not Applicable,0,0,0,1,0,0,0,0,0,0,0,34,0,0,0,63,6,2,12,0,0,0,1,55,54016,6,1,0,0,3,3,65,180,0,0,0,0,0,0,0,0,0,4,39,0,0,0,1,2,25,1,1,2,1,20,3,1,17,1,1,1,89,,,,1,0,,,,,,,,,,,,,,,,,,,,,,,,,2013
3673,2013040048,4,40048,2,2,1,15,1,8,58,12,6,1,0,6,2,37,31,37031,4,2005,2HGES16515H6,2,H,G,E,S,1,6,5,1,5,H,6,0,0,0,Not Applicable,Not Applicable,0,0,0,1,0,0,0,0,0,0,0,42,0,0,0,12,4,3,12,0,0,0,1,4,85208,6,1,0,0,3,3,62,120,0,0,0,0,0,0,0,0,0,0,0,0,0,0,5,4,45,1,1,2,1,0,0,1,66,1,1,1,88,,,,0,0,,,,,,,,,,,,,,,,,,,,,,,,,2013
3674,2013040050,4,40050,1,2,2,15,1,18,44,12,6,1,0,4,1,20,421,20421,15,1996,3GNEK18R7TG1,3,G,N,E,K,1,8,R,7,T,G,1,0,0,0,Not Applicable,Not Applicable,0,0,0,1,0,0,0,0,0,0,0,998,0,1,1,12,6,2,12,0,0,0,1,4,85201,0,0,0,0,0,0,66,250,0,2,0,0,3,10,2010,11,2012,4,39,0,0,0,1,2,35,1,1,2,1,20,3,1,8,99,1,1,85,,,,1,0,,,,,,,,,,,,,,,,,,,,,,,,,2013
3675,2013040050,4,40050,2,2,1,15,1,18,44,12,6,1,0,4,1,35,47,35047,4,2006,1N4AL11D06C1,1,N,4,A,L,1,1,D,0,6,C,1,0,0,0,Not Applicable,Not Applicable,0,0,0,1,0,0,0,0,0,0,0,998,0,0,0,62,6,2,12,0,0,0,1,4,85234,6,1,0,0,3,0,68,175,0,0,0,0,0,0,0,0,0,0,0,0,0,0,5,4,45,1,1,2,1,0,0,1,68,99,1,1,85,,,,0,0,,,,,,,,,,,,,,,,,,,,,,,,,2013
3676,2013040051,4,40051,1,1,6,16,1,23,39,1,0,1,0,4,2,20,421,20421,15,1999,1GNCS13W5X21,1,G,N,C,S,1,3,W,5,X,2,1,0,0,0,Not Applicable,Not Applicable,0,0,0,1,0,0,0,0,0,0,0,998,0,1,9,0,6,2,1,0,0,0,1,4,85301,0,0,0,0,0,0,64,150,0,0,0,0,0,0,0,0,0,0,99,99,99,99,8,8,98,8,8,8,98,0,0,99,9,99,9,9,99,,,,1,1,,,,,,,,,,,,,,,,,,,,,,,,,2013
3677,2013040052,4,40052,1,3,2,19,1,10,5,12,6,1,0,4,2,12,481,12481,31,2003,1FTRW07L73KB,1,F,T,R,W,0,7,L,7,3,K,B,0,0,0,Not Applicable,Not Applicable,0,0,0,1,0,0,0,0,0,0,0,45,0,0,0,9,6,2,12,0,0,0,1,4,86046,6,1,0,0,3,0,63,289,0,0,0,0,0,0,0,0,0,0,39,0,0,0,5,2,45,1,1,2,1,3,3,1,17,1,1,1,89,,,,1,0,,,,,,,,,,,,,,,,,,,,,,,,,2013
3678,2013040052,4,40052,2,3,1,19,1,10,5,12,6,1,0,18,3,85,881,85881,66,2012,1XKAD49X0CJ3,1,X,K,A,D,4,9,X,0,C,J,3,0,0,57,054283,57054283,3,5,96,1,0,0,0,0,0,0,0,40,0,0,0,12,6,2,12,0,0,0,1,4,85323,6,1,6,0,3,3,72,200,1,2,0,1,0,1,2011,9,2012,0,0,0,0,0,5,4,50,1,1,2,1,3,3,1,66,1,1,1,88,,,,0,0,,,,,,,,,,,,,,,,,,,,,,,,,2013
3679,2013040052,4,40052,3,3,1,19,1,10,5,12,6,1,0,6,3,84,881,84881,66,2007,1HSMTAAN57H4,1,H,S,M,T,A,A,N,5,7,H,4,1,1,57,1421875,571421875,3,6,1,1,0,0,0,0,0,0,0,25,0,0,0,12,6,2,12,0,0,0,1,4,85209,6,1,6,0,3,0,70,195,0,0,0,0,0,0,0,0,0,0,0,0,0,0,5,4,45,1,1,2,1,3,3,1,66,2,1,1,98,,,,0,0,,,,,,,,,,,,,,,,,,,,,,,,,2013
3680,2013040053,4,40053,1,1,1,19,1,6,26,8,0,1,9,99,9,99,999,99999,99,9999,Unknown,9,9,9,9,9,9,9,9,9,9,9,9,0,0,0,Not Applicable,Not Applicable,0,0,0,1,0,0,0,0,0,0,0,999,0,0,0,12,9,9,8,0,0,0,1,99,99999,9,9,99,0,9,9,999,999,99,99,99,99,99,99,9999,99,9999,9,99,99,99,99,9,9,99,9,9,9,99,99,9,99,80,99,9,9,13,,,,0,0,,,,,,,,,,,,,,,,,,,,,,,,,2013
3681,2013040054,4,40054,1,1,1,19,1,15,14,43,0,1,0,99,9,39,32,39032,2,1986,Unknown,9,9,9,9,9,9,9,9,9,9,9,9,0,0,0,Not Applicable,Not Applicable,0,0,0,1,0,0,0,0,0,0,0,999,0,0,0,12,6,2,43,0,0,0,1,4,85018,6,1,0,0,3,3,68,200,0,0,0,0,0,0,0,0,0,9,99,99,99,99,5,2,99,1,1,2,99,0,0,1,12,1,1,4,6,,,,1,0,,,,,,,,,,,,,,,,,,,,,,,,,2013
3682,2013040055,4,40055,1,1,1,20,1,15,54,35,0,1,0,4,1,12,17,12017,4,2002,1FAFP52U42G1,1,F,A,F,P,5,2,U,4,2,G,1,0,0,0,Not Applicable,Not Applicable,0,0,0,1,0,0,0,0,0,0,0,998,0,1,5,12,6,2,3,0,0,0,1,4,85326,6,1,0,0,3,0,72,205,0,0,0,0,1,4,2010,4,2010,4,6,0,0,0,1,2,98,1,1,2,1,0,0,1,9,99,9,4,7,,,,1,1,,,,,,,,,,,,,,,,,,,,,,,,,2013
3683,2013040056,4,40056,1,4,2,27,1,14,0,12,2,1,0,99,9,13,499,13499,49,9999,Unknown,9,9,9,9,9,9,9,9,9,9,9,9,0,0,0,Not Applicable,Not Applicable,0,0,0,1,0,0,0,0,0,0,0,999,0,0,0,12,9,9,12,0,0,0,1,4,85215,6,1,0,0,3,3,62,140,0,0,0,0,0,0,0,0,0,9,99,99,99,99,2,2,99,1,1,2,99,0,0,1,54,99,9,9,50,,,,2,0,,,,,,,,,,,,,,,,,,,,,,,,,2013
3684,2013040056,4,40056,2,4,2,27,1,14,0,12,2,1,0,99,9,41,441,41441,20,9999,Unknown,9,9,9,9,9,9,9,9,9,9,9,9,0,0,0,Not Applicable,Not Applicable,0,0,0,1,0,0,0,0,0,0,0,999,0,1,9,12,9,9,12,0,0,0,1,99,99999,9,9,99,0,9,9,999,999,99,99,99,99,99,99,9999,99,9999,9,99,99,99,99,2,2,99,1,1,2,99,0,0,99,54,99,9,9,51,,,,0,0,,,,,,,,,,,,,,,,,,,,,,,,,2013
3685,2013040056,4,40056,3,4,2,27,1,14,0,12,2,1,0,99,9,2,404,2404,14,9999,Unknown,9,9,9,9,9,9,9,9,9,9,9,9,0,0,0,Not Applicable,Not Applicable,0,0,0,1,0,0,0,0,0,0,0,999,0,0,0,99,9,9,12,0,0,0,1,99,99999,9,9,99,0,9,9,999,999,99,99,99,99,99,99,9999,99,9999,9,99,99,99,99,2,2,99,1,1,2,99,0,0,99,51,99,9,9,98,,,,0,0,,,,,,,,,,,,,,,,,,,,,,,,,2013
3686,2013040056,4,40056,4,4,3,27,1,14,0,12,2,1,0,99,9,20,16,20016,9,9999,Unknown,9,9,9,9,9,9,9,9,9,9,9,9,0,0,0,Not Applicable,Not Applicable,0,0,0,1,0,0,0,0,0,0,0,999,0,0,0,99,9,9,12,0,0,0,1,99,99999,9,9,99,0,9,9,999,999,99,99,99,99,99,99,9999,99,9999,9,99,99,99,99,2,2,99,1,1,2,99,0,0,99,54,99,9,9,98,,,,0,0,,,,,,,,,,,,,,,,,,,,,,,,,2013
3687,2013040057,4,40057,1,4,1,27,1,20,49,12,1,1,0,4,2,18,2,18002,4,1994,1G4HP52L5RH4,1,G,4,H,P,5,2,L,5,R,H,4,0,0,0,Not Applicable,Not Applicable,0,0,0,1,0,0,0,0,0,0,0,50,0,0,0,12,6,2,12,0,0,0,1,4,85713,6,1,0,0,3,0,71,201,0,0,0,0,1,1,2013,1,2013,4,0,0,0,0,5,4,45,1,1,2,10,0,0,1,51,3,2,1,32,,,,1,1,,,,,,,,,,,,,,,,,,,,,,,,,2013