index,accident_id,STATE,ST_CASE,VEH_NO,VE_FORMS,NUMOCCS,DAY,MONTH,HOUR,MINUTE,HARM_EV,MAN_COLL,UNITTYPE,HIT_RUN,REG_STAT,OWNER,MAKE,MODEL,MAK_MOD,BODY_TYP,MOD_YEAR,VIN,VIN_1,VIN_2,VIN_3,VIN_4,VIN_5,VIN_6,VIN_7,VIN_8,VIN_9,VIN_10,VIN_11,VIN_12,TOW_VEH,J_KNIFE,MCARR_I1,MCARR_I2,MCARR_ID,GVWR,V_CONFIG,CARGO_BT,HAZ_INV,HAZ_PLAC,HAZ_ID,HAZ_CNO,HAZ_REL,BUS_USE,SPEC_USE,EMER_USE,TRAV_SP,UNDERIDE,ROLLOVER,ROLINLOC,IMPACT1,DEFORMED,TOWED,M_HARM,VEH_SC1,VEH_SC2,FIRE_EXP,DR_PRES,L_STATE,DR_ZIP,L_STATUS,L_TYPE,CDL_STAT,L_ENDORS,L_COMPL,L_RESTRI,DR_HGT,DR_WGT,PREV_ACC,PREV_SUS,PREV_DWI,PREV_SPD,PREV_OTH,FIRST_MO,FIRST_YR,LAST_MO,LAST_YR,SPEEDREL,DR_SF1,DR_SF2,DR_SF3,DR_SF4,VTRAFWAY,VNUM_LAN,VSPD_LIM,VALIGN,VPROFILE,VPAVETYP,VSURCOND,VTRAFCON,VTCONT_F,P_CRASH1,P_CRASH2,P_CRASH3,PCRASH4,PCRASH5,ACC_TYPE,TRLR1VIN,TRLR2VIN,TRLR3VIN,DEATHS,DR_DRINK,VINTYPE,VINMAKE,VINA_MOD,VIN_BT,VINMODYR,VIN_LNGT,VIN_WGT,WGTCD_TR,WHLBS_LG,WHLBS_SH,SER_TR,FUELCODE,MCYCL_DS,CARBUR,CYLINDER,DISPLACE,MCYCL_CY,MCYCL_WT,TIRE_SZE,TON_RAT,TRK_WT,TRKWTVAR,VIN_REST,WHLDRWHL,Year
3788,2013040124,4,40124,1,1,3,30,3,15,53,1,0,1,0,4,2,98,998,98998,97,2009,4XAHH50A7927,4,X,A,H,H,5,0,A,7,9,2,7,0,0,0,Not Applicable,Not Applicable,0,0,0,1,0,0,0,0,0,0,0,998,0,1,1,0,6,2,1,0,0,0,1,4,85041,0,0,0,0,0,0,64,120,0,0,0,0,0,0,0,0,0,9,52,58,0,0,1,2,98,1,6,5,1,0,0,1,9,7,9,2,98,,,,1,0,,,,,,,,,,,,,,,,,,,,,,,,,2013
3789,2013040125,4,40125,1,1,1,31,3,11,17,42,0,1,0,4,1,12,481,12481,31,2000,1FTNX20S5YEC,1,F,T,N,X,2,0,S,5,Y,E,C,0,0,0,Not Applicable,Not Applicable,0,0,0,1,0,0,0,0,0,0,0,998,0,0,0,12,6,2,42,0,0,0,1,4,86001,6,1,0,0,3,3,67,125,0,0,0,0,0,0,0,0,0,9,58,0,0,0,1,2,55,2,6,2,1,0,0,14,9,7,9,4,2,,,,1,0,,,,,,,,,,,,,,,,,,,,,,,,,2013
3790,2013040126,4,40126,1,1,1,31,3,23,22,42,0,1,0,4,2,20,481,20481,31,1999,1GCEC14T7XZ1,1,G,C,E,C,1,4,T,7,X,Z,1,0,0,0,Not Applicable,Not Applicable,0,0,0,1,0,0,0,0,0,0,0,75,0,0,0,9,6,2,42,0,0,0,1,4,85035,0,0,0,0,0,0,68,175,0,6,0,1,0,4,2010,9,2010,0,0,0,0,0,6,1,98,1,6,1,1,0,0,1,9,99,3,4,2,,,,1,1,,,,,,,,,,,,,,,,,,,,,,,,,2013
3791,2013040127,4,40127,1,2,1,1,2,13,18,1,0,1,0,4,1,2,403,2403,14,2000,1J4FA59SXYP7,1,J,4,F,A,5,9,S,X,Y,P,7,0,0,0,Not Applicable,Not Applicable,0,0,0,1,0,0,0,0,0,0,0,7,0,0,0,3,4,3,12,0,0,0,1,4,85282,6,1,0,0,3,0,68,180,0,0,0,0,0,0,0,0,0,0,38,0,0,0,5,4,45,1,1,2,1,3,3,11,15,1,1,1,98,,,,0,0,,,,,,,,,,,,,,,,,,,,,,,,,2013
3792,2013040127,4,40127,2,2,1,1,2,13,18,1,0,1,0,4,2,72,706,72706,80,2003,1HD4CEM173K4,1,H,D,4,C,E,M,1,7,3,K,4,0,0,0,Not Applicable,Not Applicable,0,0,0,1,0,0,0,0,0,0,0,23,0,0,0,0,6,2,12,0,0,0,1,4,85041,1,1,0,0,2,0,63,145,0,2,0,2,0,4,2012,1,2013,0,0,0,0,0,5,4,45,1,1,2,1,3,3,1,62,3,2,1,98,,,,1,0,,,,,,,,,,,,,,,,,,,,,,,,,2013
3793,2013040128,4,40128,1,1,1,2,2,2,41,25,0,1,0,4,3,20,882,20882,61,2007,J8BB4W167774,J,8,B,B,4,W,1,6,7,7,7,4,0,0,57,463509,57463509,2,1,3,1,0,0,0,0,0,0,0,65,0,0,0,63,6,2,50,0,0,0,1,4,85009,6,1,0,0,3,0,69,190,0,0,0,2,0,6,2010,9,2011,4,0,0,0,0,3,2,45,2,1,2,1,0,0,14,12,1,1,4,6,,,,1,1,,,,,,,,,,,,,,,,,,,,,,,,,2013
3794,2013040129,4,40129,1,1,4,2,2,15,58,33,0,1,0,4,2,7,482,7482,31,1997,3B7KF23W6VM5,3,B,7,K,F,2,3,W,6,V,M,5,0,0,0,Not Applicable,Not Applicable,0,0,0,1,0,0,0,0,0,0,0,44,0,0,0,12,6,2,8,0,0,0,1,4,85053,6,1,0,0,3,0,66,155,0,0,0,1,1,2,2012,8,2012,0,89,0,0,0,5,5,40,1,1,2,1,0,0,1,13,1,1,4,1,,,,0,0,,,,,,,,,,,,,,,,,,,,,,,,,2013
3795,2013040130,4,40130,1,1,1,2,2,23,0,8,0,1,9,99,9,99,999,99999,99,9999,Unknown,9,9,9,9,9,9,9,9,9,9,9,9,0,0,0,Not Applicable,Not Applicable,0,0,0,1,0,0,0,0,0,0,0,999,0,0,0,12,9,9,8,0,0,0,1,99,99999,9,9,99,0,9,9,999,999,99,99,99,99,99,99,9999,99,9999,9,99,99,99,99,9,9,99,9,9,9,99,99,9,99,80,99,9,9,13,,,,0,0,,,,,,,,,,,,,,,,,,,,,,,,,2013
3796,2013040131,4,40131,1,1,2,4,2,7,20,1,0,1,9,99,9,99,999,99999,99,9999,Unknown,9,9,9,9,9,9,9,9,9,9,9,9,0,0,0,Not Applicable,Not Applicable,0,0,0,1,0,0,0,0,0,0,0,999,0,1,9,0,9,9,1,0,0,0,1,99,99999,9,9,99,9,9,9,999,999,99,99,99,99,99,99,9999,99,9999,9,99,99,99,99,9,9,99,9,9,2,99,99,9,99,99,99,9,9,99,,,,1,0,,,,,,,,,,,,,,,,,,,,,,,,,2013
3797,2013040132,4,40132,1,2,2,6,2,9,56,12,2,1,9,99,9,99,999,99999,99,9999,Unknown,9,9,9,9,9,9,9,9,9,9,9,9,0,0,0,Not Applicable,Not Applicable,0,0,0,1,0,0,0,0,0,0,0,999,0,0,0,12,9,9,12,0,0,0,1,99,99999,9,9,99,0,9,9,999,999,99,99,99,99,99,99,9999,99,9999,9,99,99,99,99,9,9,99,9,9,9,99,99,9,99,99,99,9,9,53,,,,1,0,,,,,,,,,,,,,,,,,,,,,,,,,2013
3798,2013040132,4,40132,2,2,1,6,2,9,56,12,2,1,9,99,9,99,999,99999,99,9999,Unknown,9,9,9,9,9,9,9,9,9,9,9,9,0,0,0,Not Applicable,Not Applicable,0,0,0,1,0,0,0,0,0,0,0,999,0,0,0,12,9,9,12,0,0,0,1,99,99999,9,9,99,0,9,9,999,999,99,99,99,99,99,99,9999,99,9999,9,99,99,99,99,9,9,99,9,9,9,99,99,9,99,99,99,9,9,53,,,,0,0,,,,,,,,,,,,,,,,,,,,,,,,,2013
3799,2013040133,4,40133,1,1,2,11,2,12,24,1,0,1,0,92,0,99,998,99998,95,2010,Unknown,9,9,9,9,9,9,9,9,9,9,9,9,0,0,0,Not Applicable,Not Applicable,0,0,0,1,0,0,0,0,0,0,0,998,0,1,1,0,9,9,1,0,0,0,1,4,85739,6,1,0,0,3,0,72,210,0,0,0,0,0,0,0,0,0,9,99,99,99,99,1,2,25,9,9,2,99,0,0,99,73,8,9,3,98,,,,1,0,,,,,,,,,,,,,,,,,,,,,,,,,2013
3800,2013040134,4,40134,1,1,1,13,2,7,53,9,0,1,0,4,3,82,881,82881,63,1998,1FV6HJBB6WH9,1,F,V,6,H,J,B,B,6,W,H,9,1,1,57,876785,57876785,3,4,4,1,0,0,0,0,0,0,0,7,0,0,0,12,2,5,9,0,0,0,1,4,85020,6,1,6,0,3,3,69,165,0,0,0,0,0,0,0,0,0,0,0,0,0,0,5,4,40,1,1,2,1,2,3,10,83,1,1,1,13,,,,0,0,,,,,,,,,,,,,,,,,,,,,,,,,2013
3801,2013040135,4,40135,1,1,1,14,2,20,5,33,0,1,0,4,2,49,472,49472,30,2004,5TENL42N84Z3,5,T,E,N,L,4,2,N,8,4,Z,3,0,0,0,Not Applicable,Not Applicable,0,0,0,1,0,0,0,0,0,0,0,27,0,0,0,12,6,2,30,32,0,0,1,4,85022,6,1,0,0,3,3,71,190,0,0,0,1,0,7,2010,7,2010,0,0,0,0,0,2,3,40,1,1,2,1,3,3,1,13,1,1,4,1,,,,1,0,,,,,,,,,,,,,,,,,,,,,,,,,2013
3802,2013040136,4,40136,1,2,1,15,2,23,31,1,0,1,0,92,0,37,705,37705,80,1997,JH2PC2514VM6,J,H,2,P,C,2,5,1,4,V,M,6,0,0,0,Not Applicable,Not Applicable,0,0,0,1,0,0,0,0,0,0,0,33,0,0,0,0,6,2,12,35,0,0,1,4,85032,6,1,0,0,3,3,69,200,0,0,0,1,0,3,2011,3,2011,0,24,84,0,0,2,3,45,1,1,2,1,0,0,1,17,3,2,1,98,,,,1,0,,,,,,,,,,,,,,,,,,,,,,,,,2013
3803,2013040136,4,40136,2,2,1,15,2,23,31,1,0,1,0,4,4,23,881,23881,62,2005,1GDG5C1E95F9,1,G,D,G,5,C,1,E,9,5,F,9,0,0,99,Unknown,Unknown,2,1,1,1,0,0,0,0,0,0,0,5,0,0,0,12,2,5,12,0,0,0,1,4,85020,6,1,0,0,3,0,65,155,0,0,0,0,0,0,0,0,0,0,0,0,0,0,2,3,45,1,1,2,1,0,0,11,63,1,1,1,98,,,,0,0,,,,,,,,,,,,,,,,,,,,,,,,,2013
3804,2013040137,4,40137,1,1,1,16,2,0,9,1,0,1,0,99,9,99,999,99999,99,9999,Unknown,9,9,9,9,9,9,9,9,9,9,9,9,0,0,0,Not Applicable,Not Applicable,0,0,0,1,0,0,0,0,0,0,0,999,0,9,9,0,9,9,1,0,0,0,1,4,86045,1,1,0,0,2,0,75,220,0,2,1,0,1,4,2010,2,2013,9,99,99,99,99,9,9,99,9,9,2,99,99,9,99,99,99,9,9,99,,,,1,0,,,,,,,,,,,,,,,,,,,,,,,,,2013
3805,2013040138,4,40138,1,2,1,16,2,15,48,12,6,1,0,16,1,53,706,53706,80,2000,JS1VS52A4Y21,J,S,1,V,S,5,2,A,4,Y,2,1,0,0,0,Not Applicable,Not Applicable,0,0,0,1,0,0,0,0,0,0,0,998,0,0,0,12,6,2,12,0,0,0,1,16,83814,6,1,0,0,3,3,72,180,0,0,0,2,0,3,2010,9,2012,0,39,0,0,0,5,4,40,1,1,2,1,20,3,1,17,1,1,1,86,,,,1,0,,,,,,,,,,,,,,,,,,,,,,,,,2013
3806,2013040138,4,40138,2,2,2,16,2,15,48,12,6,1,0,4,4,7,28,7028,2,2013,2C3CDYAG9DH6,2,C,3,C,D,Y,A,G,9,D,H,6,0,0,0,Not Applicable,Not Applicable,0,0,0,1,0,0,0,0,0,0,0,998,0,0,0,82,4,3,12,0,0,0,1,35,87508,6,1,0,0,3,3,66,135,98,0,0,1,0,4,2011,4,2011,0,0,0,0,0,5,2,40,1,1,2,1,20,3,1,66,1,1,1,87,,,,0,0,,,,,,,,,,,,,,,,,,,,,,,,,2013
3807,2013040139,4,40139,1,1,2,28,2,0,15,38,0,1,0,8,1,34,34,34034,2,1987,WBAAB5401H96,W,B,A,A,B,5,4,0,1,H,9,6,0,0,0,Not Applicable,Not Applicable,0,0,0,1,0,0,0,0,0,0,0,61,0,0,0,82,6,2,38,0,0,0,1,4,85016,6,1,0,0,3,3,73,150,0,0,0,0,0,0,0,0,0,3,85,0,0,0,5,5,35,1,1,2,1,0,0,1,62,6,4,4,8,,,,1,1,,,,,,,,,,,,,,,,,,,,,,,,,2013
3808,2013040140,4,40140,1,1,1,27,2,15,52,59,0,1,0,95,2,72,706,72706,80,2005,5HD1FYW1X5Y6,5,H,D,1,F,Y,W,1,X,5,Y,6,0,0,0,Not Applicable,Not Applicable,0,0,0,1,0,0,0,0,0,0,0,60,0,0,0,12,6,2,1,0,0,0,1,95,0,9,9,99,0,9,9,66,200,99,99,99,99,99,99,9999,99,9999,4,0,0,0,0,1,2,55,3,1,2,1,0,0,14,13,99,1,4,1,,,,1,0,,,,,,,,,,,,,,,,,,,,,,,,,2013
3809,2013040141,4,40141,1,2,1,27,2,19,8,12,6,1,0,4,1,6,52,6052,6,2006,3A8FY48B96T3,3,A,8,F,Y,4,8,B,9,6,T,3,0,0,0,Not Applicable,Not Applicable,0,0,0,1,0,0,0,0,0,0,0,5,0,0,0,81,2,3,12,0,0,0,1,4,85741,6,1,0,0,3,3,72,160,0,0,0,1,0,10,2012,10,2012,0,38,91,0,0,2,3,45,1,1,2,1,0,0,11,15,99,1,1,68,,,,0,0,,,,,,,,,,,,,,,,,,,,,,,,,2013
3810,2013040141,4,40141,2,2,1,27,2,19,8,12,6,1,0,4,1,72,706,72706,80,1991,1HD1CAP16MY1,1,H,D,1,C,A,P,1,6,M,Y,1,0,0,0,Not Applicable,Not Applicable,0,0,0,1,0,0,0,0,0,0,0,50,0,0,0,12,6,2,12,0,0,0,1,4,85719,6,1,0,0,3,0,71,255,0,0,0,0,0,0,0,0,0,0,0,0,0,0,2,3,45,1,1,2,1,0,0,1,62,99,9,3,69,,,,1,0,,,,,,,,,,,,,,,,,,,,,,,,,2013
3811,2013040142,4,40142,1,1,1,19,2,18,37,8,0,1,1,29,9,21,2,21002,4,1997,1G3HN52K5V48,1,G,3,H,N,5,2,K,5,V,4,8,0,0,0,Not Applicable,Not Applicable,0,0,0,1,0,0,0,0,0,0,0,29,0,0,0,12,4,5,8,0,0,0,1,99,99999,9,9,99,0,9,9,999,999,99,99,99,99,99,99,9999,99,9999,0,99,99,99,99,1,2,35,1,1,2,1,0,0,1,80,1,1,1,13,,,,0,0,,,,,,,,,,,,,,,,,,,,,,,,,2013
3812,2013040143,4,40143,1,1,1,19,3,0,7,25,0,1,0,4,1,53,706,53706,80,2006,JS1GT76A5621,J,S,1,G,T,7,6,A,5,6,2,1,0,0,0,Not Applicable,Not Applicable,0,0,0,1,0,0,0,0,0,0,0,998,0,0,0,12,6,2,58,0,0,0,1,4,85396,6,1,0,0,3,0,71,230,0,1,0,1,0,8,2011,12,2011,5,0,0,0,0,6,2,65,3,5,1,1,0,0,14,13,99,1,4,5,,,,1,1,,,,,,,,,,,,,,,,,,,,,,,,,2013
3813,2013040144,4,40144,1,1,1,29,3,19,23,8,0,1,0,4,3,12,481,12481,31,2011,1FT7W2A61BEA,1,F,T,7,W,2,A,6,1,B,E,A,0,0,0,Not Applicable,Not Applicable,0,0,0,1,0,0,0,0,0,0,0,55,0,0,0,12,2,5,8,0,0,0,1,4,85051,6,1,0,0,3,0,68,185,1,0,0,1,0,9,2010,12,2010,0,0,0,0,0,6,1,55,1,1,2,1,0,0,1,80,1,1,1,13,,,,0,0,,,,,,,,,,,,,,,,,,,,,,,,,2013
3814,2013040145,4,40145,1,1,1,24,1,11,19,33,0,1,0,4,2,18,3,18003,4,2005,1G4CW54K9541,1,G,4,C,W,5,4,K,9,5,4,1,0,0,0,Not Applicable,Not Applicable,0,0,0,1,0,0,0,0,0,0,0,998,0,0,0,12,6,2,32,32,0,0,1,4,85248,6,1,0,0,3,0,72,252,0,0,0,0,0,0,0,0,0,5,0,0,0,0,5,4,35,1,1,2,2,0,0,1,13,1,1,4,1,,,,1,0,,,,,,,,,,,,,,,,,,,,,,,,,2013
3815,2013040146,4,40146,1,1,4,3,2,19,27,8,0,1,0,4,1,12,401,12401,14,2005,1FMZU67K65UB,1,F,M,Z,U,6,7,K,6,5,U,B,0,0,0,Not Applicable,Not Applicable,0,0,0,1,0,0,0,0,0,0,0,40,0,0,0,12,2,5,8,0,0,0,1,4,85338,6,1,0,0,3,0,65,157,0,0,0,0,0,0,0,0,0,0,0,0,0,0,2,3,40,1,1,2,1,0,0,1,80,99,1,1,13,,,,0,0,,,,,,,,,,,,,,,,,,,,,,,,,2013
3816,2013040148,4,40148,1,2,1,4,3,16,31,12,6,1,0,29,1,63,401,63401,14,2001,KNDJA723X150,K,N,D,J,A,7,2,3,X,1,5,0,0,0,0,Not Applicable,Not Applicable,0,0,0,1,0,0,0,0,0,0,0,15,0,0,0,12,6,2,12,0,0,0,1,29,63010,6,1,0,0,3,0,61,105,0,0,0,0,0,0,0,0,0,0,38,48,0,0,1,2,0,1,1,2,1,20,3,11,15,1,1,1,76,,,,0,0,,,,,,,,,,,,,,,,,,,,,,,,,2013
3817,2013040148,4,40148,2,2,1,4,3,16,31,12,6,1,0,95,1,72,706,72706,80,2003,5HD1FRW193Y7,5,H,D,1,F,R,W,1,9,3,Y,7,0,0,0,Not Applicable,Not Applicable,0,0,0,1,0,0,0,0,0,0,0,45,0,0,0,9,6,2,12,0,0,0,1,95,0,9,9,99,0,9,3,69,280,99,99,99,99,99,99,9999,99,9999,0,0,0,0,0,1,2,45,1,1,2,1,0,0,1,70,99,1,3,77,,,,1,0,,,,,,,,,,,,,,,,,,,,,,,,,2013
3818,2013040149,4,40149,1,1,2,18,3,7,52,33,0,1,0,4,3,6,441,6441,20,2009,2A8HR44E69R6,2,A,8,H,R,4,4,E,6,9,R,6,0,0,0,Not Applicable,Not Applicable,0,0,0,1,0,0,0,0,0,1,0,40,0,0,0,12,6,2,30,0,0,0,1,4,85233,6,1,0,0,3,0,72,280,0,0,0,1,0,5,2012,5,2012,0,0,0,0,0,2,4,45,1,1,2,1,0,0,1,12,99,1,4,6,,,,1,0,,,,,,,,,,,,,,,,,,,,,,,,,2013
3819,2013040150,4,40150,1,3,1,24,3,17,40,12,1,1,0,4,1,72,706,72706,80,2012,1HD1KBM11CB6,1,H,D,1,K,B,M,1,1,C,B,6,0,0,0,Not Applicable,Not Applicable,0,0,0,1,0,0,0,0,0,0,0,998,0,0,0,12,6,2,12,0,0,0,1,4,85326,6,1,0,0,3,0,72,165,0,0,0,1,0,9,2012,9,2012,4,8,0,0,0,3,3,65,1,5,2,1,0,0,1,51,99,1,1,24,,,,1,1,,,,,,,,,,,,,,,,,,,,,,,,,2013
3820,2013040150,4,40150,2,3,5,24,3,17,40,12,1,1,0,6,2,12,481,12481,31,2006,1FTPW12546KB,1,F,T,P,W,1,2,5,4,6,K,B,0,0,0,Not Applicable,Not Applicable,0,0,0,1,0,0,0,0,0,0,0,65,0,0,0,6,2,5,12,0,0,0,1,6,91710,6,1,0,0,3,0,60,108,0,0,0,0,0,0,0,0,0,0,0,0,0,0,3,3,65,1,5,2,1,0,0,1,53,1,1,1,25,,,,0,0,,,,,,,,,,,,,,,,,,,,,,,,,2013
3821,2013040150,4,40150,3,3,2,24,3,17,40,12,1,1,0,4,2,12,481,12481,31,2007,1FTPW14V17FA,1,F,T,P,W,1,4,V,1,7,F,A,0,0,0,Not Applicable,Not Applicable,0,0,0,1,0,0,0,0,0,0,0,60,0,0,0,12,2,5,12,0,0,0,1,4,85326,6,1,0,0,3,0,65,125,0,0,0,0,0,0,0,0,0,0,0,0,0,0,3,3,65,1,5,2,1,0,0,1,60,1,1,1,98,,,,0,0,,,,,,,,,,,,,,,,,,,,,,,,,2013
3822,2013040151,4,40151,1,1,1,28,3,6,45,1,0,1,0,4,1,18,2,18002,4,1999,1G4HR52K4XH4,1,G,4,H,R,5,2,K,4,X,H,4,0,0,0,Not Applicable,Not Applicable,0,0,0,1,0,0,0,0,0,0,0,999,0,1,5,0,6,2,1,0,0,0,1,4,86326,6,1,0,0,3,3,67,145,0,0,0,0,0,0,0,0,0,0,99,99,99,99,2,2,65,3,6,2,1,0,0,14,13,99,1,4,1,,,,1,0,,,,,,,,,,,,,,,,,,,,,,,,,2013
3823,2013040152,4,40152,1,1,1,31,3,2,21,33,0,1,0,4,1,98,706,98706,80,2003,4MZSX12J0334,4,M,Z,S,X,1,2,J,0,3,3,4,0,0,0,Not Applicable,Not Applicable,0,0,0,1,0,0,0,0,0,0,0,85,0,0,0,12,6,2,59,0,0,0,1,4,85023,6,1,0,0,3,0,69,160,0,0,0,1,0,12,2012,12,2012,4,89,0,0,0,6,2,45,3,5,1,1,3,3,14,6,4,2,4,2,,,,1,1,,,,,,,,,,,,,,,,,,,,,,,,,2013
3824,2013040153,4,40153,1,1,2,31,3,6,50,34,0,1,0,4,1,24,401,24401,14,2002,5GZCZ23D92S8,5,G,Z,C,Z,2,3,D,9,2,S,8,0,0,0,Not Applicable,Not Applicable,0,0,0,1,0,0,0,0,0,0,0,50,0,1,5,12,6,2,1,0,0,0,1,4,86004,6,1,0,0,3,0,73,180,0,0,0,0,0,0,0,0,0,4,0,0,0,0,1,2,35,1,1,4,1,0,0,1,9,99,9,4,7,,,,1,0,,,,,,,,,,,,,,,,,,,,,,,,,2013
3825,2013040154,4,40154,1,2,1,2,3,15,24,12,7,1,0,4,1,76,706,76706,80,2009,JYARN23E19A0,J,Y,A,R,N,2,3,E,1,9,A,0,0,0,0,Not Applicable,Not Applicable,0,0,0,1,0,0,0,0,0,0,0,65,0,0,0,82,6,2,12,0,0,0,1,4,85712,6,1,0,0,3,0,70,207,0,0,0,0,0,0,0,0,0,0,35,0,0,0,1,2,55,1,1,2,1,0,0,6,17,1,1,2,73,,,,1,0,,,,,,,,,,,,,,,,,,,,,,,,,2013
3826,2013040154,4,40154,2,2,2,2,3,15,24,12,7,1,0,48,1,12,481,12481,31,2003,1FTNX20F43EA,1,F,T,N,X,2,0,F,4,3,E,A,0,0,0,Not Applicable,Not Applicable,0,0,0,1,0,0,0,0,0,0,0,2,0,0,0,63,6,2,12,0,0,0,1,48,77399,6,1,0,0,3,0,999,999,0,0,0,0,0,0,0,0,0,0,0,0,0,0,1,2,55,1,1,2,1,0,0,11,60,1,1,1,72,,,,0,0,,,,,,,,,,,,,,,,,,,,,,,,,2013
3827,2013040155,4,40155,1,2,3,12,3,17,51,12,6,1,0,4,2,23,421,23421,15,2003,1GKEK13Z23J1,1,G,K,E,K,1,3,Z,2,3,J,1,0,0,0,Not Applicable,Not Applicable,0,0,0,1,0,0,0,0,0,0,0,998,0,0,0,82,6,2,12,0,0,0,1,4,85234,1,1,0,0,2,0,65,120,1,7,1,0,1,6,2010,9,2012,0,38,0,0,0,2,2,40,1,1,2,1,2,3,11,15,1,1,1,68,,,,0,1,,,,,,,,,,,,,,,,,,,,,,,,,2013
3828,2013040155,4,40155,2,2,1,12,3,17,51,12,6,1,0,4,2,53,705,53705,80,2003,JS1NP41A0321,J,S,1,N,P,4,1,A,0,3,2,1,0,0,0,Not Applicable,Not Applicable,0,0,0,1,0,0,0,0,0,0,0,998,0,0,0,12,6,2,12,0,0,0,1,4,85282,6,1,0,0,3,0,65,120,0,0,0,0,0,0,0,0,0,0,89,0,0,0,5,5,40,1,1,2,1,2,3,1,62,4,9,1,69,,,,1,0,,,,,,,,,,,,,,,,,,,,,,,,,2013
3829,2013040156,4,40156,1,1,4,13,3,19,5,1,0,1,0,4,2,35,43,35043,4,2007,3N1AB61E47L6,3,N,1,A,B,6,1,E,4,7,L,6,0,0,0,Not Applicable,Not Applicable,0,0,0,1,0,0,0,0,0,0,0,45,0,1,5,0,6,2,3,0,0,0,1,32,89121,0,0,0,0,0,0,62,120,0,0,0,0,0,0,0,0,0,4,0,0,0,0,1,2,65,3,1,4,5,0,0,14,6,99,5,4,2,,,,1,1,,,,,,,,,,,,,,,,,,,,,,,,,2013
3830,2013040157,4,40157,1,1,2,18,3,19,27,1,0,1,0,4,2,12,471,12471,30,1998,1FTYR14U3WPA,1,F,T,Y,R,1,4,U,3,W,P,A,0,0,0,Not Applicable,Not Applicable,0,0,0,1,0,0,0,0,0,0,0,75,0,1,3,0,6,2,1,0,0,0,1,4,86442,6,1,0,0,3,3,67,172,0,0,0,0,0,0,0,0,0,0,99,99,99,99,2,2,75,3,6,2,1,0,0,14,9,6,1,4,6,,,,2,0,,,,,,,,,,,,,,,,,,,,,,,,,2013
3831,2013040158,4,40158,1,1,1,25,3,12,40,72,0,1,0,4,6,20,880,20880,67,2001,1GCJK33G51F1,1,G,C,J,K,3,3,G,5,1,F,1,1,1,88,None,None,2,4,1,1,0,0,0,0,0,0,0,0,0,0,0,0,0,5,72,0,0,0,0,0,99997,7,6,97,7,6,7,998,997,998,998,998,998,998,98,9998,98,9998,8,0,0,0,0,1,2,98,1,1,4,1,0,0,0,98,0,0,0,0,,,,1,0,,,,,,,,,,,,,,,,,,,,,,,,,2013
3832,2013040159,4,40159,1,2,1,27,3,19,37,12,6,1,0,4,2,49,40,49040,2,2005,4T1CA38P95U0,4,T,1,C,A,3,8,P,9,5,U,0,0,0,0,Not Applicable,Not Applicable,0,0,0,1,0,0,0,0,0,0,0,7,0,0,0,62,4,5,12,0,0,0,1,4,85379,6,1,0,0,3,0,66,142,0,0,0,0,0,0,0,0,0,0,38,0,0,0,2,1,35,1,1,2,1,20,3,11,15,1,1,1,82,,,,0,0,,,,,,,,,,,,,,,,,,,,,,,,,2013
3833,2013040159,4,40159,2,2,1,27,3,19,37,12,6,1,0,4,2,53,705,53705,80,2012,JS1GN7FA4C21,J,S,1,G,N,7,F,A,4,C,2,1,0,0,0,Not Applicable,Not Applicable,0,0,0,1,0,0,0,0,0,0,0,35,0,0,0,12,6,2,12,0,0,0,1,4,85388,6,1,0,0,3,3,72,155,0,0,0,0,0,0,0,0,0,0,0,0,0,0,1,2,45,1,1,2,1,0,0,1,67,3,2,1,83,,,,1,0,,,,,,,,,,,,,,,,,,,,,,,,,2013
3834,2013040160,4,40160,1,1,3,29,3,16,37,8,0,1,0,4,2,7,472,7472,30,1991,1B7GG23X1MS3,1,B,7,G,G,2,3,X,1,M,S,3,0,0,0,Not Applicable,Not Applicable,0,0,0,1,0,0,0,0,0,0,0,998,0,0,0,10,0,3,8,0,0,0,1,4,85550,0,0,0,0,0,0,70,150,0,0,0,0,0,0,0,0,0,0,38,0,0,0,1,2,98,1,1,2,1,0,0,3,80,1,1,1,13,,,,0,0,,,,,,,,,,,,,,,,,,,,,,,,,2013
3835,2013040161,4,40161,1,1,2,11,3,19,0,8,0,1,0,4,2,35,401,35401,14,1995,JN8HD17S4SW0,J,N,8,H,D,1,7,S,4,S,W,0,0,0,0,Not Applicable,Not Applicable,0,0,0,1,0,0,0,0,0,0,0,45,0,0,0,12,4,5,8,0,0,0,1,4,85653,6,1,0,0,3,3,71,180,0,0,0,0,1,11,2010,11,2010,0,0,0,0,0,5,4,45,1,1,2,1,0,0,1,80,9,2,2,13,,,,0,0,,,,,,,,,,,,,,,,,,,,,,,,,2013
3836,2013040162,4,40162,1,1,1,2,2,21,41,33,0,1,0,4,1,20,481,20481,31,2003,1GCEC14T93Z1,1,G,C,E,C,1,4,T,9,3,Z,1,0,0,0,Not Applicable,Not Applicable,0,0,0,1,0,0,0,0,0,0,0,998,0,1,5,12,6,2,1,0,0,1,1,4,85346,6,1,0,0,3,0,63,130,0,0,0,0,0,0,0,0,0,4,37,0,0,0,5,4,35,1,1,2,1,0,0,1,9,99,9,4,2,,,,1,1,,,,,,,,,,,,,,,,,,,,,,,,,2013
3837,2013040163,4,40163,1,1,1,26,2,99,99,30,0,1,0,4,1,76,705,76705,80,2003,JYARJ06Y53A0,J,Y,A,R,J,0,6,Y,5,3,A,0,0,0,0,Not Applicable,Not Applicable,0,0,0,1,0,0,0,0,0,0,0,998,0,0,0,12,6,2,30,0,0,0,1,4,85706,0,0,0,0,0,0,999,999,0,0,0,0,0,0,0,0,0,4,37,0,0,0,6,1,35,3,5,2,1,0,0,14,13,99,1,4,1,,,,1,0,,,,,,,,,,,,,,,,,,,,,,,,,2013