index,accident_id,STATE,ST_CASE,VEH_NO,VE_FORMS,NUMOCCS,DAY,MONTH,HOUR,MINUTE,HARM_EV,MAN_COLL,UNITTYPE,HIT_RUN,REG_STAT,OWNER,MAKE,MODEL,MAK_MOD,BODY_TYP,MOD_YEAR,VIN,VIN_1,VIN_2,VIN_3,VIN_4,VIN_5,VIN_6,VIN_7,VIN_8,VIN_9,VIN_10,VIN_11,VIN_12,TOW_VEH,J_KNIFE,MCARR_I1,MCARR_I2,MCARR_ID,GVWR,V_CONFIG,CARGO_BT,HAZ_INV,HAZ_PLAC,HAZ_ID,HAZ_CNO,HAZ_REL,BUS_USE,SPEC_USE,EMER_USE,TRAV_SP,UNDERIDE,ROLLOVER,ROLINLOC,IMPACT1,DEFORMED,TOWED,M_HARM,VEH_SC1,VEH_SC2,FIRE_EXP,DR_PRES,L_STATE,DR_ZIP,L_STATUS,L_TYPE,CDL_STAT,L_ENDORS,L_COMPL,L_RESTRI,DR_HGT,DR_WGT,PREV_ACC,PREV_SUS,PREV_DWI,PREV_SPD,PREV_OTH,FIRST_MO,FIRST_YR,LAST_MO,LAST_YR,SPEEDREL,DR_SF1,DR_SF2,DR_SF3,DR_SF4,VTRAFWAY,VNUM_LAN,VSPD_LIM,VALIGN,VPROFILE,VPAVETYP,VSURCOND,VTRAFCON,VTCONT_F,P_CRASH1,P_CRASH2,P_CRASH3,PCRASH4,PCRASH5,ACC_TYPE,TRLR1VIN,TRLR2VIN,TRLR3VIN,DEATHS,DR_DRINK,VINTYPE,VINMAKE,VINA_MOD,VIN_BT,VINMODYR,VIN_LNGT,VIN_WGT,WGTCD_TR,WHLBS_LG,WHLBS_SH,SER_TR,FUELCODE,MCYCL_DS,CARBUR,CYLINDER,DISPLACE,MCYCL_CY,MCYCL_WT,TIRE_SZE,TON_RAT,TRK_WT,TRKWTVAR,VIN_REST,WHLDRWHL,Year
3838,2013040164,4,40164,1,2,1,15,3,8,26,12,1,1,0,4,1,18,7,18007,4,2000,2G4WS52J3Y11,2,G,4,W,S,5,2,J,3,Y,1,1,0,0,0,Not Applicable,Not Applicable,0,0,0,1,0,0,0,0,0,0,0,45,0,0,0,12,6,2,12,32,0,0,1,4,85539,6,1,0,0,3,3,61,170,0,0,0,1,0,3,2012,3,2012,4,0,0,0,0,2,2,40,1,1,2,1,65,3,1,50,1,1,1,20,,,,1,0,,,,,,,,,,,,,,,,,,,,,,,,,2013
3839,2013040164,4,40164,2,2,1,15,3,8,26,12,1,1,0,4,3,85,881,85881,66,2006,1XKDDB9XX6J1,1,X,K,D,D,B,9,X,X,6,J,1,1,1,57,00118390,5700118390,3,6,2,2,2,8888,8,1,0,0,0,0,0,0,0,6,4,5,12,0,0,0,1,35,87025,6,1,6,1,3,0,69,167,98,0,0,0,1,5,2012,5,2012,0,0,0,0,0,2,2,40,1,1,2,1,65,3,5,53,1,1,1,21,,,,0,0,,,,,,,,,,,,,,,,,,,,,,,,,2013
3840,2013040165,4,40165,1,1,1,31,3,2,42,1,0,1,0,8,2,23,481,23481,31,1997,1GTEK14R2VZ5,1,G,T,E,K,1,4,R,2,V,Z,5,0,0,0,Not Applicable,Not Applicable,0,0,0,1,0,0,0,0,0,0,0,70,0,1,3,0,6,2,1,0,0,0,1,4,86326,0,0,0,0,0,0,66,150,0,0,0,0,0,0,0,0,0,3,91,0,0,0,2,2,55,2,6,2,1,0,0,14,12,1,1,4,6,,,,1,1,,,,,,,,,,,,,,,,,,,,,,,,,2013
3841,2013040166,4,40166,1,1,1,3,3,16,53,8,0,1,1,4,1,31,31,31031,1,1984,ZARBA5419E10,Z,A,R,B,A,5,4,1,9,E,1,0,0,0,0,Not Applicable,Not Applicable,0,0,0,1,0,0,0,0,0,0,0,40,0,0,0,12,2,5,8,0,0,0,1,4,85040,6,1,0,0,3,0,69,200,0,0,0,0,0,0,0,0,0,0,29,0,0,0,5,5,40,1,1,2,1,0,0,1,13,1,1,4,5,,,,0,0,,,,,,,,,,,,,,,,,,,,,,,,,2013
3842,2013040167,4,40167,1,1,1,4,3,6,36,8,0,1,0,4,2,24,1,24001,4,1997,1G8ZH5280VZ2,1,G,8,Z,H,5,2,8,0,V,Z,2,0,0,0,Not Applicable,Not Applicable,0,0,0,1,0,0,0,0,0,0,0,32,0,0,0,12,2,5,8,0,0,0,1,4,85301,6,1,0,0,3,0,63,185,0,0,0,0,0,0,0,0,0,0,0,0,0,0,2,3,40,1,1,2,1,0,0,1,80,99,1,1,13,,,,0,0,,,,,,,,,,,,,,,,,,,,,,,,,2013
3843,2013040168,4,40168,1,1,1,4,3,19,23,1,0,1,0,99,9,99,709,99709,80,9999,Unknown,9,9,9,9,9,9,9,9,9,9,9,9,0,0,0,Not Applicable,Not Applicable,0,0,0,1,0,0,0,0,0,0,0,999,0,0,0,0,9,9,1,0,0,0,1,99,99999,9,9,99,0,9,9,999,999,99,99,99,99,99,99,9999,99,9999,9,99,99,99,99,9,9,99,9,9,9,99,99,9,99,99,99,9,9,99,,,,1,0,,,,,,,,,,,,,,,,,,,,,,,,,2013
3844,2013040169,4,40169,1,2,1,5,3,5,47,1,0,1,0,4,1,12,37,12037,4,2003,1FAHP34P83W2,1,F,A,H,P,3,4,P,8,3,W,2,0,0,0,Not Applicable,Not Applicable,0,0,0,1,0,0,0,0,0,0,0,10,0,0,0,82,4,3,12,0,0,0,1,4,85210,0,0,0,0,0,0,999,999,1,0,0,1,0,8,2010,1,2013,0,91,0,0,0,2,1,45,1,1,2,1,3,3,11,15,1,1,1,98,,,,0,0,,,,,,,,,,,,,,,,,,,,,,,,,2013
3845,2013040169,4,40169,2,2,1,5,3,5,47,1,0,1,0,4,2,53,705,53705,80,1996,JS1GN77A6T21,J,S,1,G,N,7,7,A,6,T,2,1,0,0,0,Not Applicable,Not Applicable,0,0,0,1,0,0,0,0,0,0,0,30,0,0,0,0,6,2,12,0,0,0,1,4,85249,6,1,0,0,3,3,74,230,0,0,0,0,0,0,0,0,0,0,0,0,0,0,2,2,45,1,1,2,1,3,3,1,68,98,1,1,98,,,,1,0,,,,,,,,,,,,,,,,,,,,,,,,,2013
3846,2013040170,4,40170,1,1,2,8,3,7,29,99,99,1,9,99,9,99,999,99999,99,9999,Unknown,9,9,9,9,9,9,9,9,9,9,9,9,0,0,0,Not Applicable,Not Applicable,0,0,0,1,0,0,0,0,0,0,0,999,0,0,0,99,9,9,99,0,0,0,1,99,99999,9,9,99,0,9,9,999,999,99,99,99,99,99,99,9999,99,9999,9,99,99,99,99,9,9,99,9,9,9,99,99,9,99,99,99,9,9,99,,,,1,0,,,,,,,,,,,,,,,,,,,,,,,,,2013
3847,2013040171,4,40171,1,2,1,8,3,20,54,9,0,1,1,4,4,12,17,12017,4,2003,1FAFP55U93G1,1,F,A,F,P,5,5,U,9,3,G,1,0,0,0,Not Applicable,Not Applicable,0,0,0,1,0,0,0,0,0,0,0,47,0,0,0,12,2,3,9,0,0,0,1,4,85202,1,1,0,0,2,3,69,140,0,0,0,0,0,0,0,0,0,4,0,0,0,0,5,4,40,1,1,2,2,0,0,1,83,1,1,1,13,,,,0,0,,,,,,,,,,,,,,,,,,,,,,,,,2013
3848,2013040171,4,40171,2,2,1,8,3,20,54,9,0,1,1,99,9,7,43,7043,4,9999,Unknown,9,9,9,9,9,9,9,9,9,9,9,9,0,0,0,Not Applicable,Not Applicable,0,0,0,1,0,0,0,0,0,0,0,999,0,0,0,12,9,5,9,0,0,0,1,99,99999,9,9,99,0,9,9,999,999,99,99,99,99,99,99,9999,99,9999,9,99,99,99,99,5,4,40,1,1,2,2,0,0,99,83,99,1,1,98,,,,0,0,,,,,,,,,,,,,,,,,,,,,,,,,2013
3849,2013040172,4,40172,1,1,2,9,3,19,27,8,0,1,0,4,2,7,442,7442,20,1998,1B4GP54R6WB5,1,B,4,G,P,5,4,R,6,W,B,5,0,0,0,Not Applicable,Not Applicable,0,0,0,1,0,0,0,0,0,0,0,45,0,0,0,12,2,5,8,0,0,0,1,95,0,9,9,99,0,9,9,999,999,99,99,99,99,99,99,9999,99,9999,0,0,0,0,0,2,3,50,1,1,2,1,0,0,1,80,1,1,1,13,,,,0,0,,,,,,,,,,,,,,,,,,,,,,,,,2013
3850,2013040173,4,40173,1,2,2,10,3,14,30,12,6,1,0,4,2,35,472,35472,30,2001,1N6DD26S61C3,1,N,6,D,D,2,6,S,6,1,C,3,0,0,0,Not Applicable,Not Applicable,0,0,0,1,0,0,0,0,0,0,0,11,0,0,0,61,6,2,12,0,0,0,1,4,85042,6,1,0,0,3,0,69,170,0,0,0,1,0,12,2011,12,2011,0,38,0,0,0,0,0,0,0,0,0,0,0,0,11,19,1,1,1,82,,,,0,0,,,,,,,,,,,,,,,,,,,,,,,,,2013
3851,2013040173,4,40173,2,2,1,10,3,14,30,12,6,1,0,4,2,76,709,76709,80,1982,15R003902,1,5,R,0,0,3,9,0,2,,,,0,0,0,Not Applicable,Not Applicable,0,0,0,1,0,0,0,0,0,0,0,24,0,0,0,12,6,2,12,0,0,0,1,40,74401,3,7,0,0,2,2,70,200,0,0,0,0,0,0,0,0,0,0,74,0,0,0,5,4,40,1,1,2,1,0,0,1,73,1,1,1,83,,,,1,0,,,,,,,,,,,,,,,,,,,,,,,,,2013
3852,2013040174,4,40174,1,1,1,14,3,0,16,33,0,1,0,22,1,72,706,72706,80,2007,1HD1GP41X7K3,1,H,D,1,G,P,4,1,X,7,K,3,0,0,0,Not Applicable,Not Applicable,0,0,0,1,0,0,0,0,0,0,0,37,0,0,0,12,6,2,5,0,0,0,1,22,71446,6,1,0,0,3,0,69,180,0,2,1,0,0,1,2012,8,2012,0,0,0,0,0,2,2,35,4,1,2,1,0,0,14,12,1,1,4,6,,,,1,1,,,,,,,,,,,,,,,,,,,,,,,,,2013
3853,2013040175,4,40175,1,1,2,23,3,18,40,15,0,1,0,4,1,7,472,7472,30,1995,1B7GL23X8SS3,1,B,7,G,L,2,3,X,8,S,S,3,0,0,0,Not Applicable,Not Applicable,0,0,0,1,0,0,0,0,0,0,0,40,0,0,0,9,2,3,15,0,0,0,1,4,85009,0,0,0,0,0,0,999,999,0,0,0,0,0,0,0,0,0,5,0,0,0,0,5,5,40,1,1,2,1,0,0,1,80,1,1,1,13,,,,0,0,,,,,,,,,,,,,,,,,,,,,,,,,2013
3854,2013040176,4,40176,1,1,3,23,3,0,23,8,0,1,1,4,1,49,51,49051,5,2010,JTDKT4K35A52,J,T,D,K,T,4,K,3,5,A,5,2,0,0,0,Not Applicable,Not Applicable,0,0,0,1,0,0,0,0,0,0,0,32,0,0,0,12,2,5,8,0,0,0,1,4,85006,6,1,0,0,3,3,64,155,0,0,0,0,0,0,0,0,0,9,99,99,99,99,5,5,40,1,1,2,1,0,0,1,80,1,1,1,13,,,,0,1,,,,,,,,,,,,,,,,,,,,,,,,,2013
3855,2013040177,4,40177,1,2,1,24,3,2,19,12,1,1,0,37,1,76,705,76705,80,2012,JYARJ16E3CA0,J,Y,A,R,J,1,6,E,3,C,A,0,0,0,0,Not Applicable,Not Applicable,0,0,0,1,0,0,0,0,0,0,0,998,0,0,0,12,6,2,12,0,0,0,1,37,28542,6,1,0,0,3,0,67,999,0,0,0,0,0,0,0,0,0,4,0,0,0,0,5,4,45,1,1,2,1,0,0,1,51,99,9,3,24,,,,1,1,,,,,,,,,,,,,,,,,,,,,,,,,2013
3856,2013040177,4,40177,2,2,3,24,3,2,19,12,1,1,0,4,1,42,401,42401,14,1999,4JGAB72E2XA0,4,J,G,A,B,7,2,E,2,X,A,0,0,0,0,Not Applicable,Not Applicable,0,0,0,1,0,0,0,0,0,0,0,45,0,0,0,6,6,2,12,0,0,0,1,4,85225,6,1,0,0,3,3,72,230,0,0,0,1,0,4,2011,4,2011,0,0,0,0,0,5,4,45,1,1,2,1,0,0,1,53,1,1,1,25,,,,0,0,,,,,,,,,,,,,,,,,,,,,,,,,2013
3857,2013040178,4,40178,1,1,2,24,3,19,38,8,0,1,0,4,1,18,7,18007,4,2003,2G4WS52J0312,2,G,4,W,S,5,2,J,0,3,1,2,0,0,0,Not Applicable,Not Applicable,0,0,0,1,0,0,0,0,0,0,0,27,0,0,0,12,2,5,8,0,0,0,1,4,85008,6,1,0,0,3,0,63,120,0,0,0,0,0,0,0,0,0,0,0,0,0,0,5,6,40,1,1,2,1,0,0,1,80,9,1,1,13,,,,0,0,,,,,,,,,,,,,,,,,,,,,,,,,2013
3858,2013040179,4,40179,1,1,1,26,3,6,37,8,0,1,0,99,9,35,472,35472,30,2000,Unknown,9,9,9,9,9,9,9,9,9,9,9,9,0,0,0,Not Applicable,Not Applicable,0,0,0,1,0,0,0,0,0,0,0,999,0,0,0,12,6,2,8,0,0,0,1,4,85009,1,1,0,0,2,3,70,278,0,2,0,1,1,10,2012,11,2012,9,91,0,0,0,5,5,99,1,1,2,99,0,0,1,81,99,9,9,10,,,,0,0,,,,,,,,,,,,,,,,,,,,,,,,,2013
3859,2013040180,4,40180,1,1,1,28,3,19,39,8,0,1,0,4,1,54,35,54035,4,2002,19UUA56892A0,1,9,U,U,A,5,6,8,9,2,A,0,0,0,0,Not Applicable,Not Applicable,0,0,0,1,0,0,0,0,0,0,0,65,0,0,0,12,6,2,8,0,0,0,1,4,85282,6,1,0,0,3,3,71,320,0,0,0,0,0,0,0,0,0,4,89,0,0,0,3,2,35,1,1,2,1,0,0,1,80,1,1,1,13,,,,0,0,,,,,,,,,,,,,,,,,,,,,,,,,2013
3860,2013040181,4,40181,1,1,2,31,3,5,38,52,0,1,0,99,9,20,481,20481,31,2003,1GCHK29G83F2,1,G,C,H,K,2,9,G,8,3,F,2,0,0,0,Not Applicable,Not Applicable,0,0,0,1,0,0,0,0,0,0,0,998,0,1,5,12,6,2,1,0,0,0,1,4,86505,6,1,0,0,3,3,72,200,0,0,0,0,0,0,0,0,0,4,6,0,0,0,2,2,65,1,1,2,1,0,0,1,13,1,1,4,1,,,,2,0,,,,,,,,,,,,,,,,,,,,,,,,,2013
3861,2013040182,4,40182,1,1,2,31,3,17,46,33,0,1,0,6,5,63,34,63034,4,2013,5XXGM4A76DG1,5,X,X,G,M,4,A,7,6,D,G,1,0,0,0,Not Applicable,Not Applicable,0,0,0,1,0,0,0,0,0,0,0,60,0,0,0,12,6,2,46,0,0,0,1,4,86040,0,0,0,0,0,0,69,125,0,0,0,0,0,0,0,0,0,3,99,99,99,99,1,2,35,1,1,2,1,2,3,1,13,1,1,4,1,,,,1,1,,,,,,,,,,,,,,,,,,,,,,,,,2013
3862,2013040183,4,40183,1,2,1,31,3,20,46,12,6,1,0,4,1,98,709,98709,88,2008,LWGTCKP978C0,L,W,G,T,C,K,P,9,7,8,C,0,0,0,0,Not Applicable,Not Applicable,0,0,0,1,0,0,0,0,0,0,0,998,0,0,0,12,6,2,12,0,0,0,1,4,85207,6,1,0,0,2,0,68,128,0,0,0,0,0,0,0,0,0,0,39,0,0,0,1,2,25,1,1,2,1,20,3,1,17,99,1,1,86,,,,1,0,,,,,,,,,,,,,,,,,,,,,,,,,2013
3863,2013040183,4,40183,2,2,5,31,3,20,46,12,6,1,0,4,2,12,17,12017,4,1999,1FAFP53U4XA2,1,F,A,F,P,5,3,U,4,X,A,2,0,0,0,Not Applicable,Not Applicable,0,0,0,1,0,0,0,0,0,0,0,998,0,0,0,2,4,5,12,0,0,0,1,4,85234,6,1,0,0,3,0,61,145,0,0,0,0,0,0,0,0,0,0,0,0,0,0,5,4,45,1,1,2,1,0,0,1,66,1,1,1,87,,,,0,0,,,,,,,,,,,,,,,,,,,,,,,,,2013
3864,2013040184,4,40184,1,2,1,3,3,19,16,8,0,1,0,4,2,20,22,20022,2,2006,1G1AM18B4676,1,G,1,A,M,1,8,B,4,6,7,6,0,0,0,Not Applicable,Not Applicable,0,0,0,1,0,0,0,0,0,0,0,65,0,0,0,12,6,2,8,0,0,0,1,4,85648,6,1,0,0,3,0,67,165,0,0,0,0,0,0,0,0,0,0,0,0,0,0,2,2,75,1,1,2,1,0,0,1,80,1,1,1,13,,,,0,0,,,,,,,,,,,,,,,,,,,,,,,,,2013
3865,2013040184,4,40184,2,2,5,3,3,19,16,8,0,1,0,4,1,7,442,7442,20,2003,2D4GP44L63R2,2,D,4,G,P,4,4,L,6,3,R,2,0,0,0,Not Applicable,Not Applicable,0,0,0,1,0,0,0,0,0,0,0,65,0,0,0,12,2,5,8,0,0,0,1,4,85621,1,1,0,0,2,0,73,208,0,3,0,0,1,10,2010,8,2012,0,0,0,0,0,2,2,75,1,1,2,1,0,0,1,80,1,1,1,98,,,,0,0,,,,,,,,,,,,,,,,,,,,,,,,,2013
3866,2013040185,4,40185,1,2,1,13,3,12,0,12,6,1,0,4,1,49,472,49472,30,2002,5TENL42N52Z0,5,T,E,N,L,4,2,N,5,2,Z,0,0,0,0,Not Applicable,Not Applicable,0,0,0,1,0,0,0,0,0,0,0,5,0,0,0,82,6,2,12,0,0,0,1,4,85018,6,1,0,0,3,3,69,180,0,0,0,0,0,0,0,0,0,0,48,38,0,0,5,5,40,1,1,8,1,3,3,11,15,99,1,1,68,,,,1,0,,,,,,,,,,,,,,,,,,,,,,,,,2013
3867,2013040185,4,40185,2,2,1,13,3,12,0,12,6,1,0,4,1,12,401,12401,14,2004,1FMZU65K64ZA,1,F,M,Z,U,6,5,K,6,4,Z,A,0,0,0,Not Applicable,Not Applicable,0,0,0,1,0,0,0,0,0,0,0,35,0,0,0,12,6,2,12,0,0,0,1,4,85257,6,1,0,0,3,0,73,230,0,0,0,0,0,0,0,0,0,0,0,0,0,0,5,5,40,1,1,8,1,3,3,1,62,99,1,1,69,,,,0,0,,,,,,,,,,,,,,,,,,,,,,,,,2013
3868,2013040186,4,40186,1,1,4,28,3,2,5,33,0,1,0,4,1,12,481,12481,31,1995,1FTDF15Y5SLB,1,F,T,D,F,1,5,Y,5,S,L,B,0,0,0,Not Applicable,Not Applicable,0,0,0,1,0,0,0,0,0,0,0,998,0,1,3,12,6,2,1,0,0,0,1,4,85256,6,1,0,0,3,0,68,255,0,0,0,0,0,0,0,0,0,0,0,0,0,0,2,2,45,1,1,2,1,3,3,1,12,99,9,4,10,,,,1,1,,,,,,,,,,,,,,,,,,,,,,,,,2013
3869,2013040187,4,40187,1,1,1,17,2,20,26,9,0,1,0,4,2,22,18,22018,4,2001,1G2NF52T91M5,1,G,2,N,F,5,2,T,9,1,M,5,0,0,0,Not Applicable,Not Applicable,0,0,0,1,0,0,0,0,0,0,0,50,0,0,0,12,6,2,9,0,0,0,1,4,85379,6,1,0,0,3,0,68,250,0,2,0,2,0,1,2011,2,2011,0,0,0,0,0,1,2,45,1,1,2,1,0,0,1,83,8,1,3,13,,,,0,0,,,,,,,,,,,,,,,,,,,,,,,,,2013
3870,2013040188,4,40188,1,1,2,24,2,99,99,1,0,1,9,99,9,12,461,12461,21,1998,Unknown,9,9,9,9,9,9,9,9,9,9,9,9,0,0,0,Not Applicable,Not Applicable,0,0,0,1,0,0,0,0,0,0,0,998,0,1,5,0,9,9,1,0,0,0,1,99,99999,9,9,99,0,9,9,999,999,99,99,99,99,99,99,9999,99,9999,9,99,99,99,99,1,2,99,3,9,2,99,0,0,99,9,99,9,4,10,,,,1,0,,,,,,,,,,,,,,,,,,,,,,,,,2013
3871,2013040189,4,40189,1,2,2,2,4,17,58,12,6,1,0,4,2,7,482,7482,31,2001,3B7KC26Z81M2,3,B,7,K,C,2,6,Z,8,1,M,2,0,0,0,Not Applicable,Not Applicable,0,0,0,1,0,0,0,0,0,0,0,998,0,1,5,12,6,2,1,0,0,0,1,4,85225,6,1,0,0,3,3,69,160,1,2,0,2,4,7,2010,6,2012,0,84,58,0,0,3,3,65,3,1,2,1,0,0,14,9,99,5,7,98,,,,1,1,,,,,,,,,,,,,,,,,,,,,,,,,2013
3872,2013040189,4,40189,2,2,2,2,4,17,58,12,6,1,0,4,2,20,421,20421,15,1999,1GNEC13R5XJ3,1,G,N,E,C,1,3,R,5,X,J,3,0,0,0,Not Applicable,Not Applicable,0,0,0,1,0,0,0,0,0,0,0,998,0,1,5,63,6,2,1,0,0,0,1,4,85326,6,1,0,0,3,0,64,255,0,0,0,0,0,0,0,0,0,0,0,0,0,0,6,1,65,1,1,2,1,0,0,1,64,1,1,1,98,,,,1,0,,,,,,,,,,,,,,,,,,,,,,,,,2013
3873,2013040190,4,40190,1,2,1,3,4,9,48,73,0,1,0,4,1,72,706,72706,80,2007,1HD1FV4117Y6,1,H,D,1,F,V,4,1,1,7,Y,6,0,0,0,Not Applicable,Not Applicable,0,0,0,1,0,0,0,0,0,0,0,998,0,0,0,62,6,2,12,0,0,0,1,4,85032,6,1,0,0,3,3,76,200,0,0,0,0,0,0,0,0,0,4,84,0,0,0,3,5,65,1,1,2,1,0,0,1,51,3,2,3,12,,,,1,0,,,,,,,,,,,,,,,,,,,,,,,,,2013
3874,2013040190,4,40190,2,2,1,3,4,9,48,73,0,1,0,4,1,49,32,49032,4,2004,1NXBR32E14Z2,1,N,X,B,R,3,2,E,1,4,Z,2,0,0,0,Not Applicable,Not Applicable,0,0,0,1,0,0,0,0,0,0,0,998,0,0,0,12,6,2,12,0,0,0,1,4,85032,6,1,0,0,3,3,63,140,0,0,0,0,0,0,0,0,0,0,81,0,0,0,3,5,65,1,1,2,1,0,0,1,90,3,2,3,98,,,,0,0,,,,,,,,,,,,,,,,,,,,,,,,,2013
3875,2013040191,4,40191,1,1,1,3,4,20,9,33,0,1,0,92,0,37,701,37701,88,1986,JH2AF0903GS1,J,H,2,A,F,0,9,0,3,G,S,1,0,0,0,Not Applicable,Not Applicable,0,0,0,1,0,0,0,0,0,0,0,40,0,0,0,12,6,2,1,0,0,0,1,4,85224,6,1,0,0,3,0,70,180,0,0,0,0,0,0,0,0,0,0,0,0,0,0,2,2,25,1,1,2,1,0,0,1,13,99,1,4,1,,,,1,1,,,,,,,,,,,,,,,,,,,,,,,,,2013
3876,2013040192,4,40192,1,1,1,4,4,11,40,8,0,1,0,4,1,35,43,35043,4,2007,3N1AB61E77L6,3,N,1,A,B,6,1,E,7,7,L,6,0,0,0,Not Applicable,Not Applicable,0,0,0,1,0,0,0,0,0,0,0,5,0,0,0,81,0,5,8,0,0,0,1,4,85747,6,1,0,0,3,3,62,125,0,0,0,0,0,0,0,0,0,0,0,0,0,0,0,0,0,0,0,0,0,20,3,10,80,1,1,1,13,,,,0,0,,,,,,,,,,,,,,,,,,,,,,,,,2013
3877,2013040193,4,40193,1,1,1,4,4,14,9,1,0,1,0,4,2,7,482,7482,31,2006,3D7LX38C56G1,3,D,7,L,X,3,8,C,5,6,G,1,1,1,99,Unknown,Unknown,2,4,3,1,0,0,0,0,0,0,0,998,0,1,5,0,6,2,1,0,0,0,1,4,85501,6,1,0,0,3,0,70,150,0,0,0,0,0,0,0,0,0,9,99,99,99,99,3,2,65,3,6,2,1,0,0,14,13,99,9,4,2,,,,1,0,,,,,,,,,,,,,,,,,,,,,,,,,2013
3878,2013040194,4,40194,1,1,2,4,4,21,53,2,0,1,0,4,1,20,850,20850,65,1983,1GBJP37W3D33,1,G,B,J,P,3,7,W,3,D,3,3,6,1,0,Not Applicable,Not Applicable,0,0,0,1,0,0,0,0,0,0,0,55,0,0,0,0,6,2,2,0,0,1,1,4,85051,6,1,0,0,3,0,70,170,0,0,0,0,0,0,0,0,0,0,0,0,0,0,2,2,75,1,1,2,1,0,0,1,98,1,1,1,0,,,,1,0,,,,,,,,,,,,,,,,,,,,,,,,,2013
3879,2013040195,4,40195,1,1,1,6,4,10,10,1,0,1,0,4,2,12,401,12401,14,2001,1FMZU73E61ZA,1,F,M,Z,U,7,3,E,6,1,Z,A,0,0,0,Not Applicable,Not Applicable,0,0,0,1,0,0,0,0,0,0,0,998,0,1,5,0,6,2,1,0,0,0,1,4,85357,6,1,0,0,3,0,64,175,0,0,0,0,0,0,0,0,0,0,80,0,0,0,1,2,55,1,4,2,1,0,0,1,1,6,4,4,7,,,,1,0,,,,,,,,,,,,,,,,,,,,,,,,,2013
3880,2013040196,4,40196,1,3,1,6,4,12,52,1,0,1,0,4,1,12,37,12037,6,2000,1FAFP36P1YW1,1,F,A,F,P,3,6,P,1,Y,W,1,0,0,0,Not Applicable,Not Applicable,0,0,0,1,0,0,0,0,0,0,0,998,0,1,3,0,6,2,12,0,0,0,1,4,86301,6,1,0,0,3,3,68,185,0,0,0,0,0,0,0,0,0,0,58,0,0,0,2,2,65,2,6,2,1,0,0,14,9,99,9,4,7,,,,1,0,,,,,,,,,,,,,,,,,,,,,,,,,2013
3881,2013040196,4,40196,2,3,2,6,4,12,52,1,0,1,0,4,2,20,39,20039,4,2007,KL1TG56667B0,K,L,1,T,G,5,6,6,6,7,B,0,0,0,0,Not Applicable,Not Applicable,0,0,0,1,0,0,0,0,0,0,0,65,0,0,0,12,6,2,12,0,0,0,1,4,86314,6,1,0,0,3,0,69,215,0,0,0,0,0,0,0,0,0,0,0,0,0,0,2,2,65,3,5,2,1,0,0,14,64,99,1,1,98,,,,0,0,,,,,,,,,,,,,,,,,,,,,,,,,2013
3882,2013040196,4,40196,3,3,1,6,4,12,52,1,0,1,0,4,1,63,34,63034,4,2004,KNAGD1262453,K,N,A,G,D,1,2,6,2,4,5,3,0,0,0,Not Applicable,Not Applicable,0,0,0,1,0,0,0,0,0,0,0,65,0,0,0,12,6,2,12,32,0,0,1,4,86333,6,1,0,0,3,3,63,140,0,0,0,0,0,0,0,0,0,0,0,0,0,0,2,2,65,3,5,2,1,0,0,14,63,99,9,1,98,,,,0,0,,,,,,,,,,,,,,,,,,,,,,,,,2013
3883,2013040197,4,40197,1,1,2,6,4,13,37,24,0,1,0,4,1,76,705,76705,80,2012,JYARJ16E0CA0,J,Y,A,R,J,1,6,E,0,C,A,0,0,0,0,Not Applicable,Not Applicable,0,0,0,1,0,0,0,0,0,0,0,65,0,0,0,81,6,2,24,0,0,0,1,4,85353,6,1,0,0,3,3,70,200,0,0,0,0,0,0,0,0,0,0,33,0,0,0,1,2,55,3,5,2,1,40,3,6,54,7,9,4,3,,,,1,0,,,,,,,,,,,,,,,,,,,,,,,,,2013
3884,2013040198,4,40198,1,2,2,7,4,22,54,24,0,1,0,4,1,20,481,20481,31,2004,2GCEC19V6413,2,G,C,E,C,1,9,V,6,4,1,3,0,0,0,Not Applicable,Not Applicable,0,0,0,1,0,0,0,0,0,0,0,999,0,0,0,99,6,2,12,0,0,0,1,4,85746,6,1,0,0,3,0,64,140,0,0,0,1,0,7,2012,7,2012,0,58,91,0,0,2,3,98,8,1,2,1,0,0,99,9,99,9,4,2,,,,1,1,,,,,,,,,,,,,,,,,,,,,,,,,2013
3885,2013040198,4,40198,2,2,1,7,4,22,54,24,0,1,0,4,1,12,401,12401,14,1999,1FMDU35P6XZB,1,F,M,D,U,3,5,P,6,X,Z,B,0,0,0,Not Applicable,Not Applicable,0,0,0,1,0,0,0,0,0,0,0,55,0,1,1,63,6,2,12,0,0,0,1,4,85730,6,1,0,0,3,0,60,140,0,0,0,0,0,0,0,0,0,0,0,0,0,0,2,3,98,8,1,2,1,0,0,1,64,1,1,1,98,,,,0,0,,,,,,,,,,,,,,,,,,,,,,,,,2013
3886,2013040199,4,40199,1,1,1,9,4,22,47,42,0,1,0,4,1,35,48,35048,1,2007,JN1BZ36A17M6,J,N,1,B,Z,3,6,A,1,7,M,6,0,0,0,Not Applicable,Not Applicable,0,0,0,1,0,0,0,0,0,0,0,80,0,1,6,12,6,2,1,0,0,0,1,4,85749,1,1,0,0,2,0,63,150,0,5,0,1,0,9,2010,2,2012,3,37,0,0,0,5,2,45,1,1,2,1,0,0,11,6,99,9,4,9,,,,1,1,,,,,,,,,,,,,,,,,,,,,,,,,2013
3887,2013040200,4,40200,1,2,3,10,4,18,51,12,6,1,0,4,2,49,442,49442,20,2012,5TDKK3DC2CS2,5,T,D,K,K,3,D,C,2,C,S,2,0,0,0,Not Applicable,Not Applicable,0,0,0,1,0,0,0,0,0,0,0,10,0,0,0,82,6,2,12,32,0,0,1,4,85338,6,1,0,0,3,3,64,210,0,0,0,0,0,0,0,0,0,0,99,99,99,99,2,2,40,1,1,2,1,2,3,11,15,99,1,1,68,,,,1,0,,,,,,,,,,,,,,,,,,,,,,,,,2013