index,accident_id,STATE,ST_CASE,VEH_NO,VE_FORMS,NUMOCCS,DAY,MONTH,HOUR,MINUTE,HARM_EV,MAN_COLL,UNITTYPE,HIT_RUN,REG_STAT,OWNER,MAKE,MODEL,MAK_MOD,BODY_TYP,MOD_YEAR,VIN,VIN_1,VIN_2,VIN_3,VIN_4,VIN_5,VIN_6,VIN_7,VIN_8,VIN_9,VIN_10,VIN_11,VIN_12,TOW_VEH,J_KNIFE,MCARR_I1,MCARR_I2,MCARR_ID,GVWR,V_CONFIG,CARGO_BT,HAZ_INV,HAZ_PLAC,HAZ_ID,HAZ_CNO,HAZ_REL,BUS_USE,SPEC_USE,EMER_USE,TRAV_SP,UNDERIDE,ROLLOVER,ROLINLOC,IMPACT1,DEFORMED,TOWED,M_HARM,VEH_SC1,VEH_SC2,FIRE_EXP,DR_PRES,L_STATE,DR_ZIP,L_STATUS,L_TYPE,CDL_STAT,L_ENDORS,L_COMPL,L_RESTRI,DR_HGT,DR_WGT,PREV_ACC,PREV_SUS,PREV_DWI,PREV_SPD,PREV_OTH,FIRST_MO,FIRST_YR,LAST_MO,LAST_YR,SPEEDREL,DR_SF1,DR_SF2,DR_SF3,DR_SF4,VTRAFWAY,VNUM_LAN,VSPD_LIM,VALIGN,VPROFILE,VPAVETYP,VSURCOND,VTRAFCON,VTCONT_F,P_CRASH1,P_CRASH2,P_CRASH3,PCRASH4,PCRASH5,ACC_TYPE,TRLR1VIN,TRLR2VIN,TRLR3VIN,DEATHS,DR_DRINK,VINTYPE,VINMAKE,VINA_MOD,VIN_BT,VINMODYR,VIN_LNGT,VIN_WGT,WGTCD_TR,WHLBS_LG,WHLBS_SH,SER_TR,FUELCODE,MCYCL_DS,CARBUR,CYLINDER,DISPLACE,MCYCL_CY,MCYCL_WT,TIRE_SZE,TON_RAT,TRK_WT,TRKWTVAR,VIN_REST,WHLDRWHL,Year
3938,2013040239,4,40239,1,3,1,22,3,10,44,12,1,1,0,4,1,63,33,63033,4,2003,KNAFB1216352,K,N,A,F,B,1,2,1,6,3,5,2,0,0,0,Not Applicable,Not Applicable,0,0,0,1,0,0,0,0,0,0,0,45,0,0,0,12,4,3,12,0,0,0,1,4,85050,6,1,0,0,3,0,71,145,0,0,0,0,0,0,0,0,0,4,0,0,0,0,3,6,65,1,1,2,1,0,0,1,50,99,1,1,20,,,,0,0,,,,,,,,,,,,,,,,,,,,,,,,,2013
3939,2013040239,4,40239,2,3,3,22,3,10,44,12,1,1,0,4,3,12,461,12461,21,2011,1FTNE2EW6BDA,1,F,T,N,E,2,E,W,6,B,D,A,0,0,0,Not Applicable,Not Applicable,0,0,0,1,0,0,0,0,0,0,0,0,0,0,0,6,6,2,12,32,0,0,1,4,85022,6,1,0,0,3,0,74,214,0,0,0,0,0,0,0,0,0,0,0,0,0,0,3,6,65,1,1,2,1,0,0,5,53,1,1,1,21,,,,1,0,,,,,,,,,,,,,,,,,,,,,,,,,2013
3940,2013040239,4,40239,3,3,1,22,3,10,44,12,1,1,0,4,1,59,32,59032,4,1998,JT8BH28F2W01,J,T,8,B,H,2,8,F,2,W,0,1,0,0,0,Not Applicable,Not Applicable,0,0,0,1,0,0,0,0,0,0,0,0,0,0,0,6,2,5,12,0,0,0,1,4,85086,6,1,0,0,3,3,73,220,0,0,0,0,0,0,0,0,0,0,0,0,0,0,3,6,65,1,1,2,1,0,0,5,50,1,1,1,98,,,,0,0,,,,,,,,,,,,,,,,,,,,,,,,,2013
3941,2013040240,4,40240,1,1,1,14,4,13,25,1,0,1,0,4,1,73,706,73706,80,2000,JKBVNAE11YA0,J,K,B,V,N,A,E,1,1,Y,A,0,0,0,0,Not Applicable,Not Applicable,0,0,0,1,0,0,0,0,0,0,0,55,0,0,0,0,6,2,1,0,0,0,1,4,85122,6,1,0,0,3,0,68,180,0,0,0,0,0,0,0,0,0,0,77,0,0,0,1,2,50,1,1,2,1,0,0,1,8,99,9,4,2,,,,1,0,,,,,,,,,,,,,,,,,,,,,,,,,2013
3942,2013040241,4,40241,1,1,2,18,4,17,49,8,0,1,0,4,2,55,402,55402,14,2006,KM8JN12D06U3,K,M,8,J,N,1,2,D,0,6,U,3,0,0,0,Not Applicable,Not Applicable,0,0,0,1,0,0,0,0,0,0,0,35,0,0,0,12,6,2,8,0,0,0,1,4,85201,6,1,0,0,3,0,62,115,0,0,0,0,0,0,0,0,0,0,0,0,0,0,2,1,35,3,1,2,1,0,0,14,80,1,1,1,13,,,,0,0,,,,,,,,,,,,,,,,,,,,,,,,,2013
3943,2013040242,4,40242,1,2,3,26,4,17,33,12,6,1,0,4,2,14,17,14017,4,1997,1MELM50U4VA6,1,M,E,L,M,5,0,U,4,V,A,6,0,0,0,Not Applicable,Not Applicable,0,0,0,1,0,0,0,0,0,0,0,999,0,0,0,61,6,2,12,0,0,0,1,4,85032,6,1,0,0,3,0,70,140,0,0,0,0,0,0,0,0,0,0,38,0,0,0,2,1,25,1,1,2,1,20,3,99,19,99,1,1,99,,,,2,0,,,,,,,,,,,,,,,,,,,,,,,,,2013
3944,2013040242,4,40242,2,2,4,26,4,17,33,12,6,1,0,4,1,12,461,12461,21,1997,1FTJW35G7VEA,1,F,T,J,W,3,5,G,7,V,E,A,0,0,0,Not Applicable,Not Applicable,0,0,0,1,0,0,0,0,0,0,0,999,0,0,0,12,6,2,12,0,0,0,1,4,85086,6,1,0,0,3,3,72,150,0,0,0,0,0,0,0,0,0,0,0,0,0,0,1,2,45,1,1,2,1,0,0,1,68,99,1,1,99,,,,0,1,,,,,,,,,,,,,,,,,,,,,,,,,2013
3945,2013040243,4,40243,1,2,1,29,4,6,31,33,0,1,0,4,1,52,34,52034,4,2000,4A3AA36G6YE1,4,A,3,A,A,3,6,G,6,Y,E,1,0,0,0,Not Applicable,Not Applicable,0,0,0,1,0,0,0,0,0,0,0,59,0,0,0,12,6,2,12,0,0,0,1,4,85338,6,1,0,0,3,3,69,140,0,0,0,0,0,0,0,0,0,0,28,58,0,0,5,4,45,1,1,2,1,0,0,1,13,1,1,4,1,,,,0,1,,,,,,,,,,,,,,,,,,,,,,,,,2013
3946,2013040243,4,40243,2,2,4,29,4,6,31,33,0,1,0,4,1,22,22,22022,4,2006,1G2ZF55B0641,1,G,2,Z,F,5,5,B,0,6,4,1,0,0,0,Not Applicable,Not Applicable,0,0,0,1,0,0,0,0,0,0,0,45,0,0,0,12,6,2,12,0,0,0,1,4,85041,6,1,0,0,3,0,60,135,0,0,0,0,0,0,0,0,0,0,0,0,0,0,5,4,45,1,1,2,1,0,0,1,62,1,1,1,98,,,,1,0,,,,,,,,,,,,,,,,,,,,,,,,,2013
3947,2013040244,4,40244,1,1,1,2,4,2,30,33,0,1,0,4,1,72,706,72706,80,1991,1HD1BKL17MY0,1,H,D,1,B,K,L,1,7,M,Y,0,0,0,0,Not Applicable,Not Applicable,0,0,0,1,0,0,0,0,0,0,0,43,0,0,0,12,6,2,1,0,0,0,1,4,85023,6,1,0,0,3,3,72,220,0,0,0,0,0,0,0,0,0,0,0,0,0,0,2,3,40,3,1,2,1,0,0,14,13,1,1,4,1,,,,1,1,,,,,,,,,,,,,,,,,,,,,,,,,2013
3948,2013040245,4,40245,1,2,1,2,4,18,5,1,0,1,0,4,1,32,43,32043,1,2007,WAUAF48H37K0,W,A,U,A,F,4,8,H,3,7,K,0,0,0,0,Not Applicable,Not Applicable,0,0,0,1,0,0,0,0,0,0,0,2,0,0,0,62,6,2,12,0,0,0,1,4,85045,6,1,0,0,3,0,63,114,0,0,0,0,0,0,0,0,0,0,38,0,0,0,1,4,35,1,1,2,1,20,3,11,15,1,1,1,98,,,,0,0,,,,,,,,,,,,,,,,,,,,,,,,,2013
3949,2013040245,4,40245,2,2,1,2,4,18,5,1,0,1,0,4,1,53,706,53706,80,2005,JS1VS55A3521,J,S,1,V,S,5,5,A,3,5,2,1,0,0,0,Not Applicable,Not Applicable,0,0,0,1,0,0,0,0,0,0,0,36,0,0,0,0,6,2,12,0,0,0,1,4,85045,6,1,0,0,3,3,72,250,0,7,0,2,1,4,2010,2,2011,0,0,0,0,0,2,2,50,1,1,2,1,0,0,1,68,3,2,1,98,,,,1,0,,,,,,,,,,,,,,,,,,,,,,,,,2013
3950,2013040246,4,40246,1,3,1,3,4,20,10,8,0,1,1,99,9,99,999,99999,99,9999,Unknown,9,9,9,9,9,9,9,9,9,9,9,9,0,0,0,Not Applicable,Not Applicable,0,0,0,1,0,0,0,0,0,0,0,998,0,0,0,12,9,5,8,0,0,0,1,99,99999,9,9,99,0,9,9,999,999,99,99,99,99,99,99,9999,99,9999,9,99,99,99,99,5,5,40,1,1,2,1,0,0,1,80,99,9,9,13,,,,0,0,,,,,,,,,,,,,,,,,,,,,,,,,2013
3951,2013040246,4,40246,2,3,2,3,4,20,10,8,0,1,0,4,2,7,442,7442,20,2006,2D4GP44L66R6,2,D,4,G,P,4,4,L,6,6,R,6,0,0,0,Not Applicable,Not Applicable,0,0,0,1,0,0,0,0,0,0,0,36,0,0,0,12,2,5,8,0,0,0,1,4,85051,6,1,0,0,3,3,64,175,0,0,0,0,0,0,0,0,0,0,0,0,0,0,5,5,40,1,1,2,1,0,0,1,80,7,1,3,98,,,,0,0,,,,,,,,,,,,,,,,,,,,,,,,,2013
3952,2013040246,4,40246,3,3,1,3,4,20,10,8,0,1,1,99,9,99,999,99999,99,9999,Unknown,9,9,9,9,9,9,9,9,9,9,9,9,0,0,0,Not Applicable,Not Applicable,0,0,0,1,0,0,0,0,0,0,0,999,0,0,0,12,9,5,8,0,0,0,1,99,99999,9,9,99,0,9,9,999,999,99,99,99,99,99,99,9999,99,9999,9,99,99,99,99,5,5,40,1,1,2,1,0,0,99,80,99,9,3,98,,,,0,0,,,,,,,,,,,,,,,,,,,,,,,,,2013
3953,2013040247,4,40247,1,1,1,4,4,6,6,8,0,1,0,4,1,41,402,41402,14,2005,4F2YZ04105KM,4,F,2,Y,Z,0,4,1,0,5,K,M,0,0,0,Not Applicable,Not Applicable,0,0,0,1,0,0,0,0,0,0,0,44,0,0,0,12,6,2,8,0,0,0,1,4,85022,6,1,0,0,3,1,74,255,0,0,0,0,0,0,0,0,0,0,0,0,0,0,5,5,40,1,1,2,1,0,0,1,80,3,2,1,13,,,,0,0,,,,,,,,,,,,,,,,,,,,,,,,,2013
3954,2013040248,4,40248,1,3,1,5,4,12,11,12,6,1,0,4,1,18,3,18003,4,2000,1G4CU5413Y42,1,G,4,C,U,5,4,1,3,Y,4,2,0,0,0,Not Applicable,Not Applicable,0,0,0,1,0,0,0,0,0,0,0,998,0,0,0,3,4,3,12,32,0,0,1,4,85303,1,1,0,0,2,0,62,107,0,2,0,0,0,7,2012,8,2012,0,89,38,0,0,2,3,45,1,1,2,1,3,3,11,15,1,1,1,68,,,,0,0,,,,,,,,,,,,,,,,,,,,,,,,,2013
3955,2013040248,4,40248,2,3,1,5,4,12,11,12,6,1,0,4,1,37,706,37706,80,2003,1HFSC470X3A2,1,H,F,S,C,4,7,0,X,3,A,2,0,0,0,Not Applicable,Not Applicable,0,0,0,1,0,0,0,0,0,0,0,998,0,0,0,12,6,2,12,0,0,0,1,4,85303,6,1,0,0,3,3,69,175,0,0,0,0,0,0,0,0,0,0,0,0,0,0,2,3,45,1,1,2,1,3,3,1,62,1,1,1,69,,,,1,0,,,,,,,,,,,,,,,,,,,,,,,,,2013
3956,2013040248,4,40248,3,3,1,5,4,12,11,12,6,1,0,4,1,72,706,72706,80,2007,1HD1GM4137K3,1,H,D,1,G,M,4,1,3,7,K,3,0,0,0,Not Applicable,Not Applicable,0,0,0,1,0,0,0,0,0,0,0,998,0,0,0,0,6,2,12,0,0,0,1,4,85222,6,1,0,0,3,0,69,190,0,0,0,0,0,0,0,0,0,0,0,0,0,0,2,3,45,1,1,2,1,3,3,1,62,98,1,1,98,,,,0,0,,,,,,,,,,,,,,,,,,,,,,,,,2013
3957,2013040249,4,40249,1,1,1,5,4,22,16,8,0,1,9,99,9,99,999,99999,99,9999,Unknown,9,9,9,9,9,9,9,9,9,9,9,9,0,0,0,Not Applicable,Not Applicable,0,0,0,1,0,0,0,0,0,0,0,999,0,0,0,12,9,9,8,0,0,0,1,99,99999,9,9,99,9,9,9,999,999,99,99,99,99,99,99,9999,99,9999,9,99,99,99,99,9,9,99,9,9,9,99,99,9,99,82,99,9,9,13,,,,0,0,,,,,,,,,,,,,,,,,,,,,,,,,2013
3958,2013040250,4,40250,1,1,1,7,4,20,29,8,0,1,0,4,1,42,31,42031,4,1995,WDBEB31E7SC1,W,D,B,E,B,3,1,E,7,S,C,1,0,0,0,Not Applicable,Not Applicable,0,0,0,1,0,0,0,0,0,0,0,40,0,0,0,12,6,2,8,0,0,0,1,4,85021,6,1,0,0,3,1,74,205,0,0,0,0,0,0,0,0,0,0,0,0,0,0,5,4,40,1,1,2,1,0,0,1,80,1,1,1,13,,,,0,0,,,,,,,,,,,,,,,,,,,,,,,,,2013
3959,2013040251,4,40251,1,3,1,10,4,16,10,12,2,1,0,4,1,30,36,30036,5,2008,WVWDA71K78W1,W,V,W,D,A,7,1,K,7,8,W,1,0,0,0,Not Applicable,Not Applicable,0,0,0,1,0,0,0,0,0,0,0,15,0,0,0,12,6,2,12,0,0,0,1,4,85374,6,1,0,0,3,0,63,135,0,0,0,0,0,0,0,0,0,0,38,0,0,0,5,5,45,1,1,2,1,2,3,11,15,1,1,1,68,,,,0,0,,,,,,,,,,,,,,,,,,,,,,,,,2013
3960,2013040251,4,40251,2,3,1,10,4,16,10,12,2,1,0,4,1,72,709,72709,80,1967,67FL3726,6,7,F,L,3,7,2,6,,,,,0,0,0,Not Applicable,Not Applicable,0,0,0,1,0,0,0,0,0,0,0,46,0,0,0,12,6,2,2,0,0,1,1,4,85086,6,1,0,0,3,3,74,245,0,4,0,2,0,10,2010,2,2011,0,0,0,0,0,5,5,45,1,1,2,1,2,3,1,62,1,1,1,69,,,,1,0,,,,,,,,,,,,,,,,,,,,,,,,,2013
3961,2013040251,4,40251,3,3,2,10,4,16,10,12,2,1,0,4,1,7,422,7422,15,2013,1C4SDHDT3DC6,1,C,4,S,D,H,D,T,3,D,C,6,0,0,0,Not Applicable,Not Applicable,0,0,0,1,0,0,0,0,0,0,0,0,0,0,0,62,2,5,54,0,0,0,1,4,85054,6,1,0,0,3,0,74,210,0,0,0,0,0,0,0,0,0,0,0,0,0,0,5,6,45,1,1,2,1,2,3,5,98,1,1,1,98,,,,0,0,,,,,,,,,,,,,,,,,,,,,,,,,2013
3962,2013040252,4,40252,1,1,1,12,4,0,59,33,0,1,0,4,2,20,401,20401,14,2001,1GNCT18W61K2,1,G,N,C,T,1,8,W,6,1,K,2,0,0,0,Not Applicable,Not Applicable,0,0,0,1,0,0,0,0,0,0,0,34,0,0,0,12,6,2,42,0,0,0,1,4,85219,6,1,0,0,3,0,72,175,0,0,0,1,1,3,2012,6,2012,0,0,0,0,0,5,5,40,1,1,2,1,0,0,1,13,99,1,4,1,,,,1,1,,,,,,,,,,,,,,,,,,,,,,,,,2013
3963,2013040253,4,40253,1,2,2,13,4,11,7,12,6,1,0,99,9,20,999,20999,99,2007,Unknown,9,9,9,9,9,9,9,9,9,9,9,9,1,1,0,Not Applicable,Not Applicable,0,0,0,1,0,0,0,0,0,0,0,999,0,0,0,61,9,9,12,0,0,0,1,4,85040,6,1,0,0,3,3,71,265,0,0,0,1,0,1,2011,1,2011,9,38,0,0,0,5,4,99,1,1,1,99,0,0,99,19,99,9,9,99,,,,0,0,,,,,,,,,,,,,,,,,,,,,,,,,2013
3964,2013040253,4,40253,2,2,1,13,4,11,7,12,6,1,0,99,9,72,709,72709,80,1976,Unknown,9,9,9,9,9,9,9,9,9,9,9,9,0,0,0,Not Applicable,Not Applicable,0,0,0,1,0,0,0,0,0,0,0,999,0,0,0,12,9,9,12,0,0,0,1,4,86401,6,1,0,0,3,0,71,145,0,0,0,0,0,0,0,0,0,9,99,99,99,99,5,4,99,1,1,1,99,0,0,1,73,99,9,9,99,,,,1,1,,,,,,,,,,,,,,,,,,,,,,,,,2013
3965,2013040254,4,40254,1,1,1,17,4,19,39,14,0,1,0,4,2,55,42,55042,3,2012,KMHTC6AD3CU0,K,M,H,T,C,6,A,D,3,C,U,0,0,0,0,Not Applicable,Not Applicable,0,0,0,1,0,0,0,0,0,0,0,33,8,1,1,12,6,2,14,0,0,0,1,4,85375,6,1,0,0,3,3,63,118,0,0,0,0,0,0,0,0,0,0,0,0,0,0,1,2,30,2,1,2,1,0,0,14,11,1,1,4,11,,,,1,1,,,,,,,,,,,,,,,,,,,,,,,,,2013
3966,2013040255,4,40255,1,2,1,22,4,15,28,12,6,1,0,4,2,21,2,21002,4,1999,1G3HN52K7X48,1,G,3,H,N,5,2,K,7,X,4,8,0,0,0,Not Applicable,Not Applicable,0,0,0,1,0,0,0,0,0,0,0,5,0,0,0,9,6,2,12,0,0,0,1,4,85194,6,1,0,0,3,0,63,130,0,0,0,0,0,0,0,0,0,0,28,0,0,0,1,2,50,1,1,2,1,20,3,11,15,1,1,1,82,,,,1,0,,,,,,,,,,,,,,,,,,,,,,,,,2013
3967,2013040255,4,40255,2,2,17,22,4,15,28,12,6,1,0,4,3,90,981,90981,50,2008,1BAKGCPA18F2,1,B,A,K,G,C,P,A,1,8,F,2,0,0,88,None,None,3,21,22,1,0,0,0,0,1,0,0,50,0,0,0,12,6,2,12,0,0,0,1,4,85193,6,1,6,1,3,3,67,225,1,0,0,0,1,8,2012,8,2012,0,0,0,0,0,1,2,50,1,1,2,1,0,0,1,67,1,1,1,83,,,,0,0,,,,,,,,,,,,,,,,,,,,,,,,,2013
3968,2013040256,4,40256,1,1,3,22,4,23,56,35,0,1,0,4,1,12,401,12401,14,2004,1FMZU73W84UB,1,F,M,Z,U,7,3,W,8,4,U,B,0,0,0,Not Applicable,Not Applicable,0,0,0,1,0,0,0,0,0,0,0,58,0,0,0,12,6,2,38,0,0,0,1,4,85138,6,1,0,0,3,0,67,210,0,0,0,0,0,0,0,0,0,4,91,39,6,0,1,2,25,1,1,5,1,0,0,1,6,1,3,4,2,,,,1,0,,,,,,,,,,,,,,,,,,,,,,,,,2013
3969,2013040257,4,40257,1,2,2,27,4,21,51,12,2,1,0,4,1,54,31,54031,3,1994,JH4DC2383RS0,J,H,4,D,C,2,3,8,3,R,S,0,0,0,0,Not Applicable,Not Applicable,0,0,0,1,0,0,0,0,0,0,0,65,0,0,0,12,6,2,12,0,0,0,1,4,85225,6,1,0,0,3,0,65,240,0,2,0,2,0,10,2010,8,2012,4,28,0,0,0,1,2,35,2,1,2,1,0,0,14,6,3,2,2,50,,,,0,1,,,,,,,,,,,,,,,,,,,,,,,,,2013
3970,2013040257,4,40257,2,2,2,27,4,21,51,12,2,1,0,4,2,7,482,7482,31,2004,1D7HA18DX4S7,1,D,7,H,A,1,8,D,X,4,S,7,0,0,0,Not Applicable,Not Applicable,0,0,0,1,0,0,0,0,0,0,0,35,0,0,0,12,6,2,12,0,0,0,1,4,85225,6,1,0,0,3,0,60,130,0,0,0,0,0,0,0,0,0,0,0,0,0,0,1,2,35,3,1,2,1,0,0,14,62,1,1,1,51,,,,1,0,,,,,,,,,,,,,,,,,,,,,,,,,2013
3971,2013040258,4,40258,1,2,3,27,4,0,12,12,6,1,0,4,1,35,32,35032,2,1998,1N4AB42D6WC5,1,N,4,A,B,4,2,D,6,W,C,5,0,0,0,Not Applicable,Not Applicable,0,0,0,1,0,0,0,0,0,0,0,49,0,0,0,81,6,2,12,0,0,0,1,4,85016,6,1,0,0,3,0,66,135,0,0,0,0,0,0,0,0,0,0,39,0,0,0,5,5,40,1,1,2,1,2,3,1,17,1,1,1,87,,,,1,1,,,,,,,,,,,,,,,,,,,,,,,,,2013
3972,2013040258,4,40258,2,2,2,27,4,0,12,12,6,1,0,8,1,22,401,22401,14,2003,3G7DB03E83S6,3,G,7,D,B,0,3,E,8,3,S,6,0,0,0,Not Applicable,Not Applicable,0,0,0,1,0,0,0,0,0,0,0,36,0,0,0,12,6,2,12,0,0,0,1,4,80122,6,1,0,0,3,0,75,175,0,0,0,0,0,0,0,0,0,0,0,0,0,0,5,5,40,1,1,2,1,2,3,1,66,1,1,1,86,,,,0,0,,,,,,,,,,,,,,,,,,,,,,,,,2013
3973,2013040259,4,40259,1,2,4,27,4,19,52,12,6,1,0,4,2,37,31,37031,2,1995,1HGCD7253SA0,1,H,G,C,D,7,2,5,3,S,A,0,0,0,0,Not Applicable,Not Applicable,0,0,0,1,0,0,0,0,0,0,0,20,0,0,0,82,6,2,12,0,0,0,1,4,85339,0,0,0,0,0,0,63,130,0,0,0,0,0,0,0,0,0,0,38,91,0,0,5,4,40,1,1,2,1,0,0,11,15,1,1,1,68,,,,0,0,,,,,,,,,,,,,,,,,,,,,,,,,2013
3974,2013040259,4,40259,2,2,1,27,4,19,52,12,6,1,0,4,2,73,705,73705,80,2006,JKAZX4J106A0,J,K,A,Z,X,4,J,1,0,6,A,0,0,0,0,Not Applicable,Not Applicable,0,0,0,1,0,0,0,0,0,0,0,39,0,0,0,12,6,2,12,0,0,0,1,4,85042,1,1,0,0,2,0,81,200,0,8,0,0,2,10,2010,3,2013,0,0,0,0,0,5,4,40,1,1,2,1,0,0,1,62,1,1,1,69,,,,1,0,,,,,,,,,,,,,,,,,,,,,,,,,2013
3975,2013040260,4,40260,1,1,1,1,5,6,14,38,0,1,0,4,1,35,47,35047,4,2005,1N4BL11D35N4,1,N,4,B,L,1,1,D,3,5,N,4,0,0,0,Not Applicable,Not Applicable,0,0,0,1,0,0,0,0,0,0,0,65,0,0,0,12,6,2,30,0,0,0,1,4,85027,6,1,0,0,3,3,63,140,0,0,0,0,0,0,0,0,0,0,80,0,0,0,3,4,65,1,1,2,1,0,0,1,13,99,1,4,1,,,,1,0,,,,,,,,,,,,,,,,,,,,,,,,,2013
3976,2013040261,4,40261,1,1,1,2,5,11,43,24,0,1,0,4,1,42,48,42048,4,2004,WDBUF65J84A5,W,D,B,U,F,6,5,J,8,4,A,5,0,0,0,Not Applicable,Not Applicable,0,0,0,1,0,0,0,0,0,0,0,55,0,0,0,12,6,2,25,0,0,0,1,4,85303,6,1,0,0,3,0,72,279,0,0,0,0,0,0,0,0,0,4,0,0,0,0,3,3,55,1,1,2,1,40,3,1,12,1,1,4,6,,,,1,0,,,,,,,,,,,,,,,,,,,,,,,,,2013
3977,2013040262,4,40262,1,2,1,2,5,13,20,12,6,1,0,4,1,12,16,12016,4,2002,2FAFP73WX2X1,2,F,A,F,P,7,3,W,X,2,X,1,0,0,0,Not Applicable,Not Applicable,0,0,0,1,0,0,0,0,0,0,0,10,0,0,0,62,6,2,12,0,0,0,1,4,85351,6,1,0,0,3,3,70,208,0,0,0,0,0,0,0,0,0,0,38,0,0,0,1,2,25,1,1,2,1,20,3,11,15,99,1,1,82,,,,1,0,,,,,,,,,,,,,,,,,,,,,,,,,2013
3978,2013040262,4,40262,2,2,1,2,5,13,20,12,6,1,0,4,2,6,43,6043,1,2008,1C3LC45K48N2,1,C,3,L,C,4,5,K,4,8,N,2,0,0,0,Not Applicable,Not Applicable,0,0,0,1,0,0,0,0,0,0,0,36,0,0,0,12,6,2,12,0,0,0,1,4,85340,6,1,0,0,3,0,61,130,0,0,0,0,0,0,0,0,0,0,0,0,0,0,2,2,40,1,1,2,1,0,0,1,67,4,1,1,83,,,,0,0,,,,,,,,,,,,,,,,,,,,,,,,,2013
3979,2013040263,4,40263,1,1,1,3,5,13,53,24,0,1,0,4,1,72,706,72706,80,2009,1HD1FC4189Y6,1,H,D,1,F,C,4,1,8,9,Y,6,0,0,0,Not Applicable,Not Applicable,0,0,0,1,0,0,0,0,0,0,0,998,0,0,0,12,6,2,24,0,0,0,1,4,85541,6,1,0,0,3,3,70,240,0,0,0,0,0,0,0,0,0,0,99,99,99,99,3,2,65,3,5,2,1,0,0,14,13,1,1,4,1,,,,1,0,,,,,,,,,,,,,,,,,,,,,,,,,2013
3980,2013040264,4,40264,1,5,1,3,5,15,50,12,6,1,0,92,5,7,28,7028,2,2013,2C3CDYAG2DH5,2,C,3,C,D,Y,A,G,2,D,H,5,0,0,0,Not Applicable,Not Applicable,0,0,0,1,0,0,0,0,0,0,0,80,0,1,1,12,6,2,12,0,0,0,1,4,85546,1,1,0,0,2,0,69,165,0,1,0,0,0,6,2012,6,2012,3,39,0,0,0,5,4,35,1,1,2,1,3,3,1,17,99,1,1,83,,,,1,1,,,,,,,,,,,,,,,,,,,,,,,,,2013
3981,2013040264,4,40264,2,5,1,3,5,15,50,12,6,1,0,4,1,12,481,12481,31,2012,1FTFW1ET3CKE,1,F,T,F,W,1,E,T,3,C,K,E,0,0,0,Not Applicable,Not Applicable,0,0,0,1,0,0,0,0,0,0,0,3,0,0,0,62,6,2,12,0,0,0,1,4,85552,6,1,0,0,3,0,64,125,0,0,0,0,0,0,0,0,0,0,0,0,0,0,1,2,25,1,1,2,1,3,3,11,66,1,1,1,82,,,,0,0,,,,,,,,,,,,,,,,,,,,,,,,,2013
3982,2013040264,4,40264,3,5,1,3,5,15,50,12,6,1,0,35,2,49,46,49046,5,2012,JTDKN3DU3C15,J,T,D,K,N,3,D,U,3,C,1,5,0,0,0,Not Applicable,Not Applicable,0,0,0,1,0,0,0,0,0,0,0,35,0,0,0,12,2,5,54,36,0,0,1,35,88030,6,1,0,0,3,3,999,999,98,0,0,1,0,11,2011,11,2011,0,0,0,0,0,5,4,35,1,1,2,1,3,3,1,50,99,1,1,98,,,,0,0,,,,,,,,,,,,,,,,,,,,,,,,,2013
3983,2013040264,4,40264,4,5,2,3,5,15,50,12,6,1,0,4,1,20,2,20002,4,2003,2G1WH52K2394,2,G,1,W,H,5,2,K,2,3,9,4,0,0,0,Not Applicable,Not Applicable,0,0,0,1,0,0,0,0,0,0,0,35,0,0,0,13,4,3,12,0,0,0,1,4,85533,6,1,0,0,3,3,65,185,0,0,0,0,0,0,0,0,0,0,0,0,0,0,5,4,35,1,1,2,1,3,3,2,62,99,1,1,98,,,,0,0,,,,,,,,,,,,,,,,,,,,,,,,,2013
3984,2013040264,4,40264,5,5,1,3,5,15,50,12,6,1,0,92,0,98,998,98998,92,2010,RW8200P02124,R,W,8,2,0,0,P,0,2,1,2,4,0,0,0,Not Applicable,Not Applicable,0,0,0,1,0,0,0,0,0,0,0,15,0,0,0,9,2,5,12,0,0,0,1,4,85546,6,1,0,0,3,0,62,190,0,0,0,0,0,0,0,0,0,0,0,0,0,0,5,4,35,1,1,2,1,3,3,2,52,1,1,1,98,,,,0,0,,,,,,,,,,,,,,,,,,,,,,,,,2013
3985,2013040265,4,40265,1,2,1,3,5,18,15,12,6,1,0,4,1,20,2,20002,4,1996,1G1BL52W5TR1,1,G,1,B,L,5,2,W,5,T,R,1,0,0,0,Not Applicable,Not Applicable,0,0,0,1,0,0,0,0,0,0,0,25,0,0,0,82,4,3,12,0,0,0,1,4,86401,6,1,0,0,3,0,60,137,0,0,0,0,0,0,0,0,0,0,38,0,0,0,1,2,25,1,1,2,1,20,3,1,17,1,1,1,87,,,,0,0,,,,,,,,,,,,,,,,,,,,,,,,,2013
3986,2013040265,4,40265,2,2,1,3,5,18,15,12,6,1,0,92,0,76,705,76705,83,2002,JYACJ01CX2A0,J,Y,A,C,J,0,1,C,X,2,A,0,0,0,0,Not Applicable,Not Applicable,0,0,0,1,0,0,0,0,0,0,0,34,0,0,0,12,6,2,12,0,0,0,1,4,86413,6,1,0,0,3,0,72,165,0,0,0,0,0,0,0,0,0,3,0,0,0,0,1,2,25,1,1,2,1,0,0,1,66,3,2,1,86,,,,1,0,,,,,,,,,,,,,,,,,,,,,,,,,2013
3987,2013040266,4,40266,1,2,5,4,5,4,45,12,1,1,0,4,3,82,881,82881,63,2010,1FVACXBS9ADA,1,F,V,A,C,X,B,S,9,A,D,A,0,0,88,None,None,3,2,96,1,0,0,0,0,0,7,5,998,0,0,0,6,2,5,12,41,0,0,1,4,85044,6,1,0,0,3,3,74,200,0,0,0,0,0,0,0,0,0,0,27,0,0,0,3,5,65,1,2,2,1,0,0,15,10,1,1,2,32,,,,0,0,,,,,,,,,,,,,,,,,,,,,,,,,2013