index,accident_id,STATE,ST_CASE,VEH_NO,VE_FORMS,NUMOCCS,DAY,MONTH,HOUR,MINUTE,HARM_EV,MAN_COLL,UNITTYPE,HIT_RUN,REG_STAT,OWNER,MAKE,MODEL,MAK_MOD,BODY_TYP,MOD_YEAR,VIN,VIN_1,VIN_2,VIN_3,VIN_4,VIN_5,VIN_6,VIN_7,VIN_8,VIN_9,VIN_10,VIN_11,VIN_12,TOW_VEH,J_KNIFE,MCARR_I1,MCARR_I2,MCARR_ID,GVWR,V_CONFIG,CARGO_BT,HAZ_INV,HAZ_PLAC,HAZ_ID,HAZ_CNO,HAZ_REL,BUS_USE,SPEC_USE,EMER_USE,TRAV_SP,UNDERIDE,ROLLOVER,ROLINLOC,IMPACT1,DEFORMED,TOWED,M_HARM,VEH_SC1,VEH_SC2,FIRE_EXP,DR_PRES,L_STATE,DR_ZIP,L_STATUS,L_TYPE,CDL_STAT,L_ENDORS,L_COMPL,L_RESTRI,DR_HGT,DR_WGT,PREV_ACC,PREV_SUS,PREV_DWI,PREV_SPD,PREV_OTH,FIRST_MO,FIRST_YR,LAST_MO,LAST_YR,SPEEDREL,DR_SF1,DR_SF2,DR_SF3,DR_SF4,VTRAFWAY,VNUM_LAN,VSPD_LIM,VALIGN,VPROFILE,VPAVETYP,VSURCOND,VTRAFCON,VTCONT_F,P_CRASH1,P_CRASH2,P_CRASH3,PCRASH4,PCRASH5,ACC_TYPE,TRLR1VIN,TRLR2VIN,TRLR3VIN,DEATHS,DR_DRINK,VINTYPE,VINMAKE,VINA_MOD,VIN_BT,VINMODYR,VIN_LNGT,VIN_WGT,WGTCD_TR,WHLBS_LG,WHLBS_SH,SER_TR,FUELCODE,MCYCL_DS,CARBUR,CYLINDER,DISPLACE,MCYCL_CY,MCYCL_WT,TIRE_SZE,TON_RAT,TRK_WT,TRKWTVAR,VIN_REST,WHLDRWHL,Year
4038,2013040302,4,40302,1,1,1,19,5,16,52,8,0,1,0,4,1,20,16,20016,2,2003,1G1JC12F3373,1,G,1,J,C,1,2,F,3,3,7,3,0,0,0,Not Applicable,Not Applicable,0,0,0,1,0,0,0,0,0,0,0,998,0,0,0,12,6,2,8,0,0,0,1,4,85303,6,1,0,0,3,0,63,210,0,0,0,0,0,0,0,0,0,0,0,0,0,0,5,4,40,1,1,2,1,2,3,1,80,1,1,1,13,,,,0,0,,,,,,,,,,,,,,,,,,,,,,,,,2013
4039,2013040303,4,40303,1,2,1,12,5,15,36,12,6,1,0,4,1,12,401,12401,14,2006,1FMEU64836ZA,1,F,M,E,U,6,4,8,3,6,Z,A,0,0,0,Not Applicable,Not Applicable,0,0,0,1,0,0,0,0,0,0,0,24,0,0,0,83,6,2,12,0,0,0,1,4,85286,6,1,0,0,3,3,73,180,0,0,0,0,1,6,2011,6,2011,0,48,0,0,0,5,4,50,1,3,2,1,2,3,11,15,1,1,1,68,,,,0,0,,,,,,,,,,,,,,,,,,,,,,,,,2013
4040,2013040303,4,40303,2,2,1,12,5,15,36,12,6,1,0,4,1,37,705,37705,80,2006,JH2PC37026M3,J,H,2,P,C,3,7,0,2,6,M,3,0,0,0,Not Applicable,Not Applicable,0,0,0,1,0,0,0,0,0,0,0,78,0,0,0,12,6,2,12,0,0,0,1,4,85021,6,1,0,0,3,3,71,155,0,0,0,2,0,4,2013,4,2013,3,89,0,0,0,5,4,50,1,3,2,1,2,3,1,62,3,2,1,69,,,,1,0,,,,,,,,,,,,,,,,,,,,,,,,,2013
4041,2013040304,4,40304,1,1,2,25,5,12,46,1,0,1,0,4,1,35,472,35472,30,2009,1N6AD07U49C4,1,N,6,A,D,0,7,U,4,9,C,4,0,0,0,Not Applicable,Not Applicable,0,0,0,1,0,0,0,0,0,0,0,60,0,1,5,0,6,2,1,0,0,0,1,4,85541,6,1,0,0,3,0,74,220,0,0,0,0,0,0,0,0,0,0,58,0,0,0,2,2,65,1,5,2,1,0,0,1,9,7,9,4,2,,,,1,1,,,,,,,,,,,,,,,,,,,,,,,,,2013
4042,2013040305,4,40305,1,1,6,11,5,22,26,5,0,1,0,4,2,12,471,12471,30,2001,1FTYR14V21PB,1,F,T,Y,R,1,4,V,2,1,P,B,0,0,0,Not Applicable,Not Applicable,0,0,0,1,0,0,0,0,0,0,0,25,0,0,0,0,0,3,5,0,0,0,1,4,85379,6,1,0,0,3,0,67,140,0,0,0,0,0,0,0,0,0,0,99,99,99,99,1,2,25,1,1,2,1,0,0,1,98,1,1,1,0,,,,1,0,,,,,,,,,,,,,,,,,,,,,,,,,2013
4043,2013040306,4,40306,1,2,1,21,5,3,31,8,0,1,0,4,2,22,20,22020,4,2005,2G2WP5225512,2,G,2,W,P,5,2,2,5,5,1,2,0,0,0,Not Applicable,Not Applicable,0,0,0,1,0,0,0,0,0,0,0,50,0,0,0,12,6,2,8,0,0,0,1,4,85338,6,1,6,0,3,3,71,250,0,2,0,0,0,7,2010,8,2010,0,0,0,0,0,1,2,50,1,1,2,1,0,0,1,80,1,1,1,13,,,,0,0,,,,,,,,,,,,,,,,,,,,,,,,,2013
4044,2013040306,4,40306,2,2,1,21,5,3,31,8,0,1,0,4,1,49,32,49032,4,2005,1NXBR32E95Z3,1,N,X,B,R,3,2,E,9,5,Z,3,0,0,0,Not Applicable,Not Applicable,0,0,0,1,0,0,0,0,0,0,0,50,0,0,0,12,4,3,8,0,0,0,1,4,85323,6,1,0,0,3,0,63,173,0,0,0,0,0,0,0,0,0,0,0,0,0,0,1,2,50,1,1,2,1,0,0,1,80,1,1,1,98,,,,0,0,,,,,,,,,,,,,,,,,,,,,,,,,2013
4045,2013040307,4,40307,1,1,1,26,5,21,26,31,0,1,0,4,2,35,49,35049,6,2004,JN8AZ08T64W2,J,N,8,A,Z,0,8,T,6,4,W,2,0,0,0,Not Applicable,Not Applicable,0,0,0,1,0,0,0,0,0,0,0,55,0,0,0,12,6,2,38,0,0,0,1,4,85718,6,1,0,0,3,0,73,190,0,0,0,0,0,0,0,0,0,4,0,0,0,0,1,2,40,1,1,2,1,20,3,1,14,1,1,4,14,,,,1,0,,,,,,,,,,,,,,,,,,,,,,,,,2013
4046,2013040308,4,40308,1,2,2,1,5,12,13,33,0,1,0,53,1,7,880,7880,67,1999,1B7MC3362XJ5,1,B,7,M,C,3,3,6,2,X,J,5,2,1,88,None,None,2,4,97,1,0,0,0,0,0,0,0,55,1,0,0,12,6,2,12,0,0,0,1,53,99403,6,1,0,0,3,0,66,165,0,0,0,0,0,0,0,0,0,0,38,0,0,0,4,1,35,2,1,2,1,21,3,14,12,1,1,4,6,,,,2,0,,,,,,,,,,,,,,,,,,,,,,,,,2013
4047,2013040308,4,40308,2,2,2,1,5,12,13,33,0,1,0,28,3,82,881,82881,66,2007,1FUJA6CK87LW,1,F,U,J,A,6,C,K,8,7,L,W,1,1,57,0219224,570219224,3,6,1,1,0,0,0,0,0,0,0,20,0,0,0,3,4,5,12,0,0,0,1,28,39082,6,1,6,0,3,0,70,180,98,0,0,0,0,0,0,0,0,0,0,0,0,0,4,1,35,3,1,2,1,21,3,14,68,1,1,1,98,,,,0,0,,,,,,,,,,,,,,,,,,,,,,,,,2013
4048,2013040309,4,40309,1,1,2,4,5,16,40,1,0,1,0,4,1,72,706,72706,80,1997,1HD1BJL5XVY0,1,H,D,1,B,J,L,5,X,V,Y,0,0,0,0,Not Applicable,Not Applicable,0,0,0,1,0,0,0,0,0,0,0,998,0,0,0,0,2,3,1,0,0,0,1,4,85234,6,1,0,0,2,3,70,200,0,0,0,1,0,5,2013,5,2013,4,91,0,0,0,2,2,55,1,1,2,1,3,3,1,6,3,2,1,98,,,,1,1,,,,,,,,,,,,,,,,,,,,,,,,,2013
4049,2013040310,4,40310,1,1,2,1,6,0,35,1,0,1,0,4,1,72,706,72706,80,2003,1HD1FCW183Y6,1,H,D,1,F,C,W,1,8,3,Y,6,0,0,0,Not Applicable,Not Applicable,0,0,0,1,0,0,0,0,0,0,0,55,0,0,0,0,6,2,1,0,0,0,1,4,85901,6,1,0,0,3,0,67,220,0,0,0,1,0,10,2011,10,2011,4,39,0,0,0,1,2,50,2,1,2,1,20,3,14,6,1,9,3,98,,,,1,1,,,,,,,,,,,,,,,,,,,,,,,,,2013
4050,2013040311,4,40311,1,1,1,1,6,22,43,33,0,1,0,4,1,37,705,37705,80,2001,JH2PC35061M2,J,H,2,P,C,3,5,0,6,1,M,2,0,0,0,Not Applicable,Not Applicable,0,0,0,1,0,0,0,0,0,0,0,40,0,0,0,12,4,3,24,0,0,0,1,4,85730,6,1,0,0,3,0,66,180,0,0,0,0,0,0,0,0,0,4,0,0,0,0,4,2,40,2,1,2,1,0,0,14,9,99,9,4,7,,,,1,0,,,,,,,,,,,,,,,,,,,,,,,,,2013
4051,2013040312,4,40312,1,2,1,2,6,17,50,12,6,1,0,4,2,37,705,37705,80,2005,JH2RC44505M8,J,H,2,R,C,4,4,5,0,5,M,8,0,0,0,Not Applicable,Not Applicable,0,0,0,1,0,0,0,0,0,0,0,998,0,0,0,12,6,2,12,0,0,0,1,4,85501,6,1,0,0,3,0,67,150,0,0,0,1,0,7,2012,7,2012,4,28,0,0,0,1,2,35,2,1,2,1,0,0,14,10,99,9,2,64,,,,1,0,,,,,,,,,,,,,,,,,,,,,,,,,2013
4052,2013040312,4,40312,2,2,1,2,6,17,50,12,6,1,0,4,1,12,481,12481,31,2008,1FTPX12578FB,1,F,T,P,X,1,2,5,7,8,F,B,0,0,0,Not Applicable,Not Applicable,0,0,0,1,0,0,0,0,0,0,0,35,0,0,0,61,6,2,12,32,0,0,1,4,85539,6,1,0,0,3,3,76,280,0,0,0,1,0,5,2011,5,2011,0,0,0,0,0,1,2,35,3,1,2,1,0,0,14,62,99,9,1,65,,,,0,0,,,,,,,,,,,,,,,,,,,,,,,,,2013
4053,2013040313,4,40313,1,1,1,3,6,3,55,42,0,1,0,4,1,14,38,14038,3,2000,1ZWFT61L3Y56,1,Z,W,F,T,6,1,L,3,Y,5,6,0,0,0,Not Applicable,Not Applicable,0,0,0,1,0,0,0,0,0,0,0,65,0,0,0,61,6,2,42,0,0,0,1,4,85203,6,1,0,0,3,3,62,150,0,0,0,0,0,0,0,0,0,4,0,0,0,0,3,5,65,1,1,2,1,0,0,1,9,1,5,4,2,,,,1,1,,,,,,,,,,,,,,,,,,,,,,,,,2013
4054,2013040314,4,40314,1,1,1,3,6,11,56,1,0,1,0,4,2,37,706,37706,80,2006,JH2SC57096M2,J,H,2,S,C,5,7,0,9,6,M,2,0,0,0,Not Applicable,Not Applicable,0,0,0,1,0,0,0,0,0,0,0,44,0,0,0,0,6,2,1,0,0,0,1,4,85648,6,1,6,0,2,0,66,175,0,2,0,0,0,3,2011,4,2011,4,0,0,0,0,1,2,30,1,1,2,1,0,0,1,6,3,2,1,98,,,,1,0,,,,,,,,,,,,,,,,,,,,,,,,,2013
4055,2013040315,4,40315,1,2,1,4,6,18,48,12,6,1,0,4,1,49,472,49472,30,2002,5TESN92N02Z0,5,T,E,S,N,9,2,N,0,2,Z,0,0,0,0,Not Applicable,Not Applicable,0,0,0,1,0,0,0,0,0,0,0,5,0,0,0,61,6,2,12,0,0,0,1,4,85006,6,1,0,0,3,3,63,120,0,0,0,0,0,0,0,0,0,0,89,48,0,0,2,2,75,1,1,2,1,0,0,11,15,1,1,2,72,,,,1,0,,,,,,,,,,,,,,,,,,,,,,,,,2013
4056,2013040315,4,40315,2,2,1,4,6,18,48,12,6,1,0,6,3,51,881,51881,66,2005,4V4NC9TG55N3,4,V,4,N,C,9,T,G,5,5,N,3,1,1,57,1567291,571567291,3,6,1,1,0,0,0,0,0,0,0,60,1,0,0,12,6,2,12,0,0,0,1,6,95356,6,1,6,0,3,0,71,160,0,0,0,0,1,7,2012,7,2012,0,0,0,0,0,2,2,75,1,1,2,1,0,0,1,61,1,1,1,73,,,,0,0,,,,,,,,,,,,,,,,,,,,,,,,,2013
4057,2013040316,4,40316,1,1,4,6,6,22,39,35,0,1,0,32,4,12,16,12016,4,2011,2FABP7EV6BX1,2,F,A,B,P,7,E,V,6,B,X,1,0,0,0,Not Applicable,Not Applicable,0,0,0,1,0,0,0,0,0,0,0,998,0,1,5,12,6,2,1,0,0,0,1,4,85634,6,1,0,0,3,3,63,280,0,0,0,0,0,0,0,0,0,5,58,0,0,0,1,2,65,3,1,2,1,0,0,14,6,6,4,4,7,,,,2,1,,,,,,,,,,,,,,,,,,,,,,,,,2013
4058,2013040317,4,40317,1,2,2,8,6,6,40,12,6,1,0,4,1,12,471,12471,30,2000,1FTYR10C4YPC,1,F,T,Y,R,1,0,C,4,Y,P,C,0,0,0,Not Applicable,Not Applicable,0,0,0,1,0,0,0,0,0,0,0,40,0,0,0,82,6,2,12,0,0,0,1,4,85020,6,1,0,0,3,3,66,160,0,0,0,0,0,0,0,0,0,0,39,0,0,0,5,4,40,1,1,2,1,2,3,1,17,1,1,1,87,,,,1,0,,,,,,,,,,,,,,,,,,,,,,,,,2013
4059,2013040317,4,40317,2,2,3,8,6,6,40,12,6,1,0,4,1,7,26,7026,4,2009,1B3LC46B19N5,1,B,3,L,C,4,6,B,1,9,N,5,0,0,0,Not Applicable,Not Applicable,0,0,0,1,0,0,0,0,0,0,0,40,0,0,0,12,6,2,12,0,0,0,1,4,85253,6,1,0,0,3,3,69,250,0,1,0,0,0,10,2010,10,2010,0,0,0,0,0,5,4,40,1,1,2,1,2,3,1,66,1,1,1,86,,,,0,0,,,,,,,,,,,,,,,,,,,,,,,,,2013
4060,2013040318,4,40318,1,1,1,8,6,15,53,1,0,1,0,4,1,72,706,72706,80,1995,1HD1DFL16SY5,1,H,D,1,D,F,L,1,6,S,Y,5,0,0,0,Not Applicable,Not Applicable,0,0,0,1,0,0,0,0,0,0,0,998,0,0,0,0,6,2,1,0,0,0,1,4,86004,6,1,0,0,2,3,71,195,0,0,0,1,0,10,2011,10,2011,4,0,0,0,0,1,2,50,3,1,2,1,0,0,6,13,99,1,4,3,,,,1,1,,,,,,,,,,,,,,,,,,,,,,,,,2013
4061,2013040319,4,40319,1,1,2,9,6,3,34,8,0,1,0,49,2,23,421,23421,15,2004,1GKEK13Z94J2,1,G,K,E,K,1,3,Z,9,4,J,2,0,0,0,Not Applicable,Not Applicable,0,0,0,1,0,0,0,0,0,0,0,78,0,0,0,12,6,2,8,0,0,0,1,49,84770,6,1,0,0,3,0,73,214,98,0,0,0,0,0,0,0,0,0,0,0,0,0,2,2,75,1,1,2,1,0,0,1,80,1,1,1,13,,,,0,0,,,,,,,,,,,,,,,,,,,,,,,,,2013
4062,2013040320,4,40320,1,1,1,9,6,8,38,33,0,1,0,4,2,72,706,72706,80,2001,1HD1BWB111Y0,1,H,D,1,B,W,B,1,1,1,Y,0,0,0,0,Not Applicable,Not Applicable,0,0,0,1,0,0,0,0,0,0,0,12,0,0,0,12,6,2,33,0,0,0,1,4,85053,6,1,0,0,3,0,71,235,0,0,0,1,0,1,2011,1,2011,0,48,0,0,0,2,2,40,1,1,2,1,0,0,11,15,1,1,4,98,,,,1,1,,,,,,,,,,,,,,,,,,,,,,,,,2013
4063,2013040321,4,40321,1,1,1,11,6,16,35,38,0,1,0,4,1,49,401,49401,14,2005,JTEZU14R3580,J,T,E,Z,U,1,4,R,3,5,8,0,0,0,0,Not Applicable,Not Applicable,0,0,0,1,0,0,0,0,0,0,0,65,0,0,0,12,6,2,38,0,0,0,1,4,85603,6,1,0,0,3,3,72,160,0,0,0,0,0,0,0,0,0,9,99,99,99,99,1,2,65,2,1,2,1,0,0,14,12,1,1,4,6,,,,1,0,,,,,,,,,,,,,,,,,,,,,,,,,2013
4064,2013040322,4,40322,1,2,1,12,6,12,22,12,6,1,0,4,1,20,17,20017,4,1987,1G1AW51W5H61,1,G,1,A,W,5,1,W,5,H,6,1,0,0,0,Not Applicable,Not Applicable,0,0,0,1,0,0,0,0,0,0,0,15,0,0,0,9,6,2,12,0,0,0,1,4,85208,6,1,0,0,3,0,61,135,0,0,0,0,0,0,0,0,0,0,38,0,0,0,1,2,25,1,1,2,1,20,3,1,17,1,1,1,89,,,,1,0,,,,,,,,,,,,,,,,,,,,,,,,,2013
4065,2013040322,4,40322,2,2,1,12,6,12,22,12,6,1,0,4,2,49,403,49403,14,2005,JTEDP21A8500,J,T,E,D,P,2,1,A,8,5,0,0,0,0,0,Not Applicable,Not Applicable,0,0,0,1,0,0,0,0,0,0,0,46,0,0,0,12,6,2,12,0,0,0,1,4,85207,6,1,0,0,3,0,64,200,0,0,0,0,0,0,0,0,0,0,0,0,0,0,2,2,50,1,1,2,1,0,0,1,66,1,1,1,88,,,,0,0,,,,,,,,,,,,,,,,,,,,,,,,,2013
4066,2013040323,4,40323,1,1,3,13,6,16,4,1,0,1,0,4,2,12,401,12401,14,1998,1FMZU32E7WZC,1,F,M,Z,U,3,2,E,7,W,Z,C,0,0,0,Not Applicable,Not Applicable,0,0,0,1,0,0,0,0,0,0,0,75,0,1,5,0,6,2,1,0,0,0,1,4,85301,0,0,0,0,0,0,999,999,0,0,0,0,0,0,0,0,0,0,80,0,0,0,2,2,75,1,1,2,1,0,0,1,1,99,9,4,2,,,,1,0,,,,,,,,,,,,,,,,,,,,,,,,,2013
4067,2013040324,4,40324,1,1,1,13,6,21,29,42,0,1,0,4,1,7,472,7472,30,2001,1B7GL22X61S1,1,B,7,G,L,2,2,X,6,1,S,1,0,0,0,Not Applicable,Not Applicable,0,0,0,1,0,0,0,0,0,0,0,998,0,0,0,99,6,2,39,0,0,0,1,4,85035,0,0,0,0,0,0,66,180,0,0,0,0,0,0,0,0,0,0,99,99,99,99,3,6,65,1,1,2,1,0,0,99,9,99,5,4,2,,,,1,0,,,,,,,,,,,,,,,,,,,,,,,,,2013
4068,2013040325,4,40325,1,1,1,16,6,6,59,1,0,1,0,4,1,12,17,12017,4,1996,1FALP52UXTG1,1,F,A,L,P,5,2,U,X,T,G,1,0,0,0,Not Applicable,Not Applicable,0,0,0,1,0,0,0,0,0,0,0,70,0,1,5,0,6,2,1,0,0,0,1,4,85711,6,1,0,0,3,0,67,295,0,0,0,2,0,1,2013,5,2013,4,0,0,0,0,1,2,50,1,1,2,1,0,0,1,13,1,1,4,1,,,,1,0,,,,,,,,,,,,,,,,,,,,,,,,,2013
4069,2013040326,4,40326,1,2,1,16,6,17,10,12,1,1,0,4,1,35,43,35043,4,2004,3N1CB51D14L4,3,N,1,C,B,5,1,D,1,4,L,4,0,0,0,Not Applicable,Not Applicable,0,0,0,1,0,0,0,0,0,0,0,0,0,0,0,6,6,2,12,0,0,0,1,4,85208,6,1,0,0,3,0,65,165,1,0,0,1,0,11,2011,1,2012,0,99,99,99,99,3,6,65,1,1,2,1,0,0,5,53,1,1,1,21,,,,1,0,,,,,,,,,,,,,,,,,,,,,,,,,2013
4070,2013040326,4,40326,2,2,1,16,6,17,10,12,1,1,0,4,1,12,3,12003,1,2000,1FAFP4440YF2,1,F,A,F,P,4,4,4,0,Y,F,2,0,0,0,Not Applicable,Not Applicable,0,0,0,1,0,0,0,0,0,0,0,70,0,0,0,12,6,2,12,0,0,0,1,4,85225,6,1,0,0,3,0,67,165,0,0,0,1,0,2,2013,2,2013,0,0,0,0,0,3,6,65,1,1,2,1,0,0,1,50,1,1,1,20,,,,0,0,,,,,,,,,,,,,,,,,,,,,,,,,2013
4071,2013040327,4,40327,1,1,1,17,6,9,3,1,0,1,0,6,1,72,706,72706,80,2007,1HD1FC4307Y6,1,H,D,1,F,C,4,3,0,7,Y,6,1,1,0,Not Applicable,Not Applicable,0,0,0,1,0,0,0,0,0,0,0,998,0,0,0,0,6,2,1,0,0,0,1,6,92410,6,1,0,0,3,0,71,205,0,0,0,0,1,5,2012,5,2012,0,0,0,0,0,6,1,75,2,1,2,1,0,0,14,12,1,1,4,6,,,,1,0,,,,,,,,,,,,,,,,,,,,,,,,,2013
4072,2013040328,4,40328,1,2,1,17,6,13,47,12,2,1,0,32,4,72,706,72706,80,2013,1HD1FCM1XDB6,1,H,D,1,F,C,M,1,X,D,B,6,0,0,0,Not Applicable,Not Applicable,0,0,0,1,0,0,0,0,0,0,0,65,0,0,0,12,9,2,12,0,0,0,1,97,0,6,1,99,0,9,9,67,180,99,99,99,99,99,99,9999,99,9999,0,28,35,0,0,1,2,65,1,1,2,1,0,0,6,54,99,1,2,50,,,,1,0,,,,,,,,,,,,,,,,,,,,,,,,,2013
4073,2013040328,4,40328,2,2,5,17,6,13,47,12,2,1,0,5,1,23,421,23421,15,2003,1GKFK16Z33J3,1,G,K,F,K,1,6,Z,3,3,J,3,0,0,0,Not Applicable,Not Applicable,0,0,0,1,0,0,0,0,0,0,0,55,0,0,0,12,6,2,12,0,0,0,1,5,72644,6,1,0,0,3,0,67,150,0,0,0,0,0,0,0,0,0,0,0,0,0,0,1,2,65,1,1,2,1,0,0,1,54,3,2,1,51,,,,0,0,,,,,,,,,,,,,,,,,,,,,,,,,2013
4074,2013040329,4,40329,1,1,1,17,6,19,6,1,0,1,0,4,1,20,481,20481,31,2007,1GCEC14VX7E1,1,G,C,E,C,1,4,V,X,7,E,1,0,0,0,Not Applicable,Not Applicable,0,0,0,1,0,0,0,0,0,0,0,998,0,1,5,0,6,2,1,0,0,0,1,4,86045,6,1,0,0,3,0,70,210,0,0,0,0,0,0,0,0,0,4,58,0,0,0,2,2,65,1,1,2,1,0,0,1,9,99,5,4,7,,,,1,1,,,,,,,,,,,,,,,,,,,,,,,,,2013
4075,2013040330,4,40330,1,1,2,21,6,22,29,43,0,1,0,4,1,35,48,35048,1,2004,JN1AZ36D34T1,J,N,1,A,Z,3,6,D,3,4,T,1,0,0,0,Not Applicable,Not Applicable,0,0,0,1,0,0,0,0,0,0,0,998,0,0,0,2,6,2,2,0,0,1,1,4,85364,6,1,0,0,3,0,68,138,0,0,0,0,1,9,2011,9,2011,0,0,0,0,0,1,2,50,1,1,2,1,0,0,99,9,99,4,4,7,,,,1,1,,,,,,,,,,,,,,,,,,,,,,,,,2013
4076,2013040331,4,40331,1,1,2,27,6,21,59,1,0,1,0,4,1,20,22,20022,4,2006,1G1AK58F7676,1,G,1,A,K,5,8,F,7,6,7,6,0,0,0,Not Applicable,Not Applicable,0,0,0,1,0,0,0,0,0,0,0,998,0,1,5,0,6,2,1,0,0,0,1,4,86332,1,1,0,0,2,0,69,160,0,1,1,0,0,11,2010,12,2010,4,0,0,0,0,1,2,55,3,6,2,1,0,0,14,13,99,9,4,7,,,,1,1,,,,,,,,,,,,,,,,,,,,,,,,,2013
4077,2013040332,4,40332,1,1,1,28,6,0,30,38,0,1,0,4,2,7,482,7482,31,1999,3B7KC2665XM5,3,B,7,K,C,2,6,6,5,X,M,5,0,0,0,Not Applicable,Not Applicable,0,0,0,1,0,0,0,0,0,0,0,998,0,1,9,99,6,2,1,0,0,0,1,4,85607,6,1,0,0,3,0,71,180,0,0,0,1,0,9,2010,9,2010,4,58,0,0,0,1,2,65,3,1,2,1,0,0,14,13,1,9,4,7,,,,1,1,,,,,,,,,,,,,,,,,,,,,,,,,2013
4078,2013040333,4,40333,1,1,2,28,6,13,34,38,0,1,0,4,1,18,22,18022,4,2010,1G4GB5EG1AF3,1,G,4,G,B,5,E,G,1,A,F,3,0,0,0,Not Applicable,Not Applicable,0,0,0,1,0,0,0,0,0,0,0,998,0,0,0,12,6,2,35,0,0,0,1,4,85711,6,1,0,0,3,3,63,115,0,0,0,0,0,0,0,0,0,4,0,0,0,0,2,2,75,2,5,2,1,40,3,14,13,2,1,4,1,,,,1,0,,,,,,,,,,,,,,,,,,,,,,,,,2013
4079,2013040334,4,40334,1,1,1,28,6,20,42,8,0,1,0,4,1,21,23,21023,4,2001,1G3WH52H51F1,1,G,3,W,H,5,2,H,5,1,F,1,0,0,0,Not Applicable,Not Applicable,0,0,0,1,0,0,0,0,0,0,0,998,0,0,0,12,6,2,8,32,0,0,1,4,85712,6,1,0,0,3,3,66,195,0,0,0,1,0,10,2010,10,2010,0,0,0,0,0,2,3,40,1,1,2,1,0,0,1,80,4,1,1,13,,,,0,0,,,,,,,,,,,,,,,,,,,,,,,,,2013
4080,2013040335,4,40335,1,1,2,29,6,13,11,1,0,1,0,4,1,72,706,72706,80,2007,1HD1FR4137Y6,1,H,D,1,F,R,4,1,3,7,Y,6,0,0,0,Not Applicable,Not Applicable,0,0,0,1,0,0,0,0,0,0,0,65,0,0,0,0,6,2,1,0,0,0,1,4,85139,6,1,0,0,3,0,76,220,0,0,0,0,0,0,0,0,0,0,0,0,0,0,2,2,65,2,6,2,1,0,0,14,12,1,1,4,6,,,,1,0,,,,,,,,,,,,,,,,,,,,,,,,,2013
4081,2013040336,4,40336,1,2,2,30,6,2,30,12,2,1,0,4,2,20,4,20004,2,1991,1G1YY2380M51,1,G,1,Y,Y,2,3,8,0,M,5,1,0,0,0,Not Applicable,Not Applicable,0,0,0,1,0,0,0,0,0,0,0,50,0,0,0,12,6,2,12,0,0,0,1,4,85735,6,1,0,0,3,0,70,205,0,0,0,0,0,0,0,0,0,4,28,0,0,0,1,2,30,1,4,2,1,0,0,1,6,99,5,2,50,,,,2,1,,,,,,,,,,,,,,,,,,,,,,,,,2013
4082,2013040336,4,40336,2,2,2,30,6,2,30,12,2,1,0,4,1,37,31,37031,2,2001,1HGEM22991L0,1,H,G,E,M,2,2,9,9,1,L,0,0,0,0,Not Applicable,Not Applicable,0,0,0,1,0,0,0,0,0,0,0,30,0,0,0,12,6,2,12,0,0,0,1,4,85750,6,1,0,0,3,3,67,140,0,0,0,0,0,0,0,0,0,0,0,0,0,0,1,2,30,1,4,2,1,0,0,1,62,99,1,1,51,,,,0,0,,,,,,,,,,,,,,,,,,,,,,,,,2013
4083,2013040337,4,40337,1,1,1,4,6,4,30,59,0,1,0,4,1,52,46,52046,4,2009,JA3AU26U69U0,J,A,3,A,U,2,6,U,6,9,U,0,0,0,0,Not Applicable,Not Applicable,0,0,0,1,0,0,0,0,0,0,0,65,0,1,5,12,6,2,1,32,0,0,1,4,85282,6,1,0,0,3,0,78,265,0,0,0,0,0,0,0,0,0,0,0,0,0,0,3,6,65,1,3,2,1,0,0,1,9,1,9,4,2,,,,1,0,,,,,,,,,,,,,,,,,,,,,,,,,2013
4084,2013040338,4,40338,1,2,1,3,5,17,15,12,1,1,0,6,2,72,706,72706,80,2004,1HD1BWB324Y0,1,H,D,1,B,W,B,3,2,4,Y,0,0,0,0,Not Applicable,Not Applicable,0,0,0,1,0,0,0,0,0,0,0,30,0,0,0,12,6,9,12,0,0,0,1,6,92392,6,1,3,0,3,0,68,130,0,0,0,0,0,0,0,0,0,0,26,0,0,0,5,4,40,1,1,2,1,0,0,4,51,4,2,1,24,,,,1,1,,,,,,,,,,,,,,,,,,,,,,,,,2013
4085,2013040338,4,40338,2,2,1,3,5,17,15,12,1,1,0,4,1,72,706,72706,80,2006,1HD1FFW106Y6,1,H,D,1,F,F,W,1,0,6,Y,6,0,0,0,Not Applicable,Not Applicable,0,0,0,1,0,0,0,0,0,0,0,30,0,0,0,6,8,5,12,0,0,0,1,4,85303,6,1,0,0,3,0,68,170,0,0,0,0,0,0,0,0,0,0,0,0,0,0,5,4,40,1,1,2,1,0,0,11,53,1,1,1,26,,,,0,0,,,,,,,,,,,,,,,,,,,,,,,,,2013
4086,2013040339,4,40339,1,2,1,2,5,4,49,12,6,1,0,4,1,72,706,72706,80,2009,1HD1CZ3109K4,1,H,D,1,C,Z,3,1,0,9,K,4,0,0,0,Not Applicable,Not Applicable,0,0,0,1,0,0,0,0,0,0,0,70,0,0,0,1,6,2,12,0,0,0,1,4,85201,6,1,0,0,3,0,72,190,0,2,0,0,0,10,2012,1,2013,3,0,0,0,0,5,6,45,1,1,2,1,0,0,1,62,1,1,1,69,,,,1,0,,,,,,,,,,,,,,,,,,,,,,,,,2013
4087,2013040339,4,40339,2,2,2,2,5,4,49,12,6,1,0,4,1,18,20,18020,4,1996,2G4WF52K1T14,2,G,4,W,F,5,2,K,1,T,1,4,0,0,0,Not Applicable,Not Applicable,0,0,0,1,0,0,0,0,0,0,0,18,0,0,0,12,6,2,12,0,0,0,1,4,85037,6,1,0,0,3,1,67,160,0,0,0,0,0,0,0,0,0,0,0,0,0,0,5,6,45,1,1,2,1,0,0,11,15,1,1,1,68,,,,0,0,,,,,,,,,,,,,,,,,,,,,,,,,2013