index,accident_id,STATE,ST_CASE,VEH_NO,VE_FORMS,NUMOCCS,DAY,MONTH,HOUR,MINUTE,HARM_EV,MAN_COLL,UNITTYPE,HIT_RUN,REG_STAT,OWNER,MAKE,MODEL,MAK_MOD,BODY_TYP,MOD_YEAR,VIN,VIN_1,VIN_2,VIN_3,VIN_4,VIN_5,VIN_6,VIN_7,VIN_8,VIN_9,VIN_10,VIN_11,VIN_12,TOW_VEH,J_KNIFE,MCARR_I1,MCARR_I2,MCARR_ID,GVWR,V_CONFIG,CARGO_BT,HAZ_INV,HAZ_PLAC,HAZ_ID,HAZ_CNO,HAZ_REL,BUS_USE,SPEC_USE,EMER_USE,TRAV_SP,UNDERIDE,ROLLOVER,ROLINLOC,IMPACT1,DEFORMED,TOWED,M_HARM,VEH_SC1,VEH_SC2,FIRE_EXP,DR_PRES,L_STATE,DR_ZIP,L_STATUS,L_TYPE,CDL_STAT,L_ENDORS,L_COMPL,L_RESTRI,DR_HGT,DR_WGT,PREV_ACC,PREV_SUS,PREV_DWI,PREV_SPD,PREV_OTH,FIRST_MO,FIRST_YR,LAST_MO,LAST_YR,SPEEDREL,DR_SF1,DR_SF2,DR_SF3,DR_SF4,VTRAFWAY,VNUM_LAN,VSPD_LIM,VALIGN,VPROFILE,VPAVETYP,VSURCOND,VTRAFCON,VTCONT_F,P_CRASH1,P_CRASH2,P_CRASH3,PCRASH4,PCRASH5,ACC_TYPE,TRLR1VIN,TRLR2VIN,TRLR3VIN,DEATHS,DR_DRINK,VINTYPE,VINMAKE,VINA_MOD,VIN_BT,VINMODYR,VIN_LNGT,VIN_WGT,WGTCD_TR,WHLBS_LG,WHLBS_SH,SER_TR,FUELCODE,MCYCL_DS,CARBUR,CYLINDER,DISPLACE,MCYCL_CY,MCYCL_WT,TIRE_SZE,TON_RAT,TRK_WT,TRKWTVAR,VIN_REST,WHLDRWHL,Year
4289,2013040489,4,40489,1,1,1,27,7,2,12,8,0,1,1,99,9,99,999,99999,99,9999,Unknown,9,9,9,9,9,9,9,9,9,9,9,9,0,0,0,Not Applicable,Not Applicable,0,0,0,1,0,0,0,0,0,0,0,998,0,0,0,12,9,5,8,0,0,0,1,99,99999,9,9,99,0,9,9,999,999,99,99,99,99,99,99,9999,99,9999,9,99,99,99,99,1,2,98,1,1,8,1,0,0,1,82,99,9,9,13,,,,0,0,,,,,,,,,,,,,,,,,,,,,,,,,2013
4290,2013040490,4,40490,1,1,4,27,7,21,25,8,0,1,0,4,2,20,482,20482,31,2004,3GNEK12T94G1,3,G,N,E,K,1,2,T,9,4,G,1,0,0,0,Not Applicable,Not Applicable,0,0,0,1,0,0,0,0,0,0,0,40,0,0,0,12,2,5,8,0,0,0,1,4,85014,6,1,0,0,3,0,67,170,0,6,0,2,2,10,2010,7,2013,0,0,0,0,0,5,5,40,1,1,2,1,0,0,1,80,4,1,1,13,,,,0,0,,,,,,,,,,,,,,,,,,,,,,,,,2013
4291,2013040491,4,40491,1,2,1,29,7,4,12,12,2,1,0,4,1,49,32,49032,4,2005,1NXBR32E15Z4,1,N,X,B,R,3,2,E,1,5,Z,4,0,0,0,Not Applicable,Not Applicable,0,0,0,1,0,0,0,0,0,0,0,46,0,0,0,12,6,2,12,0,0,0,1,4,85043,6,1,0,0,3,0,63,160,0,0,0,0,0,0,0,0,0,0,28,0,0,0,5,5,40,1,1,2,1,0,0,1,10,1,1,2,50,,,,1,1,,,,,,,,,,,,,,,,,,,,,,,,,2013
4292,2013040491,4,40491,2,2,2,29,7,4,12,12,2,1,0,4,2,24,401,24401,14,2003,5GZCZ33D13S8,5,G,Z,C,Z,3,3,D,1,3,S,8,0,0,0,Not Applicable,Not Applicable,0,0,0,1,0,0,0,0,0,0,0,39,0,0,0,12,6,2,12,0,0,0,1,4,85017,6,1,0,0,3,0,71,150,0,0,0,0,0,0,0,0,0,0,0,0,0,0,5,5,40,1,1,2,1,0,0,1,62,8,1,3,51,,,,0,0,,,,,,,,,,,,,,,,,,,,,,,,,2013
4293,2013040492,4,40492,1,1,2,29,7,18,14,1,0,1,9,99,9,99,999,99999,99,9999,Unknown,9,9,9,9,9,9,9,9,9,9,9,9,0,0,0,Not Applicable,Not Applicable,0,0,0,1,0,0,0,0,0,0,0,999,0,1,9,0,9,9,1,0,0,0,1,99,99999,9,9,99,0,9,9,999,999,99,99,99,99,99,99,9999,99,9999,9,99,99,99,99,9,9,99,9,9,9,99,99,9,99,99,99,9,9,99,,,,1,0,,,,,,,,,,,,,,,,,,,,,,,,,2013
4294,2013040493,4,40493,1,1,3,30,7,3,14,1,0,1,9,4,9,20,443,20443,20,2001,1GNDX03E81D1,1,G,N,D,X,0,3,E,8,1,D,1,0,0,0,Not Applicable,Not Applicable,0,0,0,1,0,0,0,0,0,0,0,998,0,1,9,0,6,2,1,0,0,0,1,99,99999,9,9,99,0,9,9,999,999,99,99,99,99,99,99,9999,99,9999,5,99,99,99,99,8,8,98,8,8,5,98,0,0,99,6,99,9,9,99,,,,1,0,,,,,,,,,,,,,,,,,,,,,,,,,2013
4295,2013040494,4,40494,1,4,1,11,8,13,26,12,1,1,0,4,1,20,481,20481,31,2009,1GCEC14XX9Z1,1,G,C,E,C,1,4,X,X,9,Z,1,0,0,0,Not Applicable,Not Applicable,0,0,0,1,0,0,0,0,0,0,0,50,0,0,0,12,6,2,12,0,0,0,1,4,85206,6,1,3,0,3,3,72,180,0,5,0,0,0,3,2012,4,2013,4,91,0,0,0,5,6,40,1,1,2,1,2,3,1,50,1,1,1,20,,,,0,0,,,,,,,,,,,,,,,,,,,,,,,,,2013
4296,2013040494,4,40494,2,4,5,11,8,13,26,12,1,1,0,4,1,35,43,35043,4,2002,3N1AB51A72L7,3,N,1,A,B,5,1,A,7,2,L,7,0,0,0,Not Applicable,Not Applicable,0,0,0,1,0,0,0,0,0,0,0,0,0,0,0,6,6,2,12,0,0,0,1,4,85201,6,1,0,0,3,3,63,134,0,0,0,0,0,0,0,0,0,0,0,0,0,0,5,6,40,1,1,2,1,2,3,5,53,1,1,1,21,,,,1,0,,,,,,,,,,,,,,,,,,,,,,,,,2013
4297,2013040494,4,40494,3,4,4,11,8,13,26,12,1,1,0,4,1,23,422,23422,15,2004,3GKFK16Z54G2,3,G,K,F,K,1,6,Z,5,4,G,2,0,0,0,Not Applicable,Not Applicable,0,0,0,1,0,0,0,0,0,0,0,0,0,0,0,82,4,8,12,0,0,0,1,4,85008,6,1,0,0,3,0,70,175,1,5,0,1,0,11,2011,9,2012,0,0,0,0,0,5,6,40,1,1,2,1,2,3,5,61,1,1,1,98,,,,0,0,,,,,,,,,,,,,,,,,,,,,,,,,2013
4298,2013040494,4,40494,4,4,1,11,8,13,26,12,1,1,0,4,1,52,472,52472,31,2007,1Z7HC28K27S1,1,Z,7,H,C,2,8,K,2,7,S,1,0,0,0,Not Applicable,Not Applicable,0,0,0,1,0,0,0,0,0,0,0,40,0,0,0,83,4,8,12,0,0,0,1,4,85224,6,1,0,0,3,3,63,134,0,2,0,0,1,4,2012,10,2012,0,0,0,0,0,5,6,40,1,1,2,1,2,3,1,66,99,9,3,98,,,,0,0,,,,,,,,,,,,,,,,,,,,,,,,,2013
4299,2013040495,4,40495,1,1,2,26,8,20,52,33,0,1,0,32,4,7,26,7026,4,2013,1C3CDZAB6DN5,1,C,3,C,D,Z,A,B,6,D,N,5,0,0,0,Not Applicable,Not Applicable,0,0,0,1,0,0,0,0,0,0,0,55,0,0,0,12,6,2,30,0,0,1,1,4,85043,6,1,0,0,3,3,70,170,1,0,0,0,0,8,2013,8,2013,4,0,0,0,0,3,2,25,1,1,2,1,2,3,1,6,3,2,4,2,,,,1,1,,,,,,,,,,,,,,,,,,,,,,,,,2013
4300,2013040496,4,40496,1,4,1,18,7,15,38,12,1,1,0,4,3,20,481,20481,31,2007,1GCEC14X27Z6,1,G,C,E,C,1,4,X,2,7,Z,6,0,0,0,Not Applicable,Not Applicable,0,0,0,1,0,0,0,0,0,0,0,55,0,0,0,12,6,2,12,0,0,0,1,4,85048,6,1,0,0,3,0,74,140,0,0,0,0,0,0,0,0,0,4,0,0,0,0,3,6,65,1,1,2,1,0,0,1,50,4,9,1,20,,,,0,0,,,,,,,,,,,,,,,,,,,,,,,,,2013
4301,2013040496,4,40496,2,4,1,18,7,15,38,12,1,1,0,4,1,37,39,37039,5,2007,JHMGD386X7S0,J,H,M,G,D,3,8,6,X,7,S,0,0,0,0,Not Applicable,Not Applicable,0,0,0,1,0,0,0,0,0,0,0,0,0,0,0,6,6,2,12,0,0,0,1,4,85304,6,1,0,0,3,0,68,300,0,0,0,0,0,0,0,0,0,0,0,0,0,0,3,6,65,1,1,2,1,0,0,5,53,1,1,1,21,,,,1,1,,,,,,,,,,,,,,,,,,,,,,,,,2013
4302,2013040496,4,40496,3,4,1,18,7,15,38,12,1,1,0,4,1,37,32,37032,2,2003,1HGCM72283A0,1,H,G,C,M,7,2,2,8,3,A,0,0,0,0,Not Applicable,Not Applicable,0,0,0,1,0,0,0,0,0,0,0,0,0,0,0,6,6,2,12,0,0,0,1,4,85142,6,1,0,0,3,3,67,177,0,0,0,0,0,0,0,0,0,0,0,0,0,0,3,6,65,1,1,2,1,0,0,5,50,1,1,1,98,,,,0,0,,,,,,,,,,,,,,,,,,,,,,,,,2013
4303,2013040496,4,40496,4,4,1,18,7,15,38,12,1,1,0,4,1,37,421,37421,15,2003,2HKYF18553H5,2,H,K,Y,F,1,8,5,5,3,H,5,0,0,0,Not Applicable,Not Applicable,0,0,0,1,0,0,0,0,0,0,0,0,0,0,0,6,4,5,12,0,0,0,1,4,85048,6,1,0,0,3,0,63,145,0,0,0,0,0,0,0,0,0,0,0,0,0,0,3,6,65,1,1,2,1,0,0,5,50,1,1,1,98,,,,0,0,,,,,,,,,,,,,,,,,,,,,,,,,2013
4304,2013040497,4,40497,1,2,2,3,8,18,24,12,7,1,0,4,2,12,481,12481,31,2002,1FTNW21F72EA,1,F,T,N,W,2,1,F,7,2,E,A,0,0,0,Not Applicable,Not Applicable,0,0,0,1,0,0,0,0,0,0,0,998,0,1,3,63,6,2,1,0,0,0,1,4,85122,6,1,6,0,3,0,70,200,0,0,0,0,0,0,0,0,0,4,80,0,0,0,2,2,75,1,1,2,1,0,0,1,1,1,9,2,45,,,,1,0,,,,,,,,,,,,,,,,,,,,,,,,,2013
4305,2013040497,4,40497,2,2,1,3,8,18,24,12,7,1,0,4,1,20,16,20016,4,2004,1G1JC52F4473,1,G,1,J,C,5,2,F,4,4,7,3,0,0,0,Not Applicable,Not Applicable,0,0,0,1,0,0,0,0,0,0,0,998,0,0,0,82,6,2,12,0,0,0,1,4,85051,6,1,6,0,3,3,69,181,0,0,0,0,0,0,0,0,0,0,0,0,0,0,2,2,75,1,1,2,1,0,0,1,61,1,1,1,44,,,,0,0,,,,,,,,,,,,,,,,,,,,,,,,,2013
4306,2013040498,4,40498,1,2,2,15,8,18,45,12,6,1,0,92,0,99,998,99998,97,9999,Unknown,9,9,9,9,9,9,9,9,9,9,9,9,0,0,0,Not Applicable,Not Applicable,0,0,0,1,0,0,0,0,0,0,0,10,3,0,0,62,6,2,12,0,0,0,1,4,86426,6,1,0,0,3,3,69,150,0,0,0,1,0,11,2010,11,2010,0,89,39,0,0,1,2,25,1,1,2,1,20,3,1,17,1,1,1,89,,,,1,0,,,,,,,,,,,,,,,,,,,,,,,,,2013
4307,2013040498,4,40498,2,2,1,15,8,18,45,12,6,1,0,4,1,2,404,2404,14,2004,1J4GW58N34C2,1,J,4,G,W,5,8,N,3,4,C,2,0,0,0,Not Applicable,Not Applicable,0,0,0,1,0,0,0,0,0,0,0,25,0,0,0,12,4,5,12,0,0,0,1,4,86426,6,1,0,0,3,3,65,200,0,0,0,0,1,1,2011,1,2011,0,0,0,0,0,1,2,25,1,1,2,1,0,0,1,66,1,1,1,88,,,,0,0,,,,,,,,,,,,,,,,,,,,,,,,,2013
4308,2013040499,4,40499,1,1,1,19,8,17,27,9,0,1,0,4,1,12,481,12481,31,1994,1FTEF15N9RLB,1,F,T,E,F,1,5,N,9,R,L,B,0,0,0,Not Applicable,Not Applicable,0,0,0,1,0,0,0,0,0,0,0,40,0,0,0,12,4,5,9,0,0,0,1,4,85029,0,0,0,0,0,0,999,999,0,0,0,0,0,0,0,0,0,0,0,0,0,0,5,5,40,1,1,2,1,0,0,1,83,3,2,1,13,,,,0,0,,,,,,,,,,,,,,,,,,,,,,,,,2013
4309,2013040500,4,40500,1,2,1,1,8,8,12,12,6,1,0,4,2,35,421,35421,15,2010,5N1AA0ND1AN6,5,N,1,A,A,0,N,D,1,A,N,6,0,0,0,Not Applicable,Not Applicable,0,0,0,1,0,0,0,0,0,0,0,998,0,0,0,62,6,2,12,0,0,0,1,4,85085,6,1,0,0,3,0,75,185,0,0,0,0,0,0,0,0,0,0,38,0,0,0,1,2,25,1,1,2,1,20,3,11,15,1,1,1,82,,,,0,0,,,,,,,,,,,,,,,,,,,,,,,,,2013
4310,2013040500,4,40500,2,2,1,1,8,8,12,12,6,1,0,4,2,72,706,72706,80,2005,1HD1GMW115K3,1,H,D,1,G,M,W,1,1,5,K,3,0,0,0,Not Applicable,Not Applicable,0,0,0,1,0,0,0,0,0,0,0,998,0,0,0,12,6,2,12,0,0,0,1,4,85085,6,1,0,0,3,3,69,185,0,0,0,0,0,0,0,0,0,0,0,0,0,0,2,2,55,1,1,2,1,0,0,1,67,3,9,1,83,,,,1,0,,,,,,,,,,,,,,,,,,,,,,,,,2013
4311,2013040501,4,40501,1,3,1,31,8,13,17,12,6,1,0,4,2,49,402,49402,14,2010,JTMBF4DV4AD0,J,T,M,B,F,4,D,V,4,A,D,0,0,0,0,Not Applicable,Not Applicable,0,0,0,1,0,0,0,0,0,0,0,998,0,1,1,62,6,2,1,0,0,0,1,4,85743,6,1,0,0,3,0,67,107,0,0,0,0,0,0,0,0,0,0,38,0,0,0,1,2,25,1,1,2,1,20,3,11,15,1,1,1,82,,,,0,0,,,,,,,,,,,,,,,,,,,,,,,,,2013
4312,2013040501,4,40501,2,3,4,31,8,13,17,12,6,1,0,4,1,35,401,35401,14,2008,5N1AR18U98C6,5,N,1,A,R,1,8,U,9,8,C,6,0,0,0,Not Applicable,Not Applicable,0,0,0,1,0,0,0,0,0,0,0,998,0,0,0,12,6,2,12,0,0,0,1,4,85714,6,1,0,0,3,0,67,160,0,0,0,0,0,0,0,0,0,0,0,0,0,0,5,2,30,1,1,2,1,0,0,1,67,99,9,1,83,,,,1,0,,,,,,,,,,,,,,,,,,,,,,,,,2013
4313,2013040501,4,40501,3,3,1,31,8,13,17,12,6,1,0,4,1,35,472,35472,30,2012,1N6AD0FR6CC4,1,N,6,A,D,0,F,R,6,C,C,4,0,0,0,Not Applicable,Not Applicable,0,0,0,1,0,0,0,0,0,0,0,998,0,0,0,99,4,8,12,0,0,0,1,4,85743,6,1,0,0,3,0,64,170,0,0,0,1,0,7,2013,7,2013,0,0,0,0,0,5,2,30,1,1,2,1,0,0,1,62,99,9,1,98,,,,0,0,,,,,,,,,,,,,,,,,,,,,,,,,2013
4314,2013040502,4,40502,1,1,1,17,8,4,52,15,0,1,1,4,2,35,47,35047,4,2003,1N4AL11E33C2,1,N,4,A,L,1,1,E,3,3,C,2,0,0,0,Not Applicable,Not Applicable,0,0,0,1,0,0,0,0,0,0,0,40,0,0,0,12,4,5,15,0,0,0,1,4,85364,2,1,0,0,2,0,70,195,0,3,1,0,0,4,2012,7,2012,0,91,39,0,0,5,3,40,1,1,2,1,2,3,1,80,1,1,1,13,,,,0,0,,,,,,,,,,,,,,,,,,,,,,,,,2013
4315,2013040503,4,40503,1,2,2,1,9,20,35,12,6,1,0,4,2,22,18,22018,4,2005,1G2NE52E95M1,1,G,2,N,E,5,2,E,9,5,M,1,0,0,0,Not Applicable,Not Applicable,0,0,0,1,0,0,0,0,0,0,0,15,0,0,0,83,4,5,12,0,0,0,1,4,85713,6,1,0,0,3,0,63,120,0,0,0,0,0,0,0,0,0,0,48,0,0,0,2,3,40,1,1,2,1,0,0,12,19,1,1,1,98,,,,0,0,,,,,,,,,,,,,,,,,,,,,,,,,2013
4316,2013040503,4,40503,2,2,1,1,9,20,35,12,6,1,0,4,1,72,706,72706,80,2006,1HD1GP1126K3,1,H,D,1,G,P,1,1,2,6,K,3,0,0,0,Not Applicable,Not Applicable,0,0,0,1,0,0,0,0,0,0,0,35,0,0,0,12,4,3,12,0,0,0,1,4,85711,6,1,0,0,3,0,73,175,0,0,0,0,0,0,0,0,0,0,0,0,0,0,2,3,40,1,1,2,1,0,0,1,62,1,1,1,98,,,,1,1,,,,,,,,,,,,,,,,,,,,,,,,,2013
4317,2013040504,4,40504,1,1,1,1,9,23,41,35,0,1,0,4,1,20,471,20471,30,1989,1GCBS14Z7K21,1,G,C,B,S,1,4,Z,7,K,2,1,0,0,0,Not Applicable,Not Applicable,0,0,0,1,0,0,0,0,0,0,0,80,0,1,5,12,6,2,1,0,0,0,1,4,86413,6,1,0,0,3,0,67,165,0,0,0,0,0,0,0,0,0,4,0,0,0,0,1,2,45,3,1,2,1,0,0,14,11,99,4,4,7,,,,1,1,,,,,,,,,,,,,,,,,,,,,,,,,2013
4318,2013040505,4,40505,1,2,2,4,9,9,51,12,99,1,0,4,3,52,401,52401,14,2001,JA4MW51R31J0,J,A,4,M,W,5,1,R,3,1,J,0,0,0,0,Not Applicable,Not Applicable,0,0,0,1,0,0,0,0,0,0,0,50,0,1,1,99,6,2,2,0,0,1,1,4,85142,6,1,0,0,3,3,68,140,0,0,0,0,0,0,0,0,0,9,99,99,99,99,2,2,50,1,1,2,1,0,0,1,9,99,9,6,98,,,,2,0,,,,,,,,,,,,,,,,,,,,,,,,,2013
4319,2013040505,4,40505,2,2,2,4,9,9,51,12,99,1,0,53,1,42,48,42048,4,2008,WDBUF56X98B3,W,D,B,U,F,5,6,X,9,8,B,3,0,0,0,Not Applicable,Not Applicable,0,0,0,1,0,0,0,0,0,0,0,50,0,0,0,12,6,2,12,0,0,0,1,53,98548,6,1,0,0,3,0,67,174,0,0,0,0,0,0,0,0,0,0,0,0,0,0,2,2,50,1,1,2,1,0,0,1,62,99,9,1,98,,,,1,0,,,,,,,,,,,,,,,,,,,,,,,,,2013
4320,2013040506,4,40506,1,5,1,7,9,11,56,12,1,1,0,4,4,98,806,98806,62,2012,5PVNJ8JT7C4S,5,P,V,N,J,8,J,T,7,C,4,S,0,0,57,1412572,571412572,2,1,1,1,0,0,0,0,0,0,0,55,0,0,0,12,6,2,12,0,0,0,1,2,99833,6,1,0,0,2,0,71,200,0,0,0,0,3,9,2011,5,2013,4,0,0,0,0,2,2,75,1,1,2,1,0,0,1,59,1,1,1,33,,,,0,0,,,,,,,,,,,,,,,,,,,,,,,,,2013
4321,2013040506,4,40506,2,5,1,7,9,11,56,12,1,1,0,4,1,20,2,20002,4,2002,2G1WH55K0293,2,G,1,W,H,5,5,K,0,2,9,3,0,0,0,Not Applicable,Not Applicable,0,0,0,1,0,0,0,0,0,0,0,998,0,0,0,6,6,2,12,0,0,0,1,4,85050,6,1,0,0,3,0,63,125,0,0,0,0,0,0,0,0,0,0,0,0,0,0,2,2,75,1,1,2,1,0,0,99,53,1,1,1,33,,,,1,0,,,,,,,,,,,,,,,,,,,,,,,,,2013
4322,2013040506,4,40506,3,5,2,7,9,11,56,12,1,1,0,4,1,30,42,30042,3,2010,WVWBB7AJ9AW4,W,V,W,B,B,7,A,J,9,A,W,4,0,0,0,Not Applicable,Not Applicable,0,0,0,1,0,0,0,0,0,0,0,0,0,0,0,6,6,2,12,0,0,0,1,4,85304,6,1,0,0,3,3,72,175,0,0,0,0,0,0,0,0,0,0,0,0,0,0,2,2,75,1,1,2,1,0,0,5,53,1,1,1,98,,,,0,0,,,,,,,,,,,,,,,,,,,,,,,,,2013
4323,2013040506,4,40506,4,5,2,7,9,11,56,12,1,1,0,4,1,53,404,53404,14,2006,JS3TD9432641,J,S,3,T,D,9,4,3,2,6,4,1,0,0,0,Not Applicable,Not Applicable,0,0,0,1,0,0,0,0,0,0,0,998,0,0,0,6,6,2,12,0,0,0,1,4,86326,6,1,6,0,3,0,65,190,0,0,0,0,0,0,0,0,0,0,0,0,0,0,2,2,75,1,1,2,1,0,0,3,53,10,1,4,98,,,,0,0,,,,,,,,,,,,,,,,,,,,,,,,,2013
4324,2013040506,4,40506,5,5,3,7,9,11,56,12,1,1,0,4,2,36,38,36038,3,2012,3C3CFFBR8CT2,3,C,3,C,F,F,B,R,8,C,T,2,0,0,0,Not Applicable,Not Applicable,0,0,0,1,0,0,0,0,0,0,0,0,0,0,0,6,6,2,12,0,0,0,1,4,85243,6,1,0,0,3,3,68,150,0,0,0,0,0,0,0,0,0,0,0,0,0,0,2,2,75,1,1,2,1,0,0,5,53,1,1,1,98,,,,0,0,,,,,,,,,,,,,,,,,,,,,,,,,2013
4325,2013040507,4,40507,1,2,1,7,9,16,43,12,99,1,0,4,1,72,706,72706,80,1999,1HD1DJV19XY6,1,H,D,1,D,J,V,1,9,X,Y,6,0,0,0,Not Applicable,Not Applicable,0,0,0,1,0,0,0,0,0,0,0,998,0,0,0,99,6,2,12,0,0,0,1,4,85735,6,1,6,0,3,3,69,170,0,0,0,0,0,0,0,0,0,0,35,0,0,0,1,2,98,1,1,2,1,0,0,6,11,99,9,3,99,,,,0,1,,,,,,,,,,,,,,,,,,,,,,,,,2013
4326,2013040507,4,40507,2,2,1,7,9,16,43,12,99,1,0,4,2,76,706,76706,80,2004,JYAVP17E04A0,J,Y,A,V,P,1,7,E,0,4,A,0,0,0,0,Not Applicable,Not Applicable,0,0,0,1,0,0,0,0,0,0,0,998,0,0,0,99,6,2,12,0,0,0,1,4,85735,6,1,0,0,3,0,73,250,0,0,0,0,0,0,0,0,0,0,0,0,0,0,1,2,98,1,1,2,1,0,0,1,60,1,1,1,99,,,,1,0,,,,,,,,,,,,,,,,,,,,,,,,,2013
4327,2013040508,4,40508,1,2,1,7,9,19,13,12,6,1,0,4,1,37,706,37706,80,2002,JH2SC50022M0,J,H,2,S,C,5,0,0,2,2,M,0,0,0,0,Not Applicable,Not Applicable,0,0,0,1,0,0,0,0,0,0,0,998,0,0,0,12,6,2,12,0,0,0,1,4,85143,6,1,0,0,3,0,72,155,0,0,0,1,1,3,2011,9,2012,0,99,99,99,99,2,2,45,1,1,2,1,2,3,1,62,3,2,1,69,,,,1,0,,,,,,,,,,,,,,,,,,,,,,,,,2013
4328,2013040508,4,40508,2,2,3,7,9,19,13,12,6,1,0,4,1,37,441,37441,20,2004,5FNRL18654B0,5,F,N,R,L,1,8,6,5,4,B,0,0,0,0,Not Applicable,Not Applicable,0,0,0,1,0,0,0,0,0,0,0,10,0,0,0,83,6,2,12,0,0,0,1,4,85234,6,1,0,0,3,0,67,145,0,0,0,1,0,6,2011,6,2011,0,89,0,0,0,2,3,45,1,1,2,1,2,3,11,15,1,1,1,68,,,,0,0,,,,,,,,,,,,,,,,,,,,,,,,,2013
4329,2013040509,4,40509,1,1,1,6,9,23,34,42,0,1,0,4,1,2,404,2404,14,1988,1JCMT7849JT2,1,J,C,M,T,7,8,4,9,J,T,2,0,0,0,Not Applicable,Not Applicable,0,0,0,1,0,0,0,0,0,0,0,998,0,1,5,12,6,2,1,0,0,1,1,4,85390,6,1,0,0,3,0,62,250,0,5,1,0,1,8,2011,8,2013,4,99,99,99,99,1,2,65,1,1,2,1,0,0,1,13,1,1,4,1,,,,1,1,,,,,,,,,,,,,,,,,,,,,,,,,2013
4330,2013040510,4,40510,1,1,9,8,9,12,25,30,0,1,0,4,2,20,481,20481,31,2007,2GCEC13V3711,2,G,C,E,C,1,3,V,3,7,1,1,0,0,0,Not Applicable,Not Applicable,0,0,0,1,0,0,0,0,0,0,0,998,0,1,5,99,6,2,1,0,0,0,1,4,85033,6,1,3,0,3,0,66,150,0,0,0,0,0,0,0,0,0,0,85,0,0,0,6,2,65,2,1,2,2,0,0,14,13,7,9,4,3,,,,1,0,,,,,,,,,,,,,,,,,,,,,,,,,2013
4331,2013040511,4,40511,1,3,1,10,9,16,32,12,6,1,0,4,2,35,39,35039,4,1995,JN1CA21D7ST0,J,N,1,C,A,2,1,D,7,S,T,0,0,0,0,Not Applicable,Not Applicable,0,0,0,1,0,0,0,0,0,0,0,55,0,0,0,81,6,2,12,0,0,0,1,4,85208,6,1,0,0,3,0,68,195,0,0,0,0,0,0,0,0,0,0,28,58,0,0,1,2,55,3,1,2,1,40,3,14,9,6,4,2,64,,,,1,0,,,,,,,,,,,,,,,,,,,,,,,,,2013
4332,2013040511,4,40511,2,3,3,10,9,16,32,12,6,1,0,4,3,12,481,12481,31,2013,1FTFW1ET7DFA,1,F,T,F,W,1,E,T,7,D,F,A,0,0,0,Not Applicable,Not Applicable,0,0,0,1,0,0,0,0,0,0,0,55,0,0,0,12,6,2,12,0,0,0,1,4,85212,6,1,0,0,3,0,70,160,0,0,0,0,0,0,0,0,0,0,0,0,0,0,1,2,55,2,1,2,1,40,3,14,62,7,1,3,65,,,,1,0,,,,,,,,,,,,,,,,,,,,,,,,,2013
4333,2013040511,4,40511,3,3,1,10,9,16,32,12,6,1,0,4,3,20,481,20481,31,2011,1GC2CXCG7BZ3,1,G,C,2,C,X,C,G,7,B,Z,3,0,0,0,Not Applicable,Not Applicable,0,0,0,1,0,0,0,0,0,0,0,55,0,0,0,12,2,5,54,0,0,0,1,4,85029,6,1,0,0,3,0,75,275,0,0,0,1,0,11,2011,11,2011,0,0,0,0,0,1,2,55,2,1,2,1,40,3,14,62,6,1,2,98,,,,0,0,,,,,,,,,,,,,,,,,,,,,,,,,2013
4334,2013040513,4,40513,1,1,1,12,9,5,0,1,0,1,0,92,0,7,482,7482,31,1998,1B7MF336XWJ2,1,B,7,M,F,3,3,6,X,W,J,2,0,0,0,Not Applicable,Not Applicable,0,0,0,1,0,0,0,0,0,0,0,50,0,1,5,0,6,2,1,0,0,0,1,4,85365,0,0,0,0,0,0,70,210,0,0,0,1,0,7,2012,7,2012,0,0,0,0,0,1,2,65,1,1,4,1,0,0,1,12,1,1,4,6,,,,1,1,,,,,,,,,,,,,,,,,,,,,,,,,2013
4335,2013040516,4,40516,1,2,1,13,9,18,39,9,0,1,0,4,1,12,4,12004,2,1995,1FALP62W3SH1,1,F,A,L,P,6,2,W,3,S,H,1,0,0,0,Not Applicable,Not Applicable,0,0,0,1,0,0,0,0,0,0,0,55,0,0,0,12,2,5,9,0,0,0,1,4,86401,6,1,0,0,3,0,70,245,0,0,0,0,0,0,0,0,0,0,0,0,0,0,2,2,55,1,1,2,1,0,0,1,83,3,2,1,13,,,,0,0,,,,,,,,,,,,,,,,,,,,,,,,,2013
4336,2013040516,4,40516,2,2,1,13,9,18,39,9,0,1,0,4,2,35,471,35471,30,1992,1N6SD11S9NC3,1,N,6,S,D,1,1,S,9,N,C,3,0,0,0,Not Applicable,Not Applicable,0,0,0,1,0,0,0,0,0,0,0,55,0,0,0,12,4,5,9,0,0,0,1,4,86434,6,1,6,0,3,0,72,190,0,0,0,1,0,4,2013,4,2013,0,0,0,0,0,2,2,55,1,1,2,1,0,0,1,82,3,2,1,98,,,,0,0,,,,,,,,,,,,,,,,,,,,,,,,,2013
4337,2013040517,4,40517,1,1,1,13,9,19,8,8,0,1,1,99,9,99,999,99999,99,9999,Unknown,9,9,9,9,9,9,9,9,9,9,9,9,0,0,0,Not Applicable,Not Applicable,0,0,0,1,0,0,0,0,0,0,0,40,0,0,0,12,9,5,8,0,0,0,1,99,99999,9,9,99,0,9,9,999,999,99,99,99,99,99,99,9999,99,9999,9,99,99,99,99,2,3,40,2,9,2,1,0,0,14,80,99,9,3,13,,,,0,0,,,,,,,,,,,,,,,,,,,,,,,,,2013