index,accident_id,STATE,ST_CASE,VEH_NO,VE_FORMS,NUMOCCS,DAY,MONTH,HOUR,MINUTE,HARM_EV,MAN_COLL,UNITTYPE,HIT_RUN,REG_STAT,OWNER,MAKE,MODEL,MAK_MOD,BODY_TYP,MOD_YEAR,VIN,VIN_1,VIN_2,VIN_3,VIN_4,VIN_5,VIN_6,VIN_7,VIN_8,VIN_9,VIN_10,VIN_11,VIN_12,TOW_VEH,J_KNIFE,MCARR_I1,MCARR_I2,MCARR_ID,GVWR,V_CONFIG,CARGO_BT,HAZ_INV,HAZ_PLAC,HAZ_ID,HAZ_CNO,HAZ_REL,BUS_USE,SPEC_USE,EMER_USE,TRAV_SP,UNDERIDE,ROLLOVER,ROLINLOC,IMPACT1,DEFORMED,TOWED,M_HARM,VEH_SC1,VEH_SC2,FIRE_EXP,DR_PRES,L_STATE,DR_ZIP,L_STATUS,L_TYPE,CDL_STAT,L_ENDORS,L_COMPL,L_RESTRI,DR_HGT,DR_WGT,PREV_ACC,PREV_SUS,PREV_DWI,PREV_SPD,PREV_OTH,FIRST_MO,FIRST_YR,LAST_MO,LAST_YR,SPEEDREL,DR_SF1,DR_SF2,DR_SF3,DR_SF4,VTRAFWAY,VNUM_LAN,VSPD_LIM,VALIGN,VPROFILE,VPAVETYP,VSURCOND,VTRAFCON,VTCONT_F,P_CRASH1,P_CRASH2,P_CRASH3,PCRASH4,PCRASH5,ACC_TYPE,TRLR1VIN,TRLR2VIN,TRLR3VIN,DEATHS,DR_DRINK,VINTYPE,VINMAKE,VINA_MOD,VIN_BT,VINMODYR,VIN_LNGT,VIN_WGT,WGTCD_TR,WHLBS_LG,WHLBS_SH,SER_TR,FUELCODE,MCYCL_DS,CARBUR,CYLINDER,DISPLACE,MCYCL_CY,MCYCL_WT,TIRE_SZE,TON_RAT,TRK_WT,TRKWTVAR,VIN_REST,WHLDRWHL,Year
4389,2013040551,4,40551,2,2,3,3,8,15,34,12,6,1,0,4,2,7,482,7482,31,2002,3D7HA18N42G1,3,D,7,H,A,1,8,N,4,2,G,1,0,0,0,Not Applicable,Not Applicable,0,0,0,1,0,0,0,0,0,0,0,35,0,0,0,12,6,2,12,0,0,0,1,4,85041,6,1,6,0,3,0,70,300,0,0,0,0,0,0,0,0,0,0,0,0,0,0,2,2,35,1,1,2,1,2,3,1,66,1,1,1,88,,,,0,0,,,,,,,,,,,,,,,,,,,,,,,,,2013
4390,2013040552,4,40552,1,2,2,4,8,10,0,12,6,1,0,4,1,23,481,23481,31,2007,2GTEC19C1715,2,G,T,E,C,1,9,C,1,7,1,5,0,0,0,Not Applicable,Not Applicable,0,0,0,1,0,0,0,0,0,0,0,998,0,0,0,62,6,2,12,0,0,0,1,4,86031,6,1,0,0,3,3,70,175,0,0,0,0,0,0,0,0,0,0,39,0,0,0,1,2,98,1,1,2,1,20,3,1,17,1,1,1,89,,,,0,0,,,,,,,,,,,,,,,,,,,,,,,,,2013
4391,2013040552,4,40552,2,2,3,4,8,10,0,12,6,1,0,4,2,7,482,7482,31,2007,1D7HA18P67J5,1,D,7,H,A,1,8,P,6,7,J,5,0,0,0,Not Applicable,Not Applicable,0,0,0,1,0,0,0,0,0,0,0,998,0,0,0,12,6,2,12,0,0,0,1,4,86042,6,1,0,0,3,3,61,200,0,0,0,0,0,0,0,0,0,0,0,0,0,0,1,3,98,1,1,2,1,0,0,1,66,99,9,1,88,,,,1,0,,,,,,,,,,,,,,,,,,,,,,,,,2013
4392,2013040553,4,40553,1,1,1,4,8,11,55,33,0,1,0,4,1,72,706,72706,80,2011,1HD1LC310BC4,1,H,D,1,L,C,3,1,0,B,C,4,0,0,0,Not Applicable,Not Applicable,0,0,0,1,0,0,0,0,0,0,0,40,0,0,0,12,6,2,1,0,0,0,1,4,85225,6,1,0,0,2,0,66,180,0,0,0,2,0,5,2011,7,2011,4,0,0,0,0,1,2,25,1,1,2,1,0,0,1,13,1,1,4,1,,,,1,1,,,,,,,,,,,,,,,,,,,,,,,,,2013
4393,2013040554,4,40554,1,1,1,5,8,99,99,1,0,1,0,99,9,99,999,99999,99,9999,Unknown,9,9,9,9,9,9,9,9,9,9,9,9,0,0,0,Not Applicable,Not Applicable,0,0,0,1,0,0,0,0,0,0,0,999,0,9,9,0,9,9,1,0,0,0,1,4,86004,6,1,0,0,3,3,70,140,0,0,0,0,0,0,0,0,0,9,99,99,99,99,9,9,99,9,9,2,99,99,9,99,99,99,9,9,99,,,,1,0,,,,,,,,,,,,,,,,,,,,,,,,,2013
4394,2013040555,4,40555,1,2,7,5,8,7,4,12,6,1,0,4,2,7,442,7442,20,2000,1B4GP44G8YB5,1,B,4,G,P,4,4,G,8,Y,B,5,0,0,0,Not Applicable,Not Applicable,0,0,0,1,0,0,0,0,0,0,0,64,0,0,0,83,6,2,12,0,0,0,1,4,85339,0,0,0,0,0,0,61,160,0,0,0,0,0,0,0,0,0,4,58,34,28,0,1,2,45,1,1,2,1,0,0,6,6,1,4,6,66,,,,3,0,,,,,,,,,,,,,,,,,,,,,,,,,2013
4395,2013040555,4,40555,2,2,1,5,8,7,4,12,6,1,0,40,1,49,32,49032,4,2011,2T1BU4EEXBC5,2,T,1,B,U,4,E,E,X,B,C,5,0,0,0,Not Applicable,Not Applicable,0,0,0,1,0,0,0,0,0,0,0,52,0,0,0,12,6,2,12,0,0,0,1,40,74127,6,1,0,0,3,0,70,279,0,0,0,0,0,0,0,0,0,0,0,0,0,0,1,2,45,1,1,2,1,0,0,1,62,1,1,1,66,,,,1,0,,,,,,,,,,,,,,,,,,,,,,,,,2013
4396,2013040556,4,40556,1,2,3,6,8,15,22,12,2,1,0,4,2,7,26,7026,4,2008,1B3LC46KX8N5,1,B,3,L,C,4,6,K,X,8,N,5,0,0,0,Not Applicable,Not Applicable,0,0,0,1,0,0,0,0,0,0,0,45,0,0,0,12,6,2,12,0,0,0,1,4,85017,0,0,0,0,0,0,69,155,0,0,0,0,0,0,0,0,0,0,28,0,0,0,1,4,45,1,1,2,1,0,0,1,13,99,9,6,50,,,,1,0,,,,,,,,,,,,,,,,,,,,,,,,,2013
4397,2013040556,4,40556,2,2,1,6,8,15,22,12,2,1,0,4,1,12,481,12481,31,2002,1FTRW08L22KE,1,F,T,R,W,0,8,L,2,2,K,E,0,0,0,Not Applicable,Not Applicable,0,0,0,1,0,0,0,0,0,0,0,45,0,0,0,12,6,2,12,0,0,0,1,4,85338,6,1,0,0,3,0,71,190,0,2,1,0,0,9,2010,1,2011,0,0,0,0,0,1,4,45,1,1,2,1,0,0,1,60,99,9,1,51,,,,0,0,,,,,,,,,,,,,,,,,,,,,,,,,2013
4398,2013040557,4,40557,1,1,1,9,8,99,99,8,0,1,9,99,9,99,999,99999,99,9999,Unknown,9,9,9,9,9,9,9,9,9,9,9,9,0,0,0,Not Applicable,Not Applicable,0,0,0,1,0,0,0,0,0,0,0,999,0,0,0,12,9,9,8,0,0,0,1,99,99999,9,9,99,0,9,9,999,999,99,99,99,99,99,99,9999,99,9999,9,99,99,99,99,9,9,99,9,9,9,99,99,9,99,82,99,9,9,13,,,,0,0,,,,,,,,,,,,,,,,,,,,,,,,,2013
4399,2013040558,4,40558,1,1,9,10,8,23,48,1,0,1,0,92,0,98,998,98998,95,2001,1415071,1,4,1,5,0,7,1,,,,,,0,0,0,Not Applicable,Not Applicable,0,0,0,1,0,0,0,0,0,0,0,17,0,1,1,0,2,3,1,35,0,0,1,4,85143,0,0,0,0,0,0,999,999,0,0,0,0,0,0,0,0,0,4,21,39,6,91,1,2,35,1,1,2,1,0,0,10,6,1,1,1,98,,,,1,0,,,,,,,,,,,,,,,,,,,,,,,,,2013
4400,2013040559,4,40559,1,2,1,11,8,19,5,12,1,1,1,20,1,2,404,2404,14,2002,1J4GW58N92C1,1,J,4,G,W,5,8,N,9,2,C,1,0,0,0,Not Applicable,Not Applicable,0,0,0,1,0,0,0,0,0,0,0,999,0,0,0,12,6,2,12,0,0,0,1,4,85301,0,0,0,0,0,0,72,200,0,0,0,0,0,0,0,0,0,9,91,0,0,0,5,4,40,1,1,2,1,2,3,1,59,1,1,1,33,,,,0,1,,,,,,,,,,,,,,,,,,,,,,,,,2013
4401,2013040559,4,40559,2,2,1,11,8,19,5,12,1,1,0,6,2,73,706,73706,80,2003,JKAZRCA193A0,J,K,A,Z,R,C,A,1,9,3,A,0,0,0,0,Not Applicable,Not Applicable,0,0,0,1,0,0,0,0,0,0,0,999,0,0,0,6,6,2,12,0,0,0,1,4,85301,6,1,0,0,3,0,67,185,0,0,0,0,0,0,0,0,0,0,89,0,0,0,5,4,40,1,1,2,1,2,3,11,53,1,1,1,33,,,,1,0,,,,,,,,,,,,,,,,,,,,,,,,,2013
4402,2013040560,4,40560,1,1,1,13,8,19,46,1,0,1,0,99,9,99,999,99999,99,9999,Unknown,9,9,9,9,9,9,9,9,9,9,9,9,0,0,0,Not Applicable,Not Applicable,0,0,0,1,0,0,0,0,0,0,0,999,0,9,9,0,9,9,1,0,0,0,1,4,86040,6,1,0,0,3,3,71,275,0,4,0,0,2,3,2011,9,2011,9,99,99,99,99,9,9,99,9,9,9,99,99,9,99,99,99,9,9,99,,,,1,0,,,,,,,,,,,,,,,,,,,,,,,,,2013
4403,2013040561,4,40561,1,1,2,13,8,20,44,8,0,1,0,4,1,12,402,12402,14,2002,1FMYU04112KD,1,F,M,Y,U,0,4,1,1,2,K,D,0,0,0,Not Applicable,Not Applicable,0,0,0,1,0,0,0,0,0,0,0,40,0,0,0,12,2,5,8,0,0,0,1,4,85022,6,1,0,0,3,0,62,150,0,0,0,0,0,0,0,0,0,0,0,0,0,0,2,3,40,1,1,2,1,0,0,1,80,2,1,1,13,,,,0,0,,,,,,,,,,,,,,,,,,,,,,,,,2013
4404,2013040562,4,40562,1,1,1,15,8,19,50,8,0,1,0,99,9,99,999,99999,99,9999,Unknown,9,9,9,9,9,9,9,9,9,9,9,9,0,0,0,Not Applicable,Not Applicable,0,0,0,1,0,0,0,0,0,0,0,999,0,0,0,12,9,9,8,0,0,0,1,99,99999,9,9,99,0,9,9,999,999,99,99,99,99,99,99,9999,99,9999,9,99,99,99,99,5,4,99,1,1,2,99,0,0,99,80,99,9,9,13,,,,0,0,,,,,,,,,,,,,,,,,,,,,,,,,2013
4405,2013040563,4,40563,1,2,1,16,8,17,21,12,6,1,0,4,2,48,38,48038,6,2012,JF1GPAB68CG2,J,F,1,G,P,A,B,6,8,C,G,2,0,0,0,Not Applicable,Not Applicable,0,0,0,1,0,0,0,0,0,0,0,15,0,0,0,82,6,2,12,0,0,0,1,4,85331,6,1,0,0,3,3,72,150,0,0,0,0,0,0,0,0,0,0,48,0,0,0,2,2,45,1,8,2,1,0,0,11,15,1,1,1,68,,,,0,0,,,,,,,,,,,,,,,,,,,,,,,,,2013
4406,2013040563,4,40563,2,2,1,16,8,17,21,12,6,1,0,92,0,98,702,98702,81,2013,No VIN Required,0,0,0,0,0,0,0,0,0,0,0,0,0,0,0,Not Applicable,Not Applicable,0,0,0,1,0,0,0,0,0,0,0,31,0,0,0,12,6,2,12,0,0,0,1,4,85331,1,1,0,0,2,3,76,244,0,1,0,0,2,8,2010,10,2011,0,0,0,0,0,2,2,45,1,1,2,1,0,0,1,62,3,2,1,69,,,,1,0,,,,,,,,,,,,,,,,,,,,,,,,,2013
4407,2013040564,4,40564,1,1,1,16,8,20,1,8,0,1,0,4,1,12,481,12481,31,1993,1FTDF15R4PLA,1,F,T,D,F,1,5,R,4,P,L,A,0,0,0,Not Applicable,Not Applicable,0,0,0,1,0,0,0,0,0,0,0,43,0,0,0,12,6,2,8,0,0,0,1,4,85035,6,1,0,0,3,0,65,165,0,0,0,0,0,0,0,0,0,0,0,0,0,0,5,5,45,1,1,2,1,0,0,1,80,1,1,1,13,,,,0,1,,,,,,,,,,,,,,,,,,,,,,,,,2013
4408,2013040565,4,40565,1,1,1,17,8,3,53,33,0,1,0,4,1,12,481,12481,31,2000,3FTNW21S3YMA,3,F,T,N,W,2,1,S,3,Y,M,A,0,0,0,Not Applicable,Not Applicable,0,0,0,1,0,0,0,0,0,0,0,55,0,1,5,12,6,2,1,0,0,0,1,4,85086,6,1,0,0,3,0,64,160,0,0,0,0,1,7,2011,7,2011,4,0,0,0,0,2,2,45,1,1,2,1,0,0,1,12,1,1,4,6,,,,1,1,,,,,,,,,,,,,,,,,,,,,,,,,2013
4409,2013040566,4,40566,1,3,2,17,8,14,22,12,7,1,0,4,2,35,473,35473,31,2006,1N6BA07A76N5,1,N,6,B,A,0,7,A,7,6,N,5,0,0,0,Not Applicable,Not Applicable,0,0,0,1,0,0,0,0,0,0,0,77,0,0,0,62,6,2,12,0,0,0,1,4,85283,6,1,0,0,3,0,75,235,0,1,0,0,0,8,2012,8,2012,4,0,0,0,0,2,3,40,2,1,2,1,0,0,15,10,1,1,2,47,,,,2,0,,,,,,,,,,,,,,,,,,,,,,,,,2013
4410,2013040566,4,40566,2,3,1,17,8,14,22,12,7,1,0,47,4,49,46,49046,5,2013,JTDKN3DU0D55,J,T,D,K,N,3,D,U,0,D,5,5,0,0,0,Not Applicable,Not Applicable,0,0,0,1,0,0,0,0,0,0,0,35,0,0,0,83,6,2,12,36,0,0,1,97,0,9,9,99,0,9,9,999,999,99,99,99,99,99,99,9999,99,9999,0,0,0,0,0,2,3,40,2,1,2,1,0,0,14,61,1,1,1,45,,,,0,0,,,,,,,,,,,,,,,,,,,,,,,,,2013
4411,2013040566,4,40566,3,3,3,17,8,14,22,12,7,1,0,4,1,37,441,37441,20,2006,5FNRL38206B0,5,F,N,R,L,3,8,2,0,6,B,0,0,0,0,Not Applicable,Not Applicable,0,0,0,1,0,0,0,0,0,0,0,40,0,0,0,6,6,2,12,0,0,0,1,4,85248,6,1,0,0,3,3,64,130,0,0,0,0,0,0,0,0,0,0,0,0,0,0,2,3,40,2,1,2,1,0,0,14,53,1,1,1,98,,,,0,0,,,,,,,,,,,,,,,,,,,,,,,,,2013
4412,2013040567,4,40567,1,3,1,22,8,12,28,12,1,1,1,4,4,12,481,12481,31,2013,1FTNF1CF0DKD,1,F,T,N,F,1,C,F,0,D,K,D,0,0,0,Not Applicable,Not Applicable,0,0,0,1,0,0,0,0,0,0,0,54,0,0,0,12,6,2,12,0,0,0,1,4,85224,1,1,0,0,2,0,73,185,0,2,0,1,1,11,2010,7,2012,3,0,0,0,0,5,6,45,1,1,2,1,2,3,1,50,1,1,1,20,,,,0,0,,,,,,,,,,,,,,,,,,,,,,,,,2013
4413,2013040567,4,40567,2,3,2,22,8,12,28,12,1,1,0,4,2,23,481,23481,31,1999,1GTEK19M3XR5,1,G,T,E,K,1,9,M,3,X,R,5,0,0,0,Not Applicable,Not Applicable,0,0,0,1,0,0,0,0,0,0,0,0,0,0,0,6,6,2,12,0,0,0,1,4,85283,6,1,0,0,3,3,65,220,0,0,0,0,0,0,0,0,0,0,0,0,0,0,5,6,45,1,1,2,1,2,3,5,53,1,1,1,22,,,,1,0,,,,,,,,,,,,,,,,,,,,,,,,,2013
4414,2013040567,4,40567,3,3,2,22,8,12,28,12,1,1,0,4,1,18,2,18002,4,2003,1G4HP52KX3U1,1,G,4,H,P,5,2,K,X,3,U,1,0,0,0,Not Applicable,Not Applicable,0,0,0,1,0,0,0,0,0,0,0,40,0,0,0,9,6,2,12,0,0,0,1,4,85003,6,1,0,0,3,3,67,185,0,0,0,0,0,0,0,0,0,0,0,0,0,0,5,6,45,1,1,2,1,2,3,1,78,1,1,1,98,,,,0,0,,,,,,,,,,,,,,,,,,,,,,,,,2013
4415,2013040568,4,40568,1,1,1,23,8,22,42,8,0,1,0,51,1,37,32,37032,4,2013,1HGCR2F87DA1,1,H,G,C,R,2,F,8,7,D,A,1,0,0,0,Not Applicable,Not Applicable,0,0,0,1,0,0,0,0,0,0,0,35,0,0,0,12,4,3,8,0,0,0,1,51,20110,6,1,0,0,3,0,71,155,0,0,0,1,1,2,2012,5,2012,0,0,0,0,0,5,4,35,1,1,2,1,0,0,1,80,1,1,1,13,,,,0,0,,,,,,,,,,,,,,,,,,,,,,,,,2013
4416,2013040569,4,40569,1,2,1,24,8,18,8,12,6,1,0,4,1,37,706,37706,80,1984,1HFSC120XEA1,1,H,F,S,C,1,2,0,X,E,A,1,0,0,0,Not Applicable,Not Applicable,0,0,0,1,0,0,0,0,0,0,0,55,0,0,0,12,6,2,12,0,0,0,1,4,85048,6,1,0,0,3,0,72,160,0,0,0,1,0,9,2011,9,2011,4,0,0,0,0,5,5,45,1,1,2,1,0,0,99,62,6,1,2,69,,,,1,1,,,,,,,,,,,,,,,,,,,,,,,,,2013
4417,2013040569,4,40569,2,2,2,24,8,18,8,12,6,1,0,4,3,20,444,20444,20,2005,1GNDV23L75D2,1,G,N,D,V,2,3,L,7,5,D,2,0,0,0,Not Applicable,Not Applicable,0,0,0,1,0,0,0,0,0,0,0,15,0,0,0,83,6,2,12,32,0,0,1,4,85201,6,1,0,0,3,3,70,190,0,0,0,0,0,0,0,0,0,0,91,0,0,0,5,5,45,1,1,2,1,0,0,11,15,1,1,1,68,,,,0,0,,,,,,,,,,,,,,,,,,,,,,,,,2013
4418,2013040570,4,40570,1,2,1,25,8,4,28,12,2,1,0,4,1,24,1,24001,4,1999,1G8ZH5287XZ2,1,G,8,Z,H,5,2,8,7,X,Z,2,0,0,0,Not Applicable,Not Applicable,0,0,0,1,0,0,0,0,0,0,0,46,0,0,0,12,6,2,12,0,0,0,1,4,85006,6,1,0,0,3,0,67,160,0,0,0,0,0,0,0,0,0,0,28,91,0,0,5,5,40,1,1,2,1,0,0,1,10,1,1,2,50,,,,0,1,,,,,,,,,,,,,,,,,,,,,,,,,2013
4419,2013040570,4,40570,2,2,2,25,8,4,28,12,2,1,0,4,2,49,32,49032,4,2011,JTDBU4EE3BJ1,J,T,D,B,U,4,E,E,3,B,J,1,0,0,0,Not Applicable,Not Applicable,0,0,0,1,0,0,0,0,0,0,0,42,0,0,0,12,6,2,12,0,0,0,1,4,85032,6,1,0,0,3,0,67,125,0,0,0,0,0,0,0,0,0,0,0,0,0,0,5,5,40,1,1,2,1,0,0,1,62,1,1,1,51,,,,1,1,,,,,,,,,,,,,,,,,,,,,,,,,2013
4420,2013040571,4,40571,1,1,2,28,8,22,25,33,0,1,0,4,2,55,35,55035,4,2010,KMHDU4AD2AU1,K,M,H,D,U,4,A,D,2,A,U,1,0,0,0,Not Applicable,Not Applicable,0,0,0,1,0,0,0,0,0,0,0,32,0,0,0,12,6,2,30,0,0,0,1,4,85009,0,0,0,0,0,0,999,999,0,0,0,0,0,0,0,0,0,0,52,0,0,0,5,5,40,1,1,2,1,0,0,1,13,1,1,4,1,,,,1,0,,,,,,,,,,,,,,,,,,,,,,,,,2013
4421,2013040572,4,40572,1,2,1,29,8,13,1,12,6,1,0,4,2,7,24,7024,4,2006,2B3KA43G96H3,2,B,3,K,A,4,3,G,9,6,H,3,0,0,0,Not Applicable,Not Applicable,0,0,0,1,0,0,0,0,0,0,0,75,0,0,0,12,6,2,12,0,0,0,1,4,85353,3,1,0,0,2,0,67,195,0,1,1,1,0,6,2011,8,2013,0,91,39,0,0,5,5,40,1,1,2,1,2,3,1,17,1,1,1,83,,,,0,1,,,,,,,,,,,,,,,,,,,,,,,,,2013
4422,2013040572,4,40572,2,2,2,29,8,13,1,12,6,1,0,4,1,49,40,49040,4,1999,4T1BG22K2XU4,4,T,1,B,G,2,2,K,2,X,U,4,0,0,0,Not Applicable,Not Applicable,0,0,0,1,0,0,0,0,0,0,0,12,0,0,0,9,6,2,12,0,0,0,1,4,85035,6,1,0,0,3,0,66,190,0,0,0,0,0,0,0,0,0,0,0,0,0,0,5,5,40,1,1,2,1,2,3,11,66,1,1,1,82,,,,2,0,,,,,,,,,,,,,,,,,,,,,,,,,2013
4423,2013040573,4,40573,1,1,1,29,8,19,43,8,0,1,0,4,2,7,41,7041,4,1996,1B3HD46T6TF1,1,B,3,H,D,4,6,T,6,T,F,1,0,0,0,Not Applicable,Not Applicable,0,0,0,1,0,0,0,0,0,0,0,41,0,0,0,12,6,2,8,0,0,0,1,4,85392,6,1,0,0,3,0,77,250,0,0,0,0,0,0,0,0,0,0,0,0,0,0,5,4,40,1,1,2,1,0,0,1,80,1,1,1,13,,,,0,0,,,,,,,,,,,,,,,,,,,,,,,,,2013
4424,2013040574,4,40574,1,2,2,30,8,21,54,8,0,1,0,4,1,22,9,22009,3,2000,2G2FS22K4Y21,2,G,2,F,S,2,2,K,4,Y,2,1,0,0,0,Not Applicable,Not Applicable,0,0,0,1,0,0,0,0,0,0,0,39,0,0,0,12,4,3,8,0,0,0,1,4,85050,6,1,0,0,3,0,74,230,0,0,0,0,0,0,0,0,0,0,0,0,0,0,2,3,45,1,1,2,1,2,3,1,80,1,1,1,13,,,,0,0,,,,,,,,,,,,,,,,,,,,,,,,,2013
4425,2013040574,4,40574,2,2,1,30,8,21,54,8,0,1,1,99,9,99,999,99999,99,9999,Unknown,9,9,9,9,9,9,9,9,9,9,9,9,0,0,0,Not Applicable,Not Applicable,0,0,0,1,0,0,0,0,0,0,0,998,0,0,0,12,9,5,8,0,0,0,1,99,99999,9,9,99,0,9,9,999,999,99,99,99,99,99,99,9999,99,9999,9,99,99,99,99,2,3,45,1,1,2,1,2,3,99,80,99,9,9,98,,,,0,0,,,,,,,,,,,,,,,,,,,,,,,,,2013
4426,2013040575,4,40575,1,1,5,8,9,4,57,1,0,1,0,4,1,12,401,12401,14,2003,1FMZU70E03UB,1,F,M,Z,U,7,0,E,0,3,U,B,0,0,0,Not Applicable,Not Applicable,0,0,0,1,0,0,0,0,0,0,0,48,0,1,1,0,6,2,1,0,0,0,1,4,85040,6,1,0,0,3,0,69,160,0,1,0,0,1,1,2012,8,2012,4,0,0,0,0,2,3,35,1,1,2,1,0,0,1,9,99,4,2,98,,,,1,1,,,,,,,,,,,,,,,,,,,,,,,,,2013
4427,2013040576,4,40576,1,1,1,11,9,16,43,30,0,1,0,4,1,12,401,12401,14,1996,1FMDU35P5TZB,1,F,M,D,U,3,5,P,5,T,Z,B,0,0,0,Not Applicable,Not Applicable,0,0,0,1,0,0,0,0,0,0,0,35,0,0,0,12,6,2,30,0,0,0,1,4,85365,6,1,0,0,3,0,63,142,0,0,0,0,1,5,2013,5,2013,0,99,99,99,99,1,2,98,1,1,5,1,0,0,1,12,1,1,4,6,,,,1,0,,,,,,,,,,,,,,,,,,,,,,,,,2013
4428,2013040577,4,40577,1,1,1,21,9,13,25,41,0,1,0,4,1,72,706,72706,80,1977,9D35512H7,9,D,3,5,5,1,2,H,7,,,,0,0,0,Not Applicable,Not Applicable,0,0,0,1,0,0,0,0,0,0,0,999,0,0,0,12,6,2,1,0,0,0,1,4,85053,6,1,0,0,3,0,67,175,0,0,0,0,0,0,0,0,0,9,99,99,99,99,6,2,45,2,1,1,1,0,0,14,12,1,1,4,6,,,,1,0,,,,,,,,,,,,,,,,,,,,,,,,,2013
4429,2013040578,4,40578,1,2,1,21,9,17,49,12,1,1,0,4,1,53,706,53706,80,2005,JS1VS55A3521,J,S,1,V,S,5,5,A,3,5,2,1,0,0,0,Not Applicable,Not Applicable,0,0,0,1,0,0,0,0,0,0,0,45,0,0,0,12,6,2,12,0,0,0,1,4,85367,6,1,0,0,3,0,68,160,0,2,1,0,0,5,2012,10,2012,4,0,0,0,0,1,4,35,1,1,2,1,3,3,1,52,3,2,1,28,,,,1,1,,,,,,,,,,,,,,,,,,,,,,,,,2013
4430,2013040578,4,40578,2,2,2,21,9,17,49,12,1,1,0,4,2,54,31,54031,3,1991,JH4DA9355MS0,J,H,4,D,A,9,3,5,5,M,S,0,0,0,0,Not Applicable,Not Applicable,0,0,0,1,0,0,0,0,0,0,0,5,0,0,0,6,4,5,12,0,0,0,1,4,85350,6,1,0,0,3,3,66,175,0,1,0,1,0,4,2011,5,2012,0,0,0,0,0,1,4,35,1,1,2,1,3,3,2,53,1,1,1,29,,,,0,0,,,,,,,,,,,,,,,,,,,,,,,,,2013
4431,2013040579,4,40579,1,2,2,30,9,19,17,12,6,1,0,4,2,20,403,20403,14,2005,1GNDT13S0523,1,G,N,D,T,1,3,S,0,5,2,3,0,0,0,Not Applicable,Not Applicable,0,0,0,1,0,0,0,0,0,0,0,998,0,0,0,82,6,2,12,0,0,0,1,4,85345,0,0,0,0,0,0,59,120,0,0,0,0,0,0,0,0,0,0,99,99,99,99,2,2,40,1,1,2,1,2,3,11,15,1,1,1,68,,,,0,0,,,,,,,,,,,,,,,,,,,,,,,,,2013
4432,2013040579,4,40579,2,2,3,30,9,19,17,12,6,1,0,4,1,37,31,37031,3,1995,2HGEH2355SH5,2,H,G,E,H,2,3,5,5,S,H,5,0,0,0,Not Applicable,Not Applicable,0,0,0,1,0,0,0,0,0,0,0,998,0,0,0,12,6,2,12,0,0,0,1,4,85323,6,1,0,0,3,0,72,200,0,0,0,0,1,4,2013,4,2013,9,91,0,0,0,2,2,40,1,1,2,1,2,3,1,62,6,1,3,69,,,,1,0,,,,,,,,,,,,,,,,,,,,,,,,,2013
4433,2013040580,4,40580,1,3,1,28,7,8,41,12,1,1,0,4,1,41,51,41051,4,2013,JM1BL1TGXD17,J,M,1,B,L,1,T,G,X,D,1,7,0,0,0,Not Applicable,Not Applicable,0,0,0,1,0,0,0,0,0,0,0,77,0,0,0,12,6,2,12,0,0,0,1,4,86503,6,1,0,0,3,0,71,180,0,0,0,0,0,0,0,0,0,0,0,0,0,0,3,5,65,1,1,2,1,0,0,1,51,1,1,1,24,,,,0,1,,,,,,,,,,,,,,,,,,,,,,,,,2013
4434,2013040580,4,40580,2,3,2,28,7,8,41,12,1,1,0,53,2,7,472,7472,30,2006,1D7HE22K76S7,1,D,7,H,E,2,2,K,7,6,S,7,0,0,0,Not Applicable,Not Applicable,0,0,0,1,0,0,0,0,0,0,0,998,0,1,3,6,6,2,1,0,0,0,1,53,98032,6,1,0,0,3,3,69,240,0,0,0,0,0,0,0,0,0,0,0,0,0,0,3,5,65,1,1,2,1,0,0,1,53,1,1,1,25,,,,1,0,,,,,,,,,,,,,,,,,,,,,,,,,2013
4435,2013040580,4,40580,3,3,1,28,7,8,41,12,1,1,0,4,1,49,401,49401,14,2012,JTEBU5JR5C50,J,T,E,B,U,5,J,R,5,C,5,0,0,0,0,Not Applicable,Not Applicable,0,0,0,1,0,0,0,0,0,0,0,998,0,0,0,61,2,5,54,0,0,0,1,4,85345,6,1,0,0,3,3,62,248,0,0,0,0,0,0,0,0,0,0,89,0,0,0,3,5,65,1,1,2,1,0,0,1,62,2,1,1,98,,,,0,0,,,,,,,,,,,,,,,,,,,,,,,,,2013
4436,2013040581,4,40581,1,2,1,23,9,10,11,18,0,1,0,4,1,20,481,20481,31,2004,1GCHC23164F1,1,G,C,H,C,2,3,1,6,4,F,1,0,0,0,Not Applicable,Not Applicable,0,0,0,1,0,0,0,0,0,0,0,998,0,1,1,12,6,2,1,0,0,0,1,4,85643,6,1,3,0,3,0,70,238,0,2,0,2,0,5,2011,1,2013,0,0,0,0,0,2,3,75,1,1,2,1,0,0,1,12,1,1,4,6,,,,1,0,,,,,,,,,,,,,,,,,,,,,,,,,2013
4437,2013040581,4,40581,2,2,1,23,9,10,11,18,0,1,0,4,3,20,481,20481,31,2006,1GBHC24U96E2,1,G,B,H,C,2,4,U,9,6,E,2,0,0,0,Not Applicable,Not Applicable,0,0,0,1,0,0,0,0,0,0,0,998,0,0,0,12,6,2,12,0,0,0,1,4,85757,6,1,0,0,3,0,73,280,0,2,0,1,0,1,2011,9,2011,0,0,0,0,0,2,3,75,1,1,2,1,0,0,1,62,7,1,2,98,,,,0,0,,,,,,,,,,,,,,,,,,,,,,,,,2013
4438,2013040582,4,40582,1,1,1,5,9,5,31,9,0,1,0,4,2,37,402,37402,14,2007,JHLRE38777C0,J,H,L,R,E,3,8,7,7,7,C,0,0,0,0,Not Applicable,Not Applicable,0,0,0,1,0,0,0,0,0,0,0,40,0,0,0,12,6,2,9,0,0,0,1,4,85119,6,1,0,0,3,3,73,260,0,0,0,0,0,0,0,0,0,0,0,0,0,0,5,4,40,1,1,2,1,0,0,1,83,1,1,1,13,,,,0,0,,,,,,,,,,,,,,,,,,,,,,,,,2013