index,accident_id,STATE,ST_CASE,VEH_NO,VE_FORMS,NUMOCCS,DAY,MONTH,HOUR,MINUTE,HARM_EV,MAN_COLL,UNITTYPE,HIT_RUN,REG_STAT,OWNER,MAKE,MODEL,MAK_MOD,BODY_TYP,MOD_YEAR,VIN,VIN_1,VIN_2,VIN_3,VIN_4,VIN_5,VIN_6,VIN_7,VIN_8,VIN_9,VIN_10,VIN_11,VIN_12,TOW_VEH,J_KNIFE,MCARR_I1,MCARR_I2,MCARR_ID,GVWR,V_CONFIG,CARGO_BT,HAZ_INV,HAZ_PLAC,HAZ_ID,HAZ_CNO,HAZ_REL,BUS_USE,SPEC_USE,EMER_USE,TRAV_SP,UNDERIDE,ROLLOVER,ROLINLOC,IMPACT1,DEFORMED,TOWED,M_HARM,VEH_SC1,VEH_SC2,FIRE_EXP,DR_PRES,L_STATE,DR_ZIP,L_STATUS,L_TYPE,CDL_STAT,L_ENDORS,L_COMPL,L_RESTRI,DR_HGT,DR_WGT,PREV_ACC,PREV_SUS,PREV_DWI,PREV_SPD,PREV_OTH,FIRST_MO,FIRST_YR,LAST_MO,LAST_YR,SPEEDREL,DR_SF1,DR_SF2,DR_SF3,DR_SF4,VTRAFWAY,VNUM_LAN,VSPD_LIM,VALIGN,VPROFILE,VPAVETYP,VSURCOND,VTRAFCON,VTCONT_F,P_CRASH1,P_CRASH2,P_CRASH3,PCRASH4,PCRASH5,ACC_TYPE,TRLR1VIN,TRLR2VIN,TRLR3VIN,DEATHS,DR_DRINK,VINTYPE,VINMAKE,VINA_MOD,VIN_BT,VINMODYR,VIN_LNGT,VIN_WGT,WGTCD_TR,WHLBS_LG,WHLBS_SH,SER_TR,FUELCODE,MCYCL_DS,CARBUR,CYLINDER,DISPLACE,MCYCL_CY,MCYCL_WT,TIRE_SZE,TON_RAT,TRK_WT,TRKWTVAR,VIN_REST,WHLDRWHL,Year
4638,2013040721,4,40721,1,1,1,23,12,18,27,8,0,1,0,4,3,82,881,82881,66,2012,1FUJGLDR3CSB,1,F,U,J,G,L,D,R,3,C,S,B,1,1,57,053918,57053918,3,6,1,1,0,0,0,0,0,0,0,35,0,0,0,12,2,5,8,0,0,0,1,4,85272,6,1,6,0,3,0,67,180,0,0,0,0,1,11,2011,11,2011,0,0,0,0,0,2,2,35,1,1,2,1,0,0,1,80,1,1,1,13,,,,0,0,,,,,,,,,,,,,,,,,,,,,,,,,2013
4639,2013040722,4,40722,1,2,1,24,12,10,41,12,2,1,0,4,2,12,37,12037,4,2007,1FAFP34N57W1,1,F,A,F,P,3,4,N,5,7,W,1,0,0,0,Not Applicable,Not Applicable,0,0,0,1,0,0,0,0,0,0,0,998,0,0,0,12,6,2,12,0,0,0,1,4,86426,1,1,0,0,2,0,70,185,0,5,0,0,1,10,2011,11,2011,0,28,0,0,0,5,4,55,1,1,2,1,0,0,1,54,99,1,1,50,,,,1,0,,,,,,,,,,,,,,,,,,,,,,,,,2013
4640,2013040722,4,40722,2,2,3,24,12,10,41,12,2,1,0,4,1,12,481,12481,31,2014,1FTFX1CT5EKD,1,F,T,F,X,1,C,T,5,E,K,D,0,0,0,Not Applicable,Not Applicable,0,0,0,1,0,0,0,0,0,0,0,55,0,0,0,12,6,2,12,0,0,0,1,6,91744,6,1,0,0,3,0,67,170,0,0,0,0,0,0,0,0,0,0,0,0,0,0,5,4,55,1,1,2,1,0,0,1,54,99,1,1,51,,,,0,0,,,,,,,,,,,,,,,,,,,,,,,,,2013
4641,2013040723,4,40723,1,1,2,24,12,19,2,24,0,1,0,4,2,49,482,49482,31,2001,5TBRT341X1S1,5,T,B,R,T,3,4,1,X,1,S,1,0,0,0,Not Applicable,Not Applicable,0,0,0,1,0,0,0,0,0,0,0,998,0,1,6,12,6,2,1,0,0,0,1,4,85742,6,1,0,0,3,0,66,120,0,0,0,0,0,0,0,0,0,4,0,0,0,0,1,2,35,2,6,2,1,40,3,14,6,99,9,4,7,,,,1,0,,,,,,,,,,,,,,,,,,,,,,,,,2013
4642,2013040724,4,40724,1,1,1,28,12,23,47,33,0,1,0,4,2,41,37,41037,4,1999,1YVGF22C8X58,1,Y,V,G,F,2,2,C,8,X,5,8,0,0,0,Not Applicable,Not Applicable,0,0,0,1,0,0,0,0,0,0,0,40,0,1,5,12,6,2,1,0,0,0,1,4,85226,6,1,0,0,3,0,65,163,0,0,0,0,0,0,0,0,0,3,89,0,0,0,2,2,40,3,1,2,1,0,0,14,13,99,1,4,1,,,,1,1,,,,,,,,,,,,,,,,,,,,,,,,,2013
4643,2013040725,4,40725,1,1,1,30,12,16,3,24,0,1,0,4,1,72,706,72706,80,2011,1HD1JH534BB0,1,H,D,1,J,H,5,3,4,B,B,0,0,0,0,Not Applicable,Not Applicable,0,0,0,1,0,0,0,0,0,0,0,998,0,0,0,62,4,3,5,0,0,0,1,4,86426,6,1,0,0,3,3,68,185,0,0,0,0,0,0,0,0,0,4,89,0,0,0,6,2,65,2,6,2,1,0,0,14,12,4,9,4,10,,,,1,0,,,,,,,,,,,,,,,,,,,,,,,,,2013
4644,2013040726,4,40726,1,2,2,29,9,8,32,12,6,1,1,4,2,7,41,7041,4,2003,2B3HD46R93H5,2,B,3,H,D,4,6,R,9,3,H,5,0,0,0,Not Applicable,Not Applicable,0,0,0,1,0,0,0,0,0,0,0,15,0,0,0,62,6,2,2,0,0,1,1,4,85135,6,1,0,0,3,0,73,205,0,0,0,0,1,7,2011,7,2011,0,38,0,0,0,1,2,98,1,1,2,1,20,3,11,15,1,1,1,82,,,,0,0,,,,,,,,,,,,,,,,,,,,,,,,,2013
4645,2013040726,4,40726,2,2,2,29,9,8,32,12,6,1,0,4,4,72,706,72706,80,2013,1HD1BWV16DB0,1,H,D,1,B,W,V,1,6,D,B,0,0,0,0,Not Applicable,Not Applicable,0,0,0,1,0,0,0,0,0,0,0,65,0,0,0,12,6,2,2,0,0,1,1,4,85623,6,1,0,0,3,0,72,170,0,0,0,0,1,3,2011,3,2011,0,0,0,0,0,1,2,65,1,1,2,1,0,0,1,67,6,1,3,83,,,,2,0,,,,,,,,,,,,,,,,,,,,,,,,,2013
4646,2013040727,4,40727,1,1,2,1,11,22,18,9,0,1,0,4,2,20,422,20422,15,2007,3GNFC16057G2,3,G,N,F,C,1,6,0,5,7,G,2,0,0,0,Not Applicable,Not Applicable,0,0,0,1,0,0,0,0,0,0,0,10,0,0,0,12,6,2,9,0,0,0,1,4,85249,6,1,0,0,3,3,65,130,0,0,0,0,0,0,0,0,0,0,0,0,0,0,2,3,45,1,1,2,1,2,3,3,83,4,9,1,13,,,,0,0,,,,,,,,,,,,,,,,,,,,,,,,,2013
4647,2013040728,4,40728,1,2,6,28,11,12,54,12,6,1,0,53,1,12,481,12481,31,2003,1FTRX17L63NA,1,F,T,R,X,1,7,L,6,3,N,A,0,0,0,Not Applicable,Not Applicable,0,0,0,1,0,0,0,0,0,0,0,15,0,0,0,82,6,2,12,0,0,0,1,53,98607,6,1,0,0,3,0,64,170,0,0,0,0,0,0,0,0,0,0,38,0,0,0,2,3,45,1,1,2,1,2,3,11,15,1,1,1,68,,,,0,0,,,,,,,,,,,,,,,,,,,,,,,,,2013
4648,2013040728,4,40728,2,2,3,28,11,12,54,12,6,1,0,4,2,52,46,52046,4,2005,JA3AJ26E85U0,J,A,3,A,J,2,6,E,8,5,U,0,0,0,0,Not Applicable,Not Applicable,0,0,0,1,0,0,0,0,0,0,0,45,0,0,0,12,6,2,12,0,0,0,1,4,85382,6,1,0,0,3,3,68,182,0,0,0,0,0,0,0,0,0,0,39,0,0,0,2,3,45,1,1,2,1,2,3,1,62,3,2,1,69,,,,1,0,,,,,,,,,,,,,,,,,,,,,,,,,2013
4649,2013040729,4,40729,1,1,1,1,12,19,35,33,0,1,0,4,1,35,34,35034,3,1996,JN1RZ24D0TX6,J,N,1,R,Z,2,4,D,0,T,X,6,0,0,0,Not Applicable,Not Applicable,0,0,0,1,0,0,0,0,0,0,0,45,0,0,0,12,6,2,46,0,0,0,1,4,85207,6,1,0,0,3,0,70,170,0,0,0,0,0,0,0,0,0,4,0,0,0,0,5,4,45,1,1,2,1,0,0,1,9,1,9,4,2,,,,1,1,,,,,,,,,,,,,,,,,,,,,,,,,2013
4650,2013040730,4,40730,1,3,1,7,12,8,40,12,6,1,0,4,1,7,482,7482,31,1997,3B7HC13Z4VG7,3,B,7,H,C,1,3,Z,4,V,G,7,0,0,0,Not Applicable,Not Applicable,0,0,0,1,0,0,0,0,0,0,0,15,0,0,0,82,6,2,12,0,0,0,1,4,85032,6,1,0,0,3,0,60,200,0,0,0,0,0,0,0,0,0,0,38,0,0,0,2,3,45,1,1,2,1,2,3,11,15,1,1,1,68,,,,1,0,,,,,,,,,,,,,,,,,,,,,,,,,2013
4651,2013040730,4,40730,2,3,1,7,12,8,40,12,6,1,0,4,1,37,32,37032,9,2010,5J6TF1H55AL0,5,J,6,T,F,1,H,5,5,A,L,0,0,0,0,Not Applicable,Not Applicable,0,0,0,1,0,0,0,0,0,0,0,45,0,0,0,12,6,2,12,0,0,0,1,4,85023,6,1,0,0,3,0,67,200,0,0,0,0,0,0,0,0,0,0,0,0,0,0,2,3,35,1,1,2,1,2,3,1,62,4,9,1,69,,,,0,0,,,,,,,,,,,,,,,,,,,,,,,,,2013
4652,2013040730,4,40730,3,3,1,7,12,8,40,12,6,1,0,4,2,34,402,34402,14,2010,WBXPC9C48AWJ,W,B,X,P,C,9,C,4,8,A,W,J,0,0,0,Not Applicable,Not Applicable,0,0,0,1,0,0,0,0,0,0,0,0,0,0,0,12,6,2,12,0,0,0,1,4,85022,6,1,0,0,3,0,63,120,0,0,0,0,0,0,0,0,0,0,0,0,0,0,1,3,25,1,1,2,1,2,3,5,62,1,1,1,98,,,,0,0,,,,,,,,,,,,,,,,,,,,,,,,,2013
4653,2013040731,4,40731,1,1,1,10,11,6,0,8,0,1,0,4,2,23,481,23481,31,1999,1GTEC14V2XE8,1,G,T,E,C,1,4,V,2,X,E,8,0,0,0,Not Applicable,Not Applicable,0,0,0,1,0,0,0,0,0,0,0,998,0,0,0,12,8,8,8,0,0,0,1,4,85282,0,0,0,0,0,0,999,999,0,0,0,0,0,0,0,0,0,9,99,99,99,99,2,2,65,8,8,2,98,0,0,1,80,99,9,3,13,,,,0,0,,,,,,,,,,,,,,,,,,,,,,,,,2013
4654,2013040732,4,40732,1,1,1,7,3,99,99,8,0,1,0,4,2,7,472,7472,30,2005,1D7HE48N65S1,1,D,7,H,E,4,8,N,6,5,S,1,0,0,0,Not Applicable,Not Applicable,0,0,0,1,0,0,0,0,0,0,0,998,0,0,0,12,4,3,8,0,0,0,1,4,85015,6,1,0,0,3,0,60,175,0,0,0,0,0,0,0,0,0,0,0,0,0,0,6,1,55,1,1,2,1,0,0,1,80,1,1,1,13,,,,0,0,,,,,,,,,,,,,,,,,,,,,,,,,2013
4655,2013040733,4,40733,1,2,1,27,8,6,31,12,1,1,0,4,1,12,402,12402,14,2012,1FMCU0D70CKC,1,F,M,C,U,0,D,7,0,C,K,C,0,0,0,Not Applicable,Not Applicable,0,0,0,1,0,0,0,0,0,0,0,55,2,0,0,12,6,2,12,0,0,1,1,4,85118,6,1,0,0,3,0,73,175,0,0,0,0,0,0,0,0,0,0,0,0,0,0,2,2,55,1,1,2,1,3,3,1,51,1,1,1,24,,,,1,1,,,,,,,,,,,,,,,,,,,,,,,,,2013
4656,2013040733,4,40733,2,2,1,27,8,6,31,12,1,1,0,4,3,85,881,85881,66,1999,1XKDD09X9XR8,1,X,K,D,D,0,9,X,9,X,R,8,1,1,99,Unknown,Unknown,3,6,4,1,0,0,0,0,0,0,0,20,0,0,0,6,4,5,12,0,0,0,1,4,85215,6,1,6,0,3,3,70,195,0,0,0,0,0,0,0,0,0,0,0,0,0,0,2,2,55,1,1,2,1,3,3,4,53,1,1,1,25,,,,0,0,,,,,,,,,,,,,,,,,,,,,,,,,2013
4657,2013040735,4,40735,1,2,2,4,11,18,32,12,6,1,0,36,1,37,32,37032,4,1993,1HGCB7658PA1,1,H,G,C,B,7,6,5,8,P,A,1,0,0,0,Not Applicable,Not Applicable,0,0,0,1,0,0,0,0,0,0,0,0,0,0,0,83,6,2,12,0,0,0,1,36,12477,6,1,0,0,3,0,72,999,0,0,0,0,0,0,0,0,0,4,0,0,0,0,3,2,55,3,6,2,1,0,0,5,53,1,1,1,98,,,,1,0,,,,,,,,,,,,,,,,,,,,,,,,,2013
4658,2013040735,4,40735,2,2,2,4,11,18,32,12,6,1,0,6,4,55,401,55401,14,2012,5XYZG3AB3CG1,5,X,Y,Z,G,3,A,B,3,C,G,1,0,0,0,Not Applicable,Not Applicable,0,0,0,1,0,0,0,0,0,0,0,65,0,0,0,12,6,2,12,0,0,0,1,6,95992,6,1,0,0,3,3,68,170,0,0,0,0,0,0,0,0,0,4,84,0,0,0,3,2,55,3,6,2,1,0,0,14,50,1,1,1,98,,,,0,0,,,,,,,,,,,,,,,,,,,,,,,,,2013
4659,2013040737,4,40737,1,2,3,9,11,2,32,12,2,1,0,4,1,37,31,37031,4,2002,2HGES16502H5,2,H,G,E,S,1,6,5,0,2,H,5,0,0,0,Not Applicable,Not Applicable,0,0,0,1,0,0,0,0,0,0,0,65,0,0,0,12,6,2,12,0,0,0,1,4,85302,6,1,0,0,3,0,72,160,0,0,0,0,0,0,0,0,0,0,51,91,0,0,3,6,65,2,5,2,1,98,3,14,54,1,1,1,50,,,,0,1,,,,,,,,,,,,,,,,,,,,,,,,,2013
4660,2013040737,4,40737,2,2,2,9,11,2,32,12,2,1,0,4,2,72,706,72706,80,2004,1HD1FCW134Y6,1,H,D,1,F,C,W,1,3,4,Y,6,0,0,0,Not Applicable,Not Applicable,0,0,0,1,0,0,0,0,0,0,0,65,0,0,0,12,6,2,12,0,0,0,1,4,85936,6,1,0,0,3,0,67,300,0,0,0,0,0,0,0,0,0,0,0,0,0,0,3,6,65,3,6,2,1,0,0,14,54,1,1,1,51,,,,2,0,,,,,,,,,,,,,,,,,,,,,,,,,2013
4661,2013040738,4,40738,1,1,1,23,11,17,21,9,0,1,0,4,1,35,55,35055,5,2011,JN1AZ0CP3BT0,J,N,1,A,Z,0,C,P,3,B,T,0,0,0,0,Not Applicable,Not Applicable,0,0,0,1,0,0,0,0,0,0,0,998,0,0,0,12,6,2,9,36,0,0,1,4,85658,6,1,0,0,3,0,69,200,0,0,0,0,0,0,0,0,0,0,4,40,0,0,4,1,50,1,1,1,1,98,3,1,13,1,1,4,13,,,,0,0,,,,,,,,,,,,,,,,,,,,,,,,,2013
4662,2013040739,4,40739,1,1,1,24,11,12,8,1,0,1,0,4,1,13,1,13001,4,2004,1LNHM83W74Y6,1,L,N,H,M,8,3,W,7,4,Y,6,0,0,0,Not Applicable,Not Applicable,0,0,0,1,0,0,0,0,0,0,0,75,0,1,5,0,6,2,1,0,0,0,1,4,85373,6,1,0,0,3,0,66,125,0,0,0,0,0,0,0,0,0,0,0,0,0,0,2,2,75,1,1,2,1,0,0,1,12,7,5,4,2,,,,1,0,,,,,,,,,,,,,,,,,,,,,,,,,2013
4663,2013040740,4,40740,1,4,1,25,11,12,50,20,0,1,0,4,1,20,36,20036,2,2006,2G1WL15C8692,2,G,1,W,L,1,5,C,8,6,9,2,0,0,0,Not Applicable,Not Applicable,0,0,0,1,0,0,0,0,0,0,0,65,0,0,0,12,6,2,12,32,0,0,1,4,85233,6,1,0,0,3,3,62,135,0,0,0,0,0,0,0,0,0,0,0,0,0,0,6,2,65,1,1,2,1,0,0,1,12,1,1,4,6,,,,1,0,,,,,,,,,,,,,,,,,,,,,,,,,2013
4664,2013040740,4,40740,2,4,1,25,11,12,50,20,0,1,0,4,1,7,482,7482,31,2001,1B7HC16Y31S2,1,B,7,H,C,1,6,Y,3,1,S,2,0,0,0,Not Applicable,Not Applicable,0,0,0,1,0,0,0,0,0,0,0,65,0,0,0,63,6,2,12,0,0,0,1,4,85119,6,1,0,0,3,0,69,200,0,0,0,0,0,0,0,0,0,0,0,0,0,0,6,2,65,1,1,2,1,0,0,1,60,1,1,1,98,,,,0,0,,,,,,,,,,,,,,,,,,,,,,,,,2013
4665,2013040740,4,40740,3,4,2,25,11,12,50,20,0,1,0,4,4,12,401,12401,14,2013,1FM5K7F97DGB,1,F,M,5,K,7,F,9,7,D,G,B,0,0,0,Not Applicable,Not Applicable,0,0,0,1,0,0,0,0,0,0,0,65,0,0,0,12,6,2,12,0,0,0,1,4,85215,6,1,0,0,3,0,72,200,0,0,0,0,0,0,0,0,0,0,0,0,0,0,6,2,65,1,1,2,1,0,0,1,50,4,9,1,98,,,,0,0,,,,,,,,,,,,,,,,,,,,,,,,,2013
4666,2013040740,4,40740,4,4,1,25,11,12,50,20,0,1,0,48,1,20,421,20421,15,2003,1GNFK16Z93J3,1,G,N,F,K,1,6,Z,9,3,J,3,0,0,0,Not Applicable,Not Applicable,0,0,0,1,0,0,0,0,0,0,0,50,0,0,0,14,2,5,54,0,0,0,1,48,76048,6,1,0,0,3,0,999,999,0,0,0,0,0,0,0,0,0,0,0,0,0,0,6,2,65,1,1,2,1,0,0,1,90,1,1,1,98,,,,0,0,,,,,,,,,,,,,,,,,,,,,,,,,2013
4667,2013040741,4,40741,1,3,2,26,11,14,11,12,6,1,0,32,4,20,404,20404,14,2013,2GNFLGE31D62,2,G,N,F,L,G,E,3,1,D,6,2,0,0,0,Not Applicable,Not Applicable,0,0,0,1,0,0,0,0,0,0,0,999,0,0,0,12,6,2,12,0,0,0,1,52,801,9,9,99,0,9,9,999,999,99,99,99,99,99,99,9999,99,9999,0,28,0,0,0,1,2,65,1,1,2,1,0,0,1,10,1,1,2,64,,,,0,0,,,,,,,,,,,,,,,,,,,,,,,,,2013
4668,2013040741,4,40741,2,3,4,26,11,14,11,12,6,1,0,9,4,7,442,7442,20,2012,2C4RDGCG2CR3,2,C,4,R,D,G,C,G,2,C,R,3,0,0,0,Not Applicable,Not Applicable,0,0,0,1,0,0,0,0,0,0,0,999,0,0,0,12,6,2,12,0,0,0,1,48,75013,6,1,0,0,3,3,76,260,0,0,0,1,0,4,2012,4,2012,0,0,0,0,0,1,2,65,1,1,2,1,0,0,1,62,1,1,1,98,,,,3,0,,,,,,,,,,,,,,,,,,,,,,,,,2013
4669,2013040741,4,40741,3,3,2,26,11,14,11,12,6,1,0,4,1,37,403,37403,14,2005,5J6YH18675L0,5,J,6,Y,H,1,8,6,7,5,L,0,0,0,0,Not Applicable,Not Applicable,0,0,0,1,0,0,0,0,0,0,0,999,0,0,0,9,4,5,12,0,0,0,1,4,85142,6,1,0,0,3,0,74,250,0,0,0,0,0,0,0,0,0,0,0,0,0,0,1,2,65,1,1,2,1,0,0,1,62,9,3,9,65,,,,0,0,,,,,,,,,,,,,,,,,,,,,,,,,2013
4670,2013040742,4,40742,1,1,5,28,11,15,46,1,0,1,0,6,1,37,32,37032,4,2007,1HGCM56487A0,1,H,G,C,M,5,6,4,8,7,A,0,0,0,0,Not Applicable,Not Applicable,0,0,0,1,0,0,0,0,0,0,0,998,0,1,3,0,6,2,1,0,0,0,1,6,91320,6,1,0,0,3,0,67,156,0,0,0,0,0,0,0,0,0,4,99,99,99,99,2,2,75,2,1,2,1,0,0,14,12,99,4,4,7,,,,3,0,,,,,,,,,,,,,,,,,,,,,,,,,2013
4671,2013040743,4,40743,1,17,1,26,10,12,6,12,1,1,0,4,3,82,881,82881,63,2011,1FVACXDT2BDA,1,F,V,A,C,X,D,T,2,B,D,A,0,0,57,154364,57154364,3,2,1,1,0,0,0,0,0,0,0,999,0,0,0,82,6,8,12,0,0,0,1,4,85035,6,1,6,0,3,3,65,170,0,4,0,0,0,4,2011,4,2013,0,0,0,0,0,2,3,75,1,1,2,1,0,0,2,61,1,1,1,98,,,,0,0,,,,,,,,,,,,,,,,,,,,,,,,,2013
4672,2013040743,4,40743,2,17,1,26,10,12,6,12,1,1,0,4,3,87,881,87881,66,2004,2XPGDU9X34M8,2,X,P,G,D,U,9,X,3,4,M,8,1,1,57,770150,57770150,3,6,2,1,0,0,0,0,0,0,0,998,0,0,0,12,4,5,12,0,0,0,1,4,85382,6,1,6,0,3,0,77,235,0,0,0,0,0,0,0,0,0,4,0,0,0,0,2,3,75,1,1,2,1,0,0,1,50,7,1,3,32,,,,0,0,,,,,,,,,,,,,,,,,,,,,,,,,2013
4673,2013040743,4,40743,3,17,1,26,10,12,6,12,1,1,0,6,1,37,31,37031,4,2013,19XFB2F53DE2,1,9,X,F,B,2,F,5,3,D,E,2,0,0,0,Not Applicable,Not Applicable,0,0,0,1,0,0,0,0,0,0,0,0,0,0,0,6,6,2,12,0,0,0,1,28,39211,6,1,0,0,3,0,68,155,98,0,0,0,0,0,0,0,0,4,54,0,0,0,2,3,75,1,1,2,1,0,0,5,53,1,1,1,32,,,,0,0,,,,,,,,,,,,,,,,,,,,,,,,,2013
4674,2013040743,4,40743,4,17,1,26,10,12,6,12,1,1,0,4,3,85,881,85881,66,2003,1XKDAU8X93R3,1,X,K,D,A,U,8,X,9,3,R,3,2,1,57,0139548,570139548,3,7,4,2,2,3077,9,1,0,0,0,0,0,0,0,8,4,5,12,0,0,0,1,4,85326,6,1,6,1,3,0,70,195,0,0,0,0,0,0,0,0,0,0,0,0,0,0,2,3,75,1,1,2,1,0,0,5,60,1,1,4,98,,,,0,0,,,,,,,,,,,,,,,,,,,,,,,,,2013
4675,2013040743,4,40743,5,17,1,26,10,12,6,12,1,1,0,41,3,82,881,82881,66,2000,1FUYSSEB1YPB,1,F,U,Y,S,S,E,B,1,Y,P,B,1,3,57,1578798,571578798,3,6,1,1,0,0,0,0,0,0,0,999,0,0,0,12,6,2,12,0,0,0,1,41,97875,6,1,6,0,3,0,71,232,0,0,0,0,0,0,0,0,0,4,0,0,0,0,2,3,75,1,1,2,1,0,0,1,13,1,1,4,98,,,,0,0,,,,,,,,,,,,,,,,,,,,,,,,,2013
4676,2013040743,4,40743,6,17,1,26,10,12,6,12,1,1,0,27,1,82,850,82850,65,2010,4UZACJDT4ACA,4,U,Z,A,C,J,D,T,4,A,C,A,6,1,0,Not Applicable,Not Applicable,0,0,0,1,0,0,0,0,0,0,0,0,0,0,0,61,6,2,12,0,0,0,1,23,4072,6,1,6,0,3,3,65,150,0,0,0,0,0,0,0,0,0,0,0,0,0,0,2,3,75,1,1,2,1,0,0,5,13,1,1,5,98,,,,0,0,,,,,,,,,,,,,,,,,,,,,,,,,2013
4677,2013040743,4,40743,7,17,1,26,10,12,6,12,1,1,0,6,3,51,881,51881,66,2007,4V4NC9TG07N4,4,V,4,N,C,9,T,G,0,7,N,4,1,1,57,2347218,572347218,3,6,1,1,0,0,0,0,0,0,0,998,0,0,0,12,6,2,12,0,0,0,1,6,95937,6,1,6,0,3,0,68,240,0,0,0,0,1,6,2011,6,2011,4,0,0,0,0,2,3,75,1,1,2,1,0,0,1,13,1,1,1,98,,,,0,0,,,,,,,,,,,,,,,,,,,,,,,,,2013
4678,2013040743,4,40743,8,17,1,26,10,12,6,12,1,1,0,4,3,85,881,85881,66,2006,1XKDDU9X16R1,1,X,K,D,D,U,9,X,1,6,R,1,1,1,57,0446372,570446372,3,6,4,1,0,0,0,0,0,0,0,998,0,0,0,12,6,2,12,0,0,0,1,4,85629,6,1,6,0,3,0,71,185,0,0,0,0,0,0,0,0,0,4,0,0,0,0,2,3,75,1,1,2,1,0,0,1,50,1,1,1,98,,,,0,0,,,,,,,,,,,,,,,,,,,,,,,,,2013
4679,2013040743,4,40743,9,17,2,26,10,12,6,12,1,1,0,53,1,49,46,49046,5,2012,JTDKN3DU0C03,J,T,D,K,N,3,D,U,0,C,0,3,0,0,0,Not Applicable,Not Applicable,0,0,0,1,0,0,0,0,0,0,0,0,0,0,0,61,6,2,12,36,0,0,1,53,99021,6,1,0,0,3,3,71,185,0,0,0,0,0,0,0,0,0,0,0,0,0,0,2,3,75,1,1,2,1,0,0,5,13,1,1,5,98,,,,1,0,,,,,,,,,,,,,,,,,,,,,,,,,2013
4680,2013040743,4,40743,10,17,1,26,10,12,6,12,1,1,0,4,1,22,20,22020,4,2004,2G2WP5222411,2,G,2,W,P,5,2,2,2,4,1,1,0,0,0,Not Applicable,Not Applicable,0,0,0,1,0,0,0,0,0,0,0,998,0,0,0,6,6,2,12,0,0,0,1,4,85042,6,1,0,0,3,3,72,290,0,0,0,0,0,0,0,0,0,4,0,0,0,0,2,3,75,1,1,2,1,0,0,1,99,99,1,9,98,,,,0,0,,,,,,,,,,,,,,,,,,,,,,,,,2013
4681,2013040743,4,40743,11,17,1,26,10,12,6,12,1,1,0,12,3,84,881,84881,66,2001,2HSCNASR81C0,2,H,S,C,N,A,S,R,8,1,C,0,1,1,57,0399041,570399041,3,6,1,1,0,0,0,0,0,0,0,998,0,0,0,12,6,2,12,0,0,0,1,12,33880,6,1,6,0,3,3,71,999,1,0,0,1,0,2,2011,2,2013,4,0,0,0,0,2,3,75,1,1,2,1,0,0,1,99,99,9,9,98,,,,0,0,,,,,,,,,,,,,,,,,,,,,,,,,2013
4682,2013040743,4,40743,12,17,1,26,10,12,6,12,1,1,0,4,1,58,37,58037,4,2007,JNKBV61EX7M7,J,N,K,B,V,6,1,E,X,7,M,7,0,0,0,Not Applicable,Not Applicable,0,0,0,1,0,0,0,0,0,0,0,998,0,1,1,6,6,2,12,0,0,0,1,4,85748,6,1,0,0,3,0,72,185,0,0,0,0,0,0,0,0,0,4,0,0,0,0,2,3,75,1,1,2,1,0,0,1,99,1,1,3,98,,,,0,0,,,,,,,,,,,,,,,,,,,,,,,,,2013
4683,2013040743,4,40743,13,17,2,26,10,12,6,12,1,1,0,6,4,35,50,35050,4,2012,3N1CN7AP3CL9,3,N,1,C,N,7,A,P,3,C,L,9,0,0,0,Not Applicable,Not Applicable,0,0,0,1,0,0,0,0,0,0,0,998,0,0,0,6,6,2,12,0,0,0,1,6,92102,6,1,0,0,3,0,69,175,0,0,0,0,0,0,0,0,0,4,0,0,0,0,2,3,75,1,1,2,1,0,0,1,99,99,9,9,98,,,,0,0,,,,,,,,,,,,,,,,,,,,,,,,,2013
4684,2013040743,4,40743,14,17,2,26,10,12,6,12,1,1,0,4,1,55,35,55035,4,2013,KMHDH4AE5DU8,K,M,H,D,H,4,A,E,5,D,U,8,0,0,0,Not Applicable,Not Applicable,0,0,0,1,0,0,0,0,0,0,0,998,0,0,0,6,6,2,12,0,0,0,1,4,85017,6,1,0,0,3,0,64,200,0,0,0,0,0,0,0,0,0,4,0,0,0,0,2,3,75,1,1,2,1,0,0,1,99,99,9,9,98,,,,1,0,,,,,,,,,,,,,,,,,,,,,,,,,2013
4685,2013040743,4,40743,15,17,1,26,10,12,6,12,1,1,0,6,3,38,882,38882,61,2006,JALC4B166670,J,A,L,C,4,B,1,6,6,6,7,0,0,0,5,71288555,0571288555,2,1,1,1,0,0,0,0,0,0,0,999,0,0,0,6,6,2,12,0,0,0,1,4,85339,6,1,0,0,3,0,68,190,0,0,0,1,1,6,2013,8,2013,4,0,0,0,0,2,3,75,1,1,2,1,0,0,1,99,99,9,9,98,,,,0,0,,,,,,,,,,,,,,,,,,,,,,,,,2013
4686,2013040743,4,40743,16,17,1,26,10,12,6,12,1,1,0,19,3,82,881,82881,66,2010,1FUJGLBG2ALA,1,F,U,J,G,L,B,G,2,A,L,A,1,1,57,0517041,570517041,3,6,1,1,0,0,0,0,0,0,0,998,0,0,0,12,6,2,12,0,0,0,1,19,52581,6,1,6,0,3,0,71,270,0,0,0,0,0,0,0,0,0,4,0,0,0,0,2,3,75,1,1,2,1,0,0,1,99,99,9,9,98,,,,1,0,,,,,,,,,,,,,,,,,,,,,,,,,2013
4687,2013040743,4,40743,17,17,3,26,10,12,6,12,1,1,0,4,3,12,17,12017,4,1999,1FAFP53U5XG2,1,F,A,F,P,5,3,U,5,X,G,2,0,0,0,Not Applicable,Not Applicable,0,0,0,1,0,0,0,0,0,0,0,998,0,0,0,61,6,2,12,0,0,0,1,4,85306,6,1,0,0,3,0,76,220,0,0,0,0,0,0,0,0,0,4,0,0,0,0,2,3,75,1,1,2,1,0,0,2,99,99,9,9,98,,,,0,0,,,,,,,,,,,,,,,,,,,,,,,,,2013
4688,2013040744,4,40744,1,2,2,1,11,18,28,12,2,1,0,4,2,20,2,20002,4,2005,1G1ND52F05M1,1,G,1,N,D,5,2,F,0,5,M,1,0,0,0,Not Applicable,Not Applicable,0,0,0,1,0,0,0,0,0,0,0,65,0,0,0,12,6,2,12,0,0,0,1,4,85533,6,1,0,0,3,0,61,180,0,0,0,0,0,0,0,0,0,0,28,0,0,0,1,3,65,2,6,2,1,0,0,14,10,1,1,2,50,,,,2,0,,,,,,,,,,,,,,,,,,,,,,,,,2013