index,accident_id,STATE,ST_CASE,VEH_NO,VE_FORMS,NUMOCCS,DAY,MONTH,HOUR,MINUTE,HARM_EV,MAN_COLL,UNITTYPE,HIT_RUN,REG_STAT,OWNER,MAKE,MODEL,MAK_MOD,BODY_TYP,MOD_YEAR,VIN,VIN_1,VIN_2,VIN_3,VIN_4,VIN_5,VIN_6,VIN_7,VIN_8,VIN_9,VIN_10,VIN_11,VIN_12,TOW_VEH,J_KNIFE,MCARR_I1,MCARR_I2,MCARR_ID,GVWR,V_CONFIG,CARGO_BT,HAZ_INV,HAZ_PLAC,HAZ_ID,HAZ_CNO,HAZ_REL,BUS_USE,SPEC_USE,EMER_USE,TRAV_SP,UNDERIDE,ROLLOVER,ROLINLOC,IMPACT1,DEFORMED,TOWED,M_HARM,VEH_SC1,VEH_SC2,FIRE_EXP,DR_PRES,L_STATE,DR_ZIP,L_STATUS,L_TYPE,CDL_STAT,L_ENDORS,L_COMPL,L_RESTRI,DR_HGT,DR_WGT,PREV_ACC,PREV_SUS,PREV_DWI,PREV_SPD,PREV_OTH,FIRST_MO,FIRST_YR,LAST_MO,LAST_YR,SPEEDREL,DR_SF1,DR_SF2,DR_SF3,DR_SF4,VTRAFWAY,VNUM_LAN,VSPD_LIM,VALIGN,VPROFILE,VPAVETYP,VSURCOND,VTRAFCON,VTCONT_F,P_CRASH1,P_CRASH2,P_CRASH3,PCRASH4,PCRASH5,ACC_TYPE,TRLR1VIN,TRLR2VIN,TRLR3VIN,DEATHS,DR_DRINK,VINTYPE,VINMAKE,VINA_MOD,VIN_BT,VINMODYR,VIN_LNGT,VIN_WGT,WGTCD_TR,WHLBS_LG,WHLBS_SH,SER_TR,FUELCODE,MCYCL_DS,CARBUR,CYLINDER,DISPLACE,MCYCL_CY,MCYCL_WT,TIRE_SZE,TON_RAT,TRK_WT,TRKWTVAR,VIN_REST,WHLDRWHL,Year
4689,2013040744,4,40744,2,2,1,1,11,18,28,12,2,1,0,4,4,12,881,12881,61,2012,1FDUF5HT7CEC,1,F,D,U,F,5,H,T,7,C,E,C,0,0,99,Unknown,Unknown,2,1,98,1,0,0,0,0,0,0,0,65,0,0,0,12,6,2,12,0,0,0,1,4,85706,6,1,6,0,3,3,69,200,0,2,0,0,0,4,2013,5,2013,0,0,0,0,0,1,3,65,3,5,2,1,0,0,14,62,1,1,1,51,,,,0,0,,,,,,,,,,,,,,,,,,,,,,,,,2013
4690,2013040745,4,40745,1,1,2,1,11,99,99,5,0,1,9,99,9,99,998,99998,95,9999,Unknown,9,9,9,9,9,9,9,9,9,9,9,9,0,0,0,Not Applicable,Not Applicable,0,0,0,1,0,0,0,0,0,0,0,999,0,0,0,0,0,9,5,0,0,0,1,99,99999,9,9,99,0,9,9,999,999,99,99,99,99,99,99,9999,99,9999,9,99,99,99,99,9,9,99,9,9,9,99,99,9,99,98,99,9,9,0,,,,1,0,,,,,,,,,,,,,,,,,,,,,,,,,2013
4691,2013040746,4,40746,1,1,1,4,11,7,58,9,0,1,0,4,1,63,402,63402,14,2008,KNDJD7351858,K,N,D,J,D,7,3,5,1,8,5,8,0,0,0,Not Applicable,Not Applicable,0,0,0,1,0,0,0,0,0,0,0,20,0,0,0,12,2,5,9,0,0,0,1,4,85375,6,1,0,0,3,3,63,138,0,0,0,0,0,0,0,0,0,0,0,0,0,0,1,2,35,1,1,2,1,20,3,11,83,1,1,1,13,,,,0,0,,,,,,,,,,,,,,,,,,,,,,,,,2013
4692,2013040747,4,40747,1,1,2,7,11,7,51,8,0,1,0,2,1,23,481,23481,31,2011,1GTR2VE35BZ2,1,G,T,R,2,V,E,3,5,B,Z,2,0,0,0,Not Applicable,Not Applicable,0,0,0,1,0,0,0,0,0,0,0,45,0,0,0,12,2,5,8,0,0,0,1,2,99645,6,1,0,0,3,3,66,200,0,0,0,1,0,4,2011,4,2011,0,0,0,0,0,5,4,45,1,1,2,1,0,0,1,80,1,1,1,13,,,,0,0,,,,,,,,,,,,,,,,,,,,,,,,,2013
4693,2013040748,4,40748,1,2,1,8,11,6,35,12,6,1,0,4,1,71,706,71706,80,2013,ZDM1RARR1DB0,Z,D,M,1,R,A,R,R,1,D,B,0,0,0,0,Not Applicable,Not Applicable,0,0,0,1,0,0,0,0,0,0,0,75,0,0,0,12,6,2,12,0,0,0,1,4,85032,6,1,0,0,3,0,70,200,0,0,0,2,0,5,2012,3,2013,4,0,0,0,0,5,4,45,1,6,2,1,0,0,1,17,1,1,1,83,,,,1,0,,,,,,,,,,,,,,,,,,,,,,,,,2013
4694,2013040748,4,40748,2,2,1,8,11,6,35,12,6,1,0,4,3,98,884,98884,63,2011,5SXFNZCY3BR1,5,S,X,F,N,Z,C,Y,3,B,R,1,0,0,58,120022,58120022,3,2,7,1,0,0,0,0,0,0,0,13,0,0,0,61,2,3,12,0,0,0,1,4,85041,6,1,6,0,3,0,69,200,1,2,0,0,1,12,2012,10,2013,0,0,0,0,0,1,2,45,1,6,2,1,20,3,11,66,1,1,1,82,,,,0,0,,,,,,,,,,,,,,,,,,,,,,,,,2013
4695,2013040749,4,40749,1,2,1,8,11,16,16,1,0,1,0,4,1,20,22,20022,4,2009,1G1AS58HX971,1,G,1,A,S,5,8,H,X,9,7,1,0,0,0,Not Applicable,Not Applicable,0,0,0,1,0,0,0,0,0,0,0,22,0,0,0,81,6,9,12,0,0,0,1,4,85023,6,1,0,0,3,0,65,190,0,0,0,0,0,0,0,0,0,0,38,0,0,0,5,5,45,1,1,2,1,0,0,11,15,1,1,1,98,,,,0,0,,,,,,,,,,,,,,,,,,,,,,,,,2013
4696,2013040749,4,40749,2,2,1,8,11,16,16,1,0,1,0,4,2,72,706,72706,80,2007,1HD1CT31X7K4,1,H,D,1,C,T,3,1,X,7,K,4,0,0,0,Not Applicable,Not Applicable,0,0,0,1,0,0,0,0,0,0,0,51,0,0,0,0,6,2,1,0,0,0,1,4,85353,6,1,0,0,2,0,69,140,1,2,0,0,2,7,2011,11,2011,0,84,0,0,0,5,5,45,1,1,2,1,0,0,1,60,98,9,1,98,,,,1,0,,,,,,,,,,,,,,,,,,,,,,,,,2013
4697,2013040750,4,40750,1,5,1,13,11,19,35,12,6,1,0,4,1,85,884,85884,66,2000,1XKADB9X6YR8,1,X,K,A,D,B,9,X,6,Y,R,8,1,1,57,1715134,571715134,3,6,1,1,0,0,0,0,0,0,0,14,0,0,0,63,2,5,12,0,0,0,1,4,85033,6,1,6,0,3,0,68,195,0,0,0,0,1,6,2011,6,2011,0,91,39,47,0,0,0,0,0,0,0,0,28,3,11,15,1,1,1,82,,,,0,0,,,,,,,,,,,,,,,,,,,,,,,,,2013
4698,2013040750,4,40750,2,5,2,13,11,19,35,12,6,1,0,4,2,73,705,73705,80,2009,JKAZX4R189A0,J,K,A,Z,X,4,R,1,8,9,A,0,0,0,0,Not Applicable,Not Applicable,0,0,0,1,0,0,0,0,0,0,0,56,0,0,0,12,6,2,12,0,0,0,1,4,85338,6,1,0,0,2,0,70,200,0,0,0,0,0,0,0,0,0,0,0,0,0,0,5,4,50,1,1,2,1,0,0,1,72,3,2,1,83,,,,2,0,,,,,,,,,,,,,,,,,,,,,,,,,2013
4699,2013040750,4,40750,3,5,2,13,11,19,35,12,6,1,0,4,2,55,42,55042,3,2013,KMHTC6AD3DU0,K,M,H,T,C,6,A,D,3,D,U,0,0,0,0,Not Applicable,Not Applicable,0,0,0,1,0,0,0,0,0,0,0,50,0,0,0,12,6,2,54,0,0,0,1,4,85323,6,1,0,0,3,3,71,135,0,0,0,0,0,0,0,0,0,0,0,0,0,0,5,4,50,1,1,2,1,0,0,1,98,1,1,1,98,,,,0,0,,,,,,,,,,,,,,,,,,,,,,,,,2013
4700,2013040750,4,40750,4,5,1,13,11,19,35,12,6,1,0,4,1,35,43,35043,4,2007,3N1AB61E87L6,3,N,1,A,B,6,1,E,8,7,L,6,0,0,0,Not Applicable,Not Applicable,0,0,0,1,0,0,0,0,0,0,0,50,0,0,0,12,2,5,54,0,0,0,1,6,92277,6,1,8,0,3,0,70,200,0,0,0,2,0,11,2012,4,2013,0,0,0,0,0,5,4,50,1,1,2,1,0,0,1,98,1,1,1,98,,,,0,0,,,,,,,,,,,,,,,,,,,,,,,,,2013
4701,2013040750,4,40750,5,5,3,13,11,19,35,12,6,1,0,4,2,35,401,35401,14,2005,5N1AR18U65C7,5,N,1,A,R,1,8,U,6,5,C,7,0,0,0,Not Applicable,Not Applicable,0,0,0,1,0,0,0,0,0,0,0,45,0,0,0,12,0,5,54,0,0,0,1,4,85323,6,1,0,0,3,0,61,200,0,0,0,0,0,0,0,0,0,0,0,0,0,0,5,4,50,1,1,2,1,0,0,1,98,1,1,1,98,,,,0,0,,,,,,,,,,,,,,,,,,,,,,,,,2013
4702,2013040751,4,40751,1,1,1,14,11,6,40,9,0,1,0,4,1,35,43,35043,4,2011,3N1AB6AP8BL7,3,N,1,A,B,6,A,P,8,B,L,7,0,0,0,Not Applicable,Not Applicable,0,0,0,1,0,0,0,0,0,0,0,27,0,0,0,12,6,2,9,0,0,0,1,4,86314,6,1,0,0,3,0,68,125,0,0,0,0,0,0,0,0,0,0,0,0,0,0,2,2,40,1,1,2,1,40,3,1,83,1,1,1,13,,,,0,0,,,,,,,,,,,,,,,,,,,,,,,,,2013
4703,2013040752,4,40752,1,1,2,14,11,19,23,8,0,1,0,4,1,2,403,2403,14,2011,1J4BA3H10BL6,1,J,4,B,A,3,H,1,0,B,L,6,0,0,0,Not Applicable,Not Applicable,0,0,0,1,0,0,0,0,0,0,0,40,0,0,0,12,2,5,8,0,0,0,1,4,85345,6,1,6,0,3,0,69,160,0,2,0,0,0,2,2012,3,2012,0,0,0,0,0,5,5,40,1,1,2,1,0,0,1,80,1,1,1,13,,,,0,0,,,,,,,,,,,,,,,,,,,,,,,,,2013
4704,2013040753,4,40753,1,1,1,18,11,12,18,1,0,1,0,4,1,20,401,20401,14,2001,1GNCS13W21K2,1,G,N,C,S,1,3,W,2,1,K,2,0,0,0,Not Applicable,Not Applicable,0,0,0,1,0,0,0,0,0,0,0,999,0,1,5,0,6,2,1,0,0,0,1,4,85143,6,1,0,0,3,0,71,230,0,0,0,0,0,0,0,0,0,9,58,0,0,0,2,2,99,1,1,2,99,0,0,1,13,99,9,4,5,,,,1,0,,,,,,,,,,,,,,,,,,,,,,,,,2013
4705,2013040754,4,40754,1,2,1,18,11,18,15,8,0,1,0,4,1,20,473,20473,30,2006,1GCCS1363681,1,G,C,C,S,1,3,6,3,6,8,1,0,0,0,Not Applicable,Not Applicable,0,0,0,1,0,0,0,0,0,0,0,998,0,0,0,12,4,5,8,0,0,0,1,4,85301,6,1,0,0,3,1,67,200,0,0,0,0,0,0,0,0,0,0,0,0,0,0,5,5,40,1,1,2,1,0,0,1,80,3,2,1,13,,,,0,0,,,,,,,,,,,,,,,,,,,,,,,,,2013
4706,2013040754,4,40754,2,2,1,18,11,18,15,8,0,1,0,4,1,55,33,55033,4,2005,KMHWF25H05A0,K,M,H,W,F,2,5,H,0,5,A,0,0,0,0,Not Applicable,Not Applicable,0,0,0,1,0,0,0,0,0,0,0,998,0,0,0,12,8,5,12,0,0,0,1,4,85301,6,1,0,0,3,1,68,190,0,0,0,0,0,0,0,0,0,0,0,0,0,0,5,5,40,1,1,2,1,0,0,1,52,3,2,1,98,,,,0,0,,,,,,,,,,,,,,,,,,,,,,,,,2013
4707,2013040755,4,40755,1,1,5,19,11,16,2,1,0,1,0,4,2,20,431,20431,16,1995,3GNEC16K9SG1,3,G,N,E,C,1,6,K,9,S,G,1,0,0,0,Not Applicable,Not Applicable,0,0,0,1,0,0,0,0,0,0,0,48,0,1,5,0,6,2,1,0,0,0,1,4,85142,6,1,0,0,3,3,65,180,0,10,0,1,2,12,2011,1,2013,4,58,91,0,0,1,2,35,3,8,2,1,0,0,14,6,6,3,4,2,,,,1,0,,,,,,,,,,,,,,,,,,,,,,,,,2013
4708,2013040756,4,40756,1,3,1,23,11,18,40,12,2,1,0,4,1,12,422,12422,15,1999,1FMRU1762XLA,1,F,M,R,U,1,7,6,2,X,L,A,0,0,0,Not Applicable,Not Applicable,0,0,0,1,0,0,0,0,0,0,0,50,0,0,0,12,6,2,12,0,0,0,1,4,85353,6,1,0,0,3,0,66,178,0,0,0,0,0,0,0,0,0,0,28,0,0,0,5,4,45,1,1,2,2,0,0,1,10,1,1,2,50,,,,1,1,,,,,,,,,,,,,,,,,,,,,,,,,2013
4709,2013040756,4,40756,2,3,1,23,11,18,40,12,2,1,0,4,1,20,421,20421,15,2002,1GNEC13V62R2,1,G,N,E,C,1,3,V,6,2,R,2,0,0,0,Not Applicable,Not Applicable,0,0,0,1,0,0,0,0,0,0,0,50,0,0,0,12,6,2,12,0,0,0,1,4,85338,6,1,0,0,3,3,64,215,0,0,0,0,0,0,0,0,0,0,0,0,0,0,5,4,45,1,1,2,2,0,0,1,62,1,1,1,51,,,,1,0,,,,,,,,,,,,,,,,,,,,,,,,,2013
4710,2013040756,4,40756,3,3,1,23,11,18,40,12,2,1,0,4,2,35,43,35043,4,2009,3N1AB61E69L6,3,N,1,A,B,6,1,E,6,9,L,6,0,0,0,Not Applicable,Not Applicable,0,0,0,1,0,0,0,0,0,0,0,50,0,0,0,12,6,2,12,0,0,0,1,4,85353,6,1,0,0,3,0,66,156,0,0,0,0,0,0,0,0,0,0,0,0,0,0,5,4,45,1,1,2,2,0,0,1,51,1,1,1,98,,,,0,0,,,,,,,,,,,,,,,,,,,,,,,,,2013
4711,2013040757,4,40757,1,2,1,24,11,2,56,12,6,1,0,4,1,34,35,34035,4,2006,WBANE53536CK,W,B,A,N,E,5,3,5,3,6,C,K,0,0,0,Not Applicable,Not Applicable,0,0,0,1,0,0,0,0,0,0,0,998,0,0,0,12,6,2,12,0,0,0,1,4,85304,6,1,0,0,3,0,69,160,0,1,0,1,0,9,2011,10,2011,4,39,0,0,0,2,2,40,1,1,8,2,2,3,1,17,1,1,1,88,,,,0,1,,,,,,,,,,,,,,,,,,,,,,,,,2013
4712,2013040757,4,40757,2,2,1,24,11,2,56,12,6,1,0,4,2,37,32,37032,4,1996,1HGCD5631TA2,1,H,G,C,D,5,6,3,1,T,A,2,0,0,0,Not Applicable,Not Applicable,0,0,0,1,0,0,0,0,0,0,0,998,0,0,0,61,6,2,12,0,0,0,1,4,85033,6,1,0,0,3,0,67,150,0,0,0,0,0,0,0,0,0,0,0,0,0,0,2,3,35,1,1,8,2,2,3,1,66,1,1,1,89,,,,1,0,,,,,,,,,,,,,,,,,,,,,,,,,2013
4713,2013040758,4,40758,1,1,2,24,11,3,21,30,0,1,0,4,2,59,35,59035,4,2001,JTHBD1827100,J,T,H,B,D,1,8,2,7,1,0,0,0,0,0,Not Applicable,Not Applicable,0,0,0,1,0,0,0,0,0,0,0,90,0,0,0,4,6,2,30,0,0,0,1,4,85035,6,1,0,0,3,3,63,120,0,2,0,2,0,11,2011,2,2012,5,0,0,0,0,1,2,45,1,1,2,2,0,0,1,9,7,4,4,2,,,,2,1,,,,,,,,,,,,,,,,,,,,,,,,,2013
4714,2013040759,4,40759,1,3,1,26,11,7,43,12,2,1,0,4,2,18,2,18002,4,1999,1G4HP52K0XH4,1,G,4,H,P,5,2,K,0,X,H,4,0,0,0,Not Applicable,Not Applicable,0,0,0,1,0,0,0,0,0,0,0,41,0,0,0,12,6,2,12,0,0,0,1,4,85001,0,0,0,0,0,0,70,240,0,0,0,0,0,0,0,0,0,4,28,0,0,0,5,5,40,1,1,2,1,0,0,1,10,1,1,1,50,,,,1,0,,,,,,,,,,,,,,,,,,,,,,,,,2013
4715,2013040759,4,40759,2,3,1,26,11,7,43,12,2,1,0,4,1,48,34,48034,4,2000,4S3BH6654Y66,4,S,3,B,H,6,6,5,4,Y,6,6,0,0,0,Not Applicable,Not Applicable,0,0,0,1,0,0,0,0,0,0,0,31,0,0,0,12,6,2,12,0,0,0,1,4,85340,6,1,0,0,3,0,70,290,0,0,0,0,0,0,0,0,0,0,0,0,0,0,5,5,40,1,1,2,1,0,0,1,62,1,1,1,51,,,,0,0,,,,,,,,,,,,,,,,,,,,,,,,,2013
4716,2013040759,4,40759,3,3,2,26,11,7,43,12,2,1,0,4,1,55,33,55033,4,2000,KMHWF35VXYA3,K,M,H,W,F,3,5,V,X,Y,A,3,0,0,0,Not Applicable,Not Applicable,0,0,0,1,0,0,0,0,0,0,0,39,0,0,0,12,6,2,12,0,0,0,1,4,85033,6,1,0,0,3,3,61,100,0,0,0,0,0,0,0,0,0,0,0,0,0,0,5,5,40,1,1,2,1,0,0,1,62,8,2,2,98,,,,0,0,,,,,,,,,,,,,,,,,,,,,,,,,2013
4717,2013040760,4,40760,1,1,1,29,11,21,10,9,0,1,0,4,1,20,471,20471,30,1983,1GCCS14B8D81,1,G,C,C,S,1,4,B,8,D,8,1,0,0,0,Not Applicable,Not Applicable,0,0,0,1,0,0,0,0,0,0,0,39,0,0,0,12,2,5,9,0,0,0,1,55,54220,6,1,0,0,3,3,70,200,0,1,0,0,0,4,2013,4,2013,0,0,0,0,0,2,3,40,1,1,2,1,2,3,1,83,1,1,1,13,,,,0,0,,,,,,,,,,,,,,,,,,,,,,,,,2013
4718,2013040763,4,40763,1,1,2,30,11,20,11,8,0,1,0,4,2,49,40,49040,4,2007,4T1BE46K97U1,4,T,1,B,E,4,6,K,9,7,U,1,0,0,0,Not Applicable,Not Applicable,0,0,0,1,0,0,0,0,0,0,0,33,0,0,0,12,6,9,8,0,0,0,1,4,85015,6,1,0,0,3,0,65,164,0,0,0,0,0,0,0,0,0,0,0,0,0,0,5,5,40,1,1,2,1,0,0,1,80,1,1,1,13,,,,0,0,,,,,,,,,,,,,,,,,,,,,,,,,2013
4719,2013040764,4,40764,1,2,1,12,12,19,46,12,2,1,0,4,1,59,31,59031,4,1998,JT8BF28G1W01,J,T,8,B,F,2,8,G,1,W,0,1,0,0,0,Not Applicable,Not Applicable,0,0,0,1,0,0,0,0,0,0,0,65,0,0,0,12,6,2,12,0,0,0,1,4,85375,6,1,0,0,3,3,69,165,0,0,0,0,2,12,2013,12,2013,0,51,0,0,0,2,2,55,1,1,2,1,0,0,1,54,1,1,1,50,,,,1,0,,,,,,,,,,,,,,,,,,,,,,,,,2013
4720,2013040764,4,40764,2,2,2,12,12,19,46,12,2,1,0,4,1,19,3,19003,4,2004,1G6KD54Y74U1,1,G,6,K,D,5,4,Y,7,4,U,1,0,0,0,Not Applicable,Not Applicable,0,0,0,1,0,0,0,0,0,0,0,52,0,0,0,12,6,2,12,0,0,0,1,55,54463,6,1,0,0,3,3,71,299,0,0,0,0,0,0,0,0,0,0,0,0,0,0,2,2,55,1,1,2,1,0,0,1,54,6,1,3,51,,,,0,0,,,,,,,,,,,,,,,,,,,,,,,,,2013
4721,2013040765,4,40765,1,1,1,16,12,19,42,15,0,1,0,4,1,20,481,20481,31,2002,1GCEC19V42Z1,1,G,C,E,C,1,9,V,4,2,Z,1,0,0,0,Not Applicable,Not Applicable,0,0,0,1,0,0,0,0,0,0,0,37,0,0,0,12,2,5,15,0,0,0,1,4,85225,6,1,0,0,3,0,70,190,0,0,0,0,0,0,0,0,0,0,0,0,0,0,2,3,45,1,1,2,1,2,3,1,80,1,1,1,13,,,,0,0,,,,,,,,,,,,,,,,,,,,,,,,,2013
4722,2013040766,4,40766,1,1,1,23,2,3,39,30,0,1,0,4,1,55,35,55035,4,2013,5NPDH4AE5DH1,5,N,P,D,H,4,A,E,5,D,H,1,0,0,0,Not Applicable,Not Applicable,0,0,0,1,0,0,0,0,0,0,0,40,0,0,0,12,6,2,30,0,0,0,1,4,85364,6,1,0,0,3,0,65,160,0,0,0,0,0,0,0,0,0,0,0,0,0,0,5,4,35,1,1,2,1,0,0,1,13,1,1,4,1,,,,1,1,,,,,,,,,,,,,,,,,,,,,,,,,2013
4723,2013040767,4,40767,1,2,1,15,12,0,16,12,1,1,0,4,1,30,40,30040,6,2011,3VWPL7AJ0BM6,3,V,W,P,L,7,A,J,0,B,M,6,0,0,0,Not Applicable,Not Applicable,0,0,0,1,0,0,0,0,0,0,0,65,0,0,0,6,6,2,12,0,0,0,1,4,85087,6,1,0,0,3,0,70,190,0,1,0,3,2,3,2012,12,2012,0,27,0,0,0,3,5,65,1,1,2,1,0,0,15,10,1,1,2,32,,,,1,0,,,,,,,,,,,,,,,,,,,,,,,,,2013
4724,2013040767,4,40767,2,2,2,15,12,0,16,12,1,1,0,6,3,51,881,51881,66,2006,4V4NC9TJX6N4,4,V,4,N,C,9,T,J,X,6,N,4,1,1,57,00250568,5700250568,3,6,1,1,0,0,0,0,0,0,0,65,0,0,0,12,6,2,12,0,0,0,1,6,92374,6,1,6,0,3,0,72,160,0,0,0,0,1,1,2012,1,2012,0,0,0,0,0,3,5,65,1,1,2,1,0,0,1,61,4,9,1,32,,,,0,0,,,,,,,,,,,,,,,,,,,,,,,,,2013
4725,2013040768,4,40768,1,2,1,20,12,6,15,30,0,1,0,4,1,20,17,20017,4,1985,2G1AW19X2F11,2,G,1,A,W,1,9,X,2,F,1,1,0,0,0,Not Applicable,Not Applicable,0,0,0,1,0,0,0,0,0,0,0,999,0,0,0,12,6,2,12,0,0,0,1,41,97630,6,1,0,0,3,3,70,170,0,0,0,0,0,0,0,0,0,4,87,0,0,0,2,3,45,1,1,2,2,2,3,1,12,1,1,4,6,,,,1,1,,,,,,,,,,,,,,,,,,,,,,,,,2013
4726,2013040768,4,40768,2,2,3,20,12,6,15,30,0,1,0,4,1,2,1,2001,6,2010,1J4NT5FB6AD5,1,J,4,N,T,5,F,B,6,A,D,5,0,0,0,Not Applicable,Not Applicable,0,0,0,1,0,0,0,0,0,0,0,45,0,0,0,12,6,2,12,0,0,0,1,4,85203,6,1,0,0,3,3,63,135,0,0,0,0,0,0,0,0,0,0,0,0,0,0,2,3,45,1,1,2,2,2,3,99,50,99,9,1,98,,,,0,0,,,,,,,,,,,,,,,,,,,,,,,,,2013
4727,2013040769,4,40769,1,1,1,15,11,1,37,33,0,1,0,4,2,49,40,49040,4,1995,JT2SK12E7S03,J,T,2,S,K,1,2,E,7,S,0,3,0,0,0,Not Applicable,Not Applicable,0,0,0,1,0,0,0,0,0,0,0,37,0,0,0,12,6,2,32,0,0,0,1,4,85043,6,1,0,0,3,0,72,270,0,0,0,0,0,0,0,0,0,0,0,0,0,0,2,2,40,1,1,2,1,0,0,1,12,1,1,4,6,,,,1,0,,,,,,,,,,,,,,,,,,,,,,,,,2013
4728,2013040770,4,40770,1,1,2,14,12,18,9,8,0,1,0,4,1,7,442,7442,20,2000,2B4GP45G2YR6,2,B,4,G,P,4,5,G,2,Y,R,6,0,0,0,Not Applicable,Not Applicable,0,0,0,1,0,0,0,0,0,0,0,40,0,0,0,12,2,5,8,0,0,0,1,4,85925,6,1,0,0,3,0,74,195,0,0,0,0,0,0,0,0,0,0,0,0,0,0,2,2,45,1,1,2,1,0,0,1,80,4,9,1,13,,,,0,0,,,,,,,,,,,,,,,,,,,,,,,,,2013
4729,2013040771,4,40771,1,3,3,4,12,18,43,8,0,1,0,4,2,48,401,48401,14,2005,JF1SG65645H7,J,F,1,S,G,6,5,6,4,5,H,7,0,0,0,Not Applicable,Not Applicable,0,0,0,1,0,0,0,0,0,0,0,37,0,0,0,12,2,9,8,0,0,0,1,4,85935,6,1,0,0,3,0,72,220,0,0,0,0,0,0,0,0,0,0,99,99,99,99,5,4,35,1,1,2,2,0,0,1,80,8,1,3,13,,,,0,0,,,,,,,,,,,,,,,,,,,,,,,,,2013
4730,2013040771,4,40771,2,3,1,4,12,18,43,8,0,1,0,4,1,24,1,24001,4,1999,1G8ZK5273XZ1,1,G,8,Z,K,5,2,7,3,X,Z,1,0,0,0,Not Applicable,Not Applicable,0,0,0,1,0,0,0,0,0,0,0,37,0,0,0,12,2,5,8,0,0,0,1,4,85901,6,1,0,0,3,3,74,165,0,0,0,0,0,0,0,0,0,0,99,99,99,99,5,4,35,1,1,2,2,0,0,1,80,1,1,1,98,,,,0,0,,,,,,,,,,,,,,,,,,,,,,,,,2013
4731,2013040771,4,40771,3,3,4,4,12,18,43,8,0,1,0,4,1,12,37,12037,4,2010,1FAHP3FN2AW1,1,F,A,H,P,3,F,N,2,A,W,1,0,0,0,Not Applicable,Not Applicable,0,0,0,1,0,0,0,0,0,0,0,37,0,0,0,12,2,5,8,0,0,0,1,4,85926,6,1,0,0,3,0,62,250,0,0,0,0,0,0,0,0,0,0,99,99,99,99,5,4,35,1,1,2,2,0,0,1,80,1,1,1,98,,,,0,0,,,,,,,,,,,,,,,,,,,,,,,,,2013
4732,2013040772,4,40772,1,1,1,24,12,7,13,8,0,1,1,99,9,12,999,12999,99,9999,Unknown,9,9,9,9,9,9,9,9,9,9,9,9,0,0,0,Not Applicable,Not Applicable,0,0,0,1,0,0,0,0,0,0,0,998,0,0,0,12,9,5,8,0,0,0,1,99,99999,9,9,99,0,9,9,999,999,99,99,99,99,99,99,9999,99,9999,9,99,99,99,99,1,2,55,1,1,2,1,0,0,99,82,99,9,9,13,,,,0,0,,,,,,,,,,,,,,,,,,,,,,,,,2013
4733,2013040773,4,40773,1,2,2,2,12,13,50,12,6,1,0,4,1,12,13,12013,4,1997,1FALP13P1VW3,1,F,A,L,P,1,3,P,1,V,W,3,0,0,0,Not Applicable,Not Applicable,0,0,0,1,0,0,0,0,0,0,0,25,0,0,0,12,6,2,12,0,0,0,1,4,85730,6,1,0,0,3,3,68,155,0,0,0,0,0,0,0,0,0,0,38,0,0,0,2,3,40,1,1,2,1,2,3,11,15,1,1,1,68,,,,0,0,,,,,,,,,,,,,,,,,,,,,,,,,2013
4734,2013040773,4,40773,2,2,1,2,12,13,50,12,6,1,0,4,1,49,401,49401,14,2000,JT3HN87R3Y02,J,T,3,H,N,8,7,R,3,Y,0,2,0,0,0,Not Applicable,Not Applicable,0,0,0,1,0,0,0,0,0,0,0,40,0,1,1,63,6,2,1,0,0,0,1,4,85750,6,1,0,0,3,3,64,160,0,1,0,0,1,10,2012,10,2012,0,0,0,0,0,2,3,40,1,1,2,1,2,3,1,62,1,1,1,69,,,,1,0,,,,,,,,,,,,,,,,,,,,,,,,,2013
4735,2013040774,4,40774,1,1,1,16,12,15,3,1,0,1,0,4,1,72,706,72706,80,2000,1HD1FBW18YY6,1,H,D,1,F,B,W,1,8,Y,Y,6,0,0,0,Not Applicable,Not Applicable,0,0,0,1,0,0,0,0,0,0,0,40,0,0,0,0,6,2,1,0,0,0,1,4,85541,6,1,0,0,3,0,71,190,0,3,0,1,0,9,2012,10,2012,0,85,0,0,0,2,3,40,1,1,2,1,2,3,1,62,3,2,3,98,,,,1,0,,,,,,,,,,,,,,,,,,,,,,,,,2013
4736,2013040775,4,40775,1,1,1,22,12,0,31,8,0,1,0,4,1,13,2,13002,2,1993,1LNLM91V5PY7,1,L,N,L,M,9,1,V,5,P,Y,7,0,0,0,Not Applicable,Not Applicable,0,0,0,1,0,0,0,0,0,0,0,40,0,0,0,12,6,2,8,0,0,0,1,4,85023,6,1,0,0,3,3,70,160,0,0,0,0,0,0,0,0,0,0,89,0,0,0,2,3,45,1,1,2,1,2,3,1,80,1,1,1,13,,,,0,0,,,,,,,,,,,,,,,,,,,,,,,,,2013
4737,2013040777,4,40777,1,2,1,9,10,9,30,12,6,1,0,4,1,18,2,18002,4,1996,1G4HP52K7TH4,1,G,4,H,P,5,2,K,7,T,H,4,0,0,0,Not Applicable,Not Applicable,0,0,0,1,0,0,0,0,0,0,0,40,0,0,0,82,6,2,12,32,0,0,1,4,85374,6,1,0,0,3,3,65,275,0,0,0,0,1,12,2011,12,2011,0,38,0,0,0,2,3,40,1,1,2,1,2,3,11,15,1,1,1,68,,,,0,0,,,,,,,,,,,,,,,,,,,,,,,,,2013
4738,2013040777,4,40777,2,2,2,9,10,9,30,12,6,1,0,4,1,63,33,63033,4,2006,KNAFE1227652,K,N,A,F,E,1,2,2,7,6,5,2,0,0,0,Not Applicable,Not Applicable,0,0,0,1,0,0,0,0,0,0,0,40,0,0,0,12,6,2,12,0,0,0,1,4,85051,6,1,0,0,3,3,64,182,0,0,0,0,0,0,0,0,0,0,0,0,0,0,2,3,40,1,1,2,1,0,0,1,62,12,1,1,69,,,,1,0,,,,,,,,,,,,,,,,,,,,,,,,,2013