index,accident_id,STATE,ST_CASE,VEH_NO,VE_FORMS,NUMOCCS,DAY,MONTH,HOUR,MINUTE,HARM_EV,MAN_COLL,UNITTYPE,HIT_RUN,REG_STAT,OWNER,MAKE,MODEL,MAK_MOD,BODY_TYP,MOD_YEAR,VIN,VIN_1,VIN_2,VIN_3,VIN_4,VIN_5,VIN_6,VIN_7,VIN_8,VIN_9,VIN_10,VIN_11,VIN_12,TOW_VEH,J_KNIFE,MCARR_I1,MCARR_I2,MCARR_ID,GVWR,V_CONFIG,CARGO_BT,HAZ_INV,HAZ_PLAC,HAZ_ID,HAZ_CNO,HAZ_REL,BUS_USE,SPEC_USE,EMER_USE,TRAV_SP,UNDERIDE,ROLLOVER,ROLINLOC,IMPACT1,DEFORMED,TOWED,M_HARM,VEH_SC1,VEH_SC2,FIRE_EXP,DR_PRES,L_STATE,DR_ZIP,L_STATUS,L_TYPE,CDL_STAT,L_ENDORS,L_COMPL,L_RESTRI,DR_HGT,DR_WGT,PREV_ACC,PREV_SUS,PREV_DWI,PREV_SPD,PREV_OTH,FIRST_MO,FIRST_YR,LAST_MO,LAST_YR,SPEEDREL,DR_SF1,DR_SF2,DR_SF3,DR_SF4,VTRAFWAY,VNUM_LAN,VSPD_LIM,VALIGN,VPROFILE,VPAVETYP,VSURCOND,VTRAFCON,VTCONT_F,P_CRASH1,P_CRASH2,P_CRASH3,PCRASH4,PCRASH5,ACC_TYPE,TRLR1VIN,TRLR2VIN,TRLR3VIN,DEATHS,DR_DRINK,VINTYPE,VINMAKE,VINA_MOD,VIN_BT,VINMODYR,VIN_LNGT,VIN_WGT,WGTCD_TR,WHLBS_LG,WHLBS_SH,SER_TR,FUELCODE,MCYCL_DS,CARBUR,CYLINDER,DISPLACE,MCYCL_CY,MCYCL_WT,TIRE_SZE,TON_RAT,TRK_WT,TRKWTVAR,VIN_REST,WHLDRWHL,Year
4739,2013040778,4,40778,1,1,2,26,12,19,30,1,0,1,0,13,3,12,481,12481,31,2007,1FTRX12WX7FA,1,F,T,R,X,1,2,W,X,7,F,A,0,0,0,Not Applicable,Not Applicable,0,0,0,1,0,0,0,0,0,0,0,998,0,1,5,0,6,2,1,0,0,0,1,4,85321,6,1,0,0,3,0,72,300,0,0,0,0,0,0,0,0,0,9,99,99,99,99,1,2,65,1,1,2,1,0,0,1,9,99,4,4,7,,,,1,0,,,,,,,,,,,,,,,,,,,,,,,,,2013
4740,2013040779,4,40779,1,1,1,15,4,99,99,8,0,1,9,99,9,99,999,99999,99,9999,Unknown,9,9,9,9,9,9,9,9,9,9,9,9,0,0,0,Not Applicable,Not Applicable,0,0,0,1,0,0,0,0,0,0,0,999,0,0,0,99,9,9,8,0,0,0,1,99,99999,9,9,99,0,9,9,999,999,99,99,99,99,99,99,9999,99,9999,9,99,99,99,99,9,9,99,9,9,5,99,99,9,99,82,99,9,9,99,,,,0,0,,,,,,,,,,,,,,,,,,,,,,,,,2013
4741,2013040780,4,40780,1,1,1,3,12,17,41,1,0,1,0,4,1,18,18,18018,4,1998,1G4NJ52M6WC4,1,G,4,N,J,5,2,M,6,W,C,4,0,0,0,Not Applicable,Not Applicable,0,0,0,1,0,0,0,0,0,0,0,50,0,1,5,0,6,2,1,0,0,0,1,4,85140,6,1,0,0,3,0,63,120,0,0,0,0,0,0,0,0,0,0,0,0,0,0,2,2,50,1,1,2,1,0,0,1,9,7,3,4,2,,,,1,0,,,,,,,,,,,,,,,,,,,,,,,,,2013
4742,2013040781,4,40781,1,1,1,4,12,99,99,42,0,1,0,99,9,30,32,30032,9,1965,Unknown,9,9,9,9,9,9,9,9,9,9,9,9,0,0,0,Not Applicable,Not Applicable,0,0,0,1,0,0,0,0,0,0,0,998,0,0,0,12,2,3,42,0,0,0,1,4,86303,6,1,0,0,3,3,70,160,0,0,0,0,0,0,0,0,0,0,0,0,0,0,1,2,98,4,8,2,2,0,0,14,13,7,9,4,2,,,,1,0,,,,,,,,,,,,,,,,,,,,,,,,,2013
4743,2013040782,4,40782,1,1,2,4,12,19,26,15,0,1,0,4,1,49,482,49482,31,2009,5TFJU52119X0,5,T,F,J,U,5,2,1,1,9,X,0,0,0,0,Not Applicable,Not Applicable,0,0,0,1,0,0,0,0,0,0,0,20,0,0,0,12,2,3,15,0,0,0,1,4,85014,6,1,0,0,3,0,70,170,0,0,0,0,0,0,0,0,0,0,39,0,0,0,5,4,35,1,1,2,1,2,3,11,83,1,1,1,13,,,,0,0,,,,,,,,,,,,,,,,,,,,,,,,,2013
4744,2013040783,4,40783,1,1,2,9,12,0,11,99,99,1,9,99,9,99,999,99999,99,9999,Unknown,9,9,9,9,9,9,9,9,9,9,9,9,0,0,0,Not Applicable,Not Applicable,0,0,0,1,0,0,0,0,0,0,0,999,0,0,0,99,9,9,99,0,0,0,1,99,99999,9,9,99,0,9,9,999,999,99,99,99,99,99,99,9999,99,9999,9,99,99,99,99,2,1,99,9,9,2,99,0,0,99,99,99,9,9,99,,,,1,0,,,,,,,,,,,,,,,,,,,,,,,,,2013
4745,2013040784,4,40784,1,1,2,13,12,99,99,3,0,1,9,99,9,99,999,99999,99,9999,Unknown,9,9,9,9,9,9,9,9,9,9,9,9,0,0,0,Not Applicable,Not Applicable,0,0,0,1,0,0,0,0,0,0,0,999,0,0,0,0,9,9,3,0,0,0,1,99,99999,9,9,99,0,9,9,999,999,99,99,99,99,99,99,9999,99,9999,9,99,99,99,99,9,9,99,9,9,9,99,0,0,99,99,99,9,9,0,,,,1,0,,,,,,,,,,,,,,,,,,,,,,,,,2013
4746,2013040785,4,40785,1,1,1,13,12,99,99,99,99,1,9,99,9,99,998,99998,95,9999,Unknown,9,9,9,9,9,9,9,9,9,9,9,9,0,0,0,Not Applicable,Not Applicable,0,0,0,1,0,0,0,0,0,0,0,999,0,0,0,99,9,9,99,0,0,0,1,4,85209,6,1,0,0,3,3,71,195,0,0,0,0,0,0,0,0,0,9,99,99,99,99,9,9,99,9,9,2,99,99,9,99,99,99,9,9,99,,,,1,0,,,,,,,,,,,,,,,,,,,,,,,,,2013
4747,2013040786,4,40786,1,2,2,13,12,21,47,12,1,1,1,4,1,49,482,49482,31,2014,5TFGY5F15EX1,5,T,F,G,Y,5,F,1,5,E,X,1,0,0,0,Not Applicable,Not Applicable,0,0,0,1,0,0,0,0,0,0,0,66,0,1,6,12,6,2,1,0,0,0,1,4,85335,1,1,0,0,2,0,67,155,0,1,0,3,0,9,2011,11,2013,4,91,0,0,0,5,5,40,1,1,2,1,0,0,1,51,1,1,1,24,,,,0,1,,,,,,,,,,,,,,,,,,,,,,,,,2013
4748,2013040786,4,40786,2,2,3,13,12,21,47,12,1,1,0,4,2,9,20,9020,4,1999,1P3ES47C8XD1,1,P,3,E,S,4,7,C,8,X,D,1,0,0,0,Not Applicable,Not Applicable,0,0,0,1,0,0,0,0,0,0,0,20,0,0,0,6,6,2,12,0,0,0,1,4,85019,0,0,0,0,0,0,63,140,0,0,0,0,0,0,0,0,0,0,0,0,0,0,5,5,40,1,1,2,1,0,0,1,53,1,1,1,25,,,,1,0,,,,,,,,,,,,,,,,,,,,,,,,,2013
4749,2013040787,4,40787,1,2,1,14,12,13,47,12,99,1,9,99,9,99,999,99999,99,9999,Unknown,9,9,9,9,9,9,9,9,9,9,9,9,0,0,0,Not Applicable,Not Applicable,0,0,0,1,0,0,0,0,0,0,0,999,0,0,0,99,9,9,12,0,0,0,1,99,99999,9,9,99,0,9,9,999,999,99,99,99,99,99,99,9999,99,9999,9,99,99,99,99,9,9,99,9,9,2,99,99,9,99,99,99,9,9,99,,,,1,0,,,,,,,,,,,,,,,,,,,,,,,,,2013
4750,2013040787,4,40787,2,2,1,14,12,13,47,12,99,1,9,99,9,99,999,99999,99,9999,Unknown,9,9,9,9,9,9,9,9,9,9,9,9,0,0,0,Not Applicable,Not Applicable,0,0,0,1,0,0,0,0,0,0,0,999,0,0,0,99,9,9,12,0,0,0,1,99,99999,9,9,99,0,9,9,999,999,99,99,99,99,99,99,9999,99,9999,9,99,99,99,99,9,9,99,9,9,2,99,99,9,99,99,99,9,9,99,,,,0,0,,,,,,,,,,,,,,,,,,,,,,,,,2013
4751,2013040788,4,40788,1,3,1,15,12,15,20,12,6,1,0,4,2,6,43,6043,4,2010,1C3CC4FB5AN1,1,C,3,C,C,4,F,B,5,A,N,1,0,0,0,Not Applicable,Not Applicable,0,0,0,1,0,0,0,0,0,0,0,998,0,0,0,12,6,2,12,0,0,0,1,4,85374,1,1,0,0,2,0,73,165,0,1,0,0,1,9,2013,9,2013,4,39,0,0,0,2,2,40,1,1,8,1,2,3,1,17,1,1,1,86,,,,0,0,,,,,,,,,,,,,,,,,,,,,,,,,2013
4752,2013040788,4,40788,2,3,3,15,12,15,20,12,6,1,0,4,1,49,46,49046,5,2011,JTDKN3DU2B53,J,T,D,K,N,3,D,U,2,B,5,3,0,0,0,Not Applicable,Not Applicable,0,0,0,1,0,0,0,0,0,0,0,998,0,0,0,81,6,2,12,36,0,0,1,4,85083,6,1,0,0,3,3,64,132,0,0,0,0,0,0,0,0,0,0,0,0,0,0,2,4,40,1,1,8,1,2,3,1,66,1,1,1,87,,,,2,0,,,,,,,,,,,,,,,,,,,,,,,,,2013
4753,2013040788,4,40788,3,3,2,15,12,15,20,12,6,1,0,47,1,59,403,59403,14,2011,2T2BK1BA2BC0,2,T,2,B,K,1,B,A,2,B,C,0,0,0,0,Not Applicable,Not Applicable,0,0,0,1,0,0,0,0,0,0,0,998,0,0,0,82,6,2,12,0,0,0,1,47,37073,6,1,0,0,3,0,60,115,0,0,0,0,0,0,0,0,0,0,89,0,0,0,2,4,40,1,1,8,1,2,3,1,61,1,1,1,98,,,,0,0,,,,,,,,,,,,,,,,,,,,,,,,,2013
4754,2013040789,4,40789,1,1,1,16,12,0,42,30,0,1,0,4,4,20,2,20002,4,2009,2G1WB57K9913,2,G,1,W,B,5,7,K,9,9,1,3,0,0,0,Not Applicable,Not Applicable,0,0,0,1,0,0,0,0,0,0,0,106,0,1,5,12,6,2,1,0,0,0,1,4,85016,1,1,0,0,2,0,72,250,1,6,2,2,3,11,2012,10,2013,4,0,0,0,0,5,5,35,1,1,2,1,0,0,1,12,1,1,4,6,,,,1,0,,,,,,,,,,,,,,,,,,,,,,,,,2013
4755,2013040790,4,40790,1,2,1,16,12,13,6,12,6,1,0,4,4,20,421,20421,15,2012,1GNSKBE00CR1,1,G,N,S,K,B,E,0,0,C,R,1,0,0,0,Not Applicable,Not Applicable,0,0,0,1,0,0,0,0,0,5,2,81,0,0,0,12,6,2,12,0,0,0,1,4,85205,6,1,0,0,3,0,73,205,0,0,0,0,0,0,0,0,0,4,16,0,0,0,5,5,40,1,1,2,1,0,0,1,67,99,1,1,83,,,,0,0,,,,,,,,,,,,,,,,,,,,,,,,,2013
4756,2013040790,4,40790,2,2,1,16,12,13,6,12,6,1,0,4,2,35,52,35052,6,2010,JN8AZ2KR5AT1,J,N,8,A,Z,2,K,R,5,A,T,1,0,0,0,Not Applicable,Not Applicable,0,0,0,1,0,0,0,0,0,0,0,998,0,0,0,63,6,2,12,0,0,0,1,4,85301,6,1,0,0,3,3,64,135,0,0,0,0,0,0,0,0,0,0,38,0,0,0,1,2,40,1,1,2,1,20,3,11,15,1,1,1,82,,,,1,0,,,,,,,,,,,,,,,,,,,,,,,,,2013
4757,2013040791,4,40791,1,1,1,16,12,16,30,1,0,1,0,4,1,23,481,23481,31,2002,1GTEC19V82Z2,1,G,T,E,C,1,9,V,8,2,Z,2,0,0,0,Not Applicable,Not Applicable,0,0,0,1,0,0,0,0,0,0,0,78,0,1,3,0,6,2,1,0,0,0,1,4,85355,1,1,0,0,2,0,73,190,0,1,0,1,1,8,2011,7,2013,4,0,0,0,0,2,2,50,3,1,2,1,0,0,14,9,99,3,4,7,,,,1,1,,,,,,,,,,,,,,,,,,,,,,,,,2013
4758,2013040792,4,40792,1,1,1,18,12,4,57,43,0,1,0,99,9,41,399,41399,4,2009,Unknown,9,9,9,9,9,9,9,9,9,9,9,9,0,0,0,Not Applicable,Not Applicable,0,0,0,1,0,0,0,0,0,0,0,999,0,1,5,12,9,9,1,0,0,0,1,4,85306,6,1,0,0,3,0,72,240,0,0,0,0,0,0,0,0,0,5,99,99,99,99,1,2,99,1,1,2,99,0,0,99,9,99,9,4,99,,,,1,1,,,,,,,,,,,,,,,,,,,,,,,,,2013
4759,2013040793,4,40793,1,1,1,20,12,99,99,8,0,1,9,99,9,99,999,99999,99,9999,Unknown,9,9,9,9,9,9,9,9,9,9,9,9,0,0,0,Not Applicable,Not Applicable,0,0,0,1,0,0,0,0,0,0,0,999,0,0,0,99,9,9,8,0,0,0,1,99,99999,9,9,99,0,9,9,999,999,99,99,99,99,99,99,9999,99,9999,9,99,99,99,99,9,9,99,9,9,9,99,99,9,99,82,99,9,9,99,,,,0,1,,,,,,,,,,,,,,,,,,,,,,,,,2013
4760,2013040794,4,40794,1,1,2,21,12,21,29,8,0,1,0,4,2,35,47,35047,2,2002,1N4AL11D02C7,1,N,4,A,L,1,1,D,0,2,C,7,0,0,0,Not Applicable,Not Applicable,0,0,0,1,0,0,0,0,0,0,0,25,0,0,0,12,2,5,8,32,0,0,1,4,85029,6,1,0,0,3,0,67,185,0,0,0,0,0,0,0,0,0,0,0,0,0,0,2,3,35,1,1,2,1,2,3,1,80,1,1,1,13,,,,0,0,,,,,,,,,,,,,,,,,,,,,,,,,2013
4761,2013040795,4,40795,1,2,1,30,12,17,5,12,6,1,0,4,1,42,31,42031,4,1991,WDBED30E9MB4,W,D,B,E,D,3,0,E,9,M,B,4,0,0,0,Not Applicable,Not Applicable,0,0,0,1,0,0,0,0,0,0,0,14,0,0,0,12,6,2,12,0,0,0,1,4,85254,6,1,0,0,3,3,60,135,0,0,0,0,0,0,0,0,0,0,48,91,0,0,2,3,40,1,1,2,1,2,3,11,15,1,1,1,68,,,,0,0,,,,,,,,,,,,,,,,,,,,,,,,,2013
4762,2013040795,4,40795,2,2,3,30,12,17,5,12,6,1,0,4,2,20,431,20431,16,2003,1GNFK16Z73J1,1,G,N,F,K,1,6,Z,7,3,J,1,0,0,0,Not Applicable,Not Applicable,0,0,0,1,0,0,0,0,0,0,0,35,0,0,0,62,4,5,8,0,0,0,1,4,85032,0,0,0,0,0,0,66,180,0,0,0,0,0,0,0,0,0,0,91,0,0,0,2,3,40,1,1,2,1,2,3,1,62,1,1,1,69,,,,0,0,,,,,,,,,,,,,,,,,,,,,,,,,2013
4763,2013040796,4,40796,1,1,1,31,12,99,99,8,0,1,9,99,9,99,999,99999,99,9999,Unknown,9,9,9,9,9,9,9,9,9,9,9,9,0,0,0,Not Applicable,Not Applicable,0,0,0,1,0,0,0,0,0,0,0,999,0,0,0,99,9,9,8,0,0,0,1,99,99999,9,9,99,0,9,9,999,999,99,99,99,99,99,99,9999,99,9999,9,99,99,99,99,9,9,99,9,9,9,99,99,9,99,82,99,9,9,99,,,,0,0,,,,,,,,,,,,,,,,,,,,,,,,,2013
4764,2013040797,4,40797,1,1,1,31,12,21,55,33,0,1,0,4,2,19,18,19018,4,2005,1G6DP5672502,1,G,6,D,P,5,6,7,2,5,0,2,0,0,0,Not Applicable,Not Applicable,0,0,0,1,0,0,0,0,0,0,0,112,0,1,5,12,6,2,1,0,0,0,1,4,85041,6,1,0,0,3,0,72,200,0,1,0,0,0,12,2012,12,2012,3,37,0,0,0,2,3,50,2,6,2,1,0,0,14,51,7,3,4,2,,,,1,0,,,,,,,,,,,,,,,,,,,,,,,,,2013
4765,2013040799,4,40799,1,1,1,23,8,99,99,8,0,1,9,99,9,99,999,99999,99,9999,Unknown,9,9,9,9,9,9,9,9,9,9,9,9,0,0,0,Not Applicable,Not Applicable,0,0,0,1,0,0,0,0,0,0,0,999,0,0,0,12,9,9,8,0,0,0,1,99,99999,9,9,99,0,9,9,999,999,99,99,99,99,99,99,9999,99,9999,9,99,99,99,99,9,9,99,9,9,9,99,99,9,99,80,99,9,9,13,,,,0,0,,,,,,,,,,,,,,,,,,,,,,,,,2013
4766,2013040800,4,40800,1,1,4,19,9,1,38,1,0,1,0,4,2,20,481,20481,31,2004,2GCEC19TX411,2,G,C,E,C,1,9,T,X,4,1,1,0,0,0,Not Applicable,Not Applicable,0,0,0,1,0,0,0,0,0,0,0,998,0,1,3,0,6,2,1,0,0,0,1,4,86001,9,9,99,0,9,9,999,999,99,99,99,99,99,99,9999,99,9999,0,0,0,0,0,2,2,65,1,1,2,1,0,0,6,8,99,9,4,7,,,,1,1,,,,,,,,,,,,,,,,,,,,,,,,,2013
4767,2013040801,4,40801,1,1,3,13,10,20,22,1,0,1,0,4,2,39,399,39399,4,1999,Unknown,9,9,9,9,9,9,9,9,9,9,9,9,0,0,0,Not Applicable,Not Applicable,0,0,0,1,0,0,0,0,0,0,0,999,0,1,5,0,9,9,1,0,0,0,1,4,85019,6,1,0,0,3,0,68,145,0,0,0,0,0,0,0,0,0,9,91,0,0,0,9,6,99,1,1,2,99,0,0,1,9,99,3,4,2,,,,1,1,,,,,,,,,,,,,,,,,,,,,,,,,2013
4768,2013040802,4,40802,1,1,2,25,10,7,50,14,0,1,0,4,2,7,999,7999,99,1998,Unknown,9,9,9,9,9,9,9,9,9,9,9,9,0,0,0,Not Applicable,Not Applicable,0,0,0,1,0,0,0,0,0,0,0,999,0,0,0,12,9,9,14,0,0,0,1,4,85009,6,1,0,0,3,0,67,160,0,0,0,0,0,0,0,0,0,9,99,99,99,99,3,3,99,1,1,2,99,0,0,99,99,99,9,4,99,,,,1,0,,,,,,,,,,,,,,,,,,,,,,,,,2013
4769,2013040803,4,40803,1,1,2,29,10,7,30,35,0,1,0,4,2,12,17,12017,4,1988,1FABP52U8JG1,1,F,A,B,P,5,2,U,8,J,G,1,0,0,0,Not Applicable,Not Applicable,0,0,0,1,0,0,0,0,0,0,0,998,0,1,5,12,6,2,1,0,0,0,1,99,99999,9,9,99,0,9,9,999,999,99,99,99,99,99,99,9999,99,9999,3,99,99,99,99,1,2,55,3,1,2,1,0,0,14,13,1,1,4,1,,,,2,0,,,,,,,,,,,,,,,,,,,,,,,,,2013
4770,2013040804,4,40804,1,2,2,18,12,11,41,12,99,1,0,4,1,20,2,20002,4,1984,1G1AN69H9EX1,1,G,1,A,N,6,9,H,9,E,X,1,0,0,0,Not Applicable,Not Applicable,0,0,0,1,0,0,0,0,0,0,0,15,0,0,0,99,6,2,12,0,0,0,1,4,85351,6,1,0,0,3,3,72,175,0,0,0,0,0,0,0,0,0,0,38,0,0,0,2,3,45,1,1,2,1,2,3,11,15,1,1,1,68,,,,1,0,,,,,,,,,,,,,,,,,,,,,,,,,2013
4771,2013040804,4,40804,2,2,1,18,12,11,41,12,99,1,0,16,1,49,46,49046,5,2013,JTDZN3EU8D32,J,T,D,Z,N,3,E,U,8,D,3,2,0,0,0,Not Applicable,Not Applicable,0,0,0,1,0,0,0,0,0,0,0,45,0,0,0,12,4,5,12,36,0,0,1,16,83860,6,1,0,0,3,0,69,180,0,0,0,0,0,0,0,0,0,0,0,0,0,0,2,3,45,1,1,2,1,2,3,1,62,4,9,1,69,,,,0,0,,,,,,,,,,,,,,,,,,,,,,,,,2013
4772,2013040805,4,40805,1,1,1,2,2,22,49,8,0,1,9,99,9,99,999,99999,99,9999,Unknown,9,9,9,9,9,9,9,9,9,9,9,9,0,0,0,Not Applicable,Not Applicable,0,0,0,1,0,0,0,0,0,0,0,999,0,0,0,99,9,9,8,0,0,0,1,99,99999,9,9,99,0,9,9,999,999,99,99,99,99,99,99,9999,99,9999,9,99,99,99,99,9,9,99,9,9,5,99,99,9,99,83,99,9,9,13,,,,0,0,,,,,,,,,,,,,,,,,,,,,,,,,2013
4773,2013040806,4,40806,1,2,1,10,3,19,20,8,0,1,9,99,9,99,999,99999,99,9999,Unknown,9,9,9,9,9,9,9,9,9,9,9,9,0,0,0,Not Applicable,Not Applicable,0,0,0,1,0,0,0,0,0,0,0,999,0,0,0,12,9,9,8,0,0,0,1,99,99999,9,9,99,0,9,9,999,999,99,99,99,99,99,99,9999,99,9999,9,99,99,99,99,3,4,55,1,1,2,99,0,0,99,80,99,9,9,13,,,,0,0,,,,,,,,,,,,,,,,,,,,,,,,,2013
4774,2013040806,4,40806,2,2,1,10,3,19,20,8,0,1,9,99,9,99,999,99999,99,9999,Unknown,9,9,9,9,9,9,9,9,9,9,9,9,0,0,0,Not Applicable,Not Applicable,0,0,0,1,0,0,0,0,0,0,0,999,0,0,0,12,9,9,8,0,0,0,1,99,99999,9,9,99,0,9,9,999,999,99,99,99,99,99,99,9999,99,9999,9,99,99,99,99,3,4,55,1,1,2,99,0,0,99,80,99,9,9,98,,,,0,0,,,,,,,,,,,,,,,,,,,,,,,,,2013
4775,2013040807,4,40807,1,2,1,31,10,16,4,1,0,1,0,4,1,12,23,12023,4,2010,3FAHP0HA9AR3,3,F,A,H,P,0,H,A,9,A,R,3,0,0,0,Not Applicable,Not Applicable,0,0,0,1,0,0,0,0,0,0,0,15,0,0,0,83,2,5,54,0,0,0,1,4,85033,6,1,0,0,3,0,66,190,1,0,0,0,1,8,2013,10,2013,0,38,0,0,0,1,2,45,1,1,2,1,20,3,11,15,1,1,1,98,,,,0,0,,,,,,,,,,,,,,,,,,,,,,,,,2013
4776,2013040807,4,40807,2,2,1,31,10,16,4,1,0,1,0,4,2,37,705,37705,80,2000,JH2PC2136YM0,J,H,2,P,C,2,1,3,6,Y,M,0,0,0,0,Not Applicable,Not Applicable,0,0,0,1,0,0,0,0,0,0,0,39,0,0,0,0,6,2,1,0,0,0,1,4,85901,6,1,0,0,3,0,71,150,0,0,0,0,1,5,2012,5,2012,0,84,0,0,0,5,6,45,1,1,2,1,0,0,1,67,98,7,3,98,,,,1,1,,,,,,,,,,,,,,,,,,,,,,,,,2013
4777,2013040808,4,40808,1,1,1,24,12,7,6,8,0,1,0,4,1,20,37,20037,4,2011,1G1ZC5E17BF1,1,G,1,Z,C,5,E,1,7,B,F,1,0,0,0,Not Applicable,Not Applicable,0,0,0,1,0,0,0,0,0,0,0,19,0,0,0,12,2,5,8,0,0,0,1,4,85374,6,1,0,0,3,3,69,140,0,0,0,0,0,0,0,0,0,0,0,0,0,0,2,3,45,1,1,8,1,2,3,3,80,1,1,1,13,,,,0,0,,,,,,,,,,,,,,,,,,,,,,,,,2013
4778,2013040809,4,40809,1,1,2,17,10,23,20,1,0,1,9,99,9,99,999,99999,99,9999,Unknown,9,9,9,9,9,9,9,9,9,9,9,9,0,0,0,Not Applicable,Not Applicable,0,0,0,1,0,0,0,0,0,0,0,999,0,9,9,0,9,9,1,0,0,0,1,99,99999,9,9,99,9,9,9,999,999,99,99,99,99,99,99,9999,99,9999,9,99,99,99,99,9,9,99,9,9,9,99,99,9,99,99,99,9,9,99,,,,1,0,,,,,,,,,,,,,,,,,,,,,,,,,2013
4779,2013040810,4,40810,1,1,1,12,10,21,0,2,0,1,0,4,1,22,441,22441,20,1990,1GMCU06D7LT2,1,G,M,C,U,0,6,D,7,L,T,2,0,0,0,Not Applicable,Not Applicable,0,0,0,1,0,0,0,0,0,0,0,998,0,0,0,0,6,2,2,32,0,1,1,4,86046,6,1,0,0,3,3,69,150,0,0,0,0,0,0,0,0,0,0,99,99,99,99,8,8,98,8,8,5,98,0,0,99,98,99,9,9,0,,,,1,0,,,,,,,,,,,,,,,,,,,,,,,,,2013
4780,2013040811,4,40811,1,1,4,3,6,15,39,1,0,1,0,4,9,7,472,7472,31,2006,1D7HW58N66S6,1,D,7,H,W,5,8,N,6,6,S,6,0,0,0,Not Applicable,Not Applicable,0,0,0,1,0,0,0,0,0,0,0,65,0,1,5,0,6,2,1,0,0,0,1,99,99999,9,9,99,0,9,9,999,999,99,99,99,99,99,99,9999,99,9999,3,99,99,99,99,1,2,35,1,6,8,1,0,0,1,13,1,1,4,1,,,,1,0,,,,,,,,,,,,,,,,,,,,,,,,,2013
4781,2013040812,4,40812,1,1,1,18,10,23,48,33,0,1,0,4,1,13,12,13012,4,2006,1LNHM87A96Y6,1,L,N,H,M,8,7,A,9,6,Y,6,0,0,0,Not Applicable,Not Applicable,0,0,0,1,0,0,0,0,0,0,0,75,0,1,5,12,6,2,1,0,0,0,1,4,86503,6,1,0,0,3,0,69,148,0,0,0,0,0,0,0,0,0,4,99,99,99,99,1,2,55,1,1,2,1,0,0,1,6,1,9,4,2,,,,1,1,,,,,,,,,,,,,,,,,,,,,,,,,2013
4782,2013040813,4,40813,1,2,1,1,12,16,50,12,6,1,0,4,2,7,442,7442,20,2006,1D4GP24R16B6,1,D,4,G,P,2,4,R,1,6,B,6,0,0,0,Not Applicable,Not Applicable,0,0,0,1,0,0,0,0,0,0,0,0,0,1,9,62,6,2,12,0,0,0,1,4,86556,0,0,0,0,0,0,63,160,0,0,0,0,0,0,0,0,0,0,39,0,0,0,1,2,55,1,1,8,1,20,3,5,98,2,1,1,85,,,,1,0,,,,,,,,,,,,,,,,,,,,,,,,,2013
4783,2013040813,4,40813,2,2,3,1,12,16,50,12,6,1,0,4,2,20,401,20401,14,1997,1GNCS13W7V21,1,G,N,C,S,1,3,W,7,V,2,1,0,0,0,Not Applicable,Not Applicable,0,0,0,1,0,0,0,0,0,0,0,998,0,0,0,12,6,2,12,0,0,0,1,4,86556,0,0,0,0,0,0,68,180,0,0,0,0,0,0,0,0,0,4,0,0,0,0,1,2,55,1,1,2,1,0,0,1,68,1,1,1,85,,,,0,1,,,,,,,,,,,,,,,,,,,,,,,,,2013
4784,2012040001,4,40001,1,1,1,1,1,2,13,1,0,1,0,4,1,76,734,76734,90,2007,JY4AM09Y67C0,J,Y,4,A,M,0,9,Y,6,7,C,0,0,0,0,Not Applicable,Not Applicable,0,0,0,1,0,0,0,0,0,0,0,30,0,1,1,0,4,1,1,0,0,0,1,4,85735,6,1,0,0,3,0,67,175,0,0,0,0,1,6,2010,6,2010,1,99,99,99,99,1,2,25,1,1,2,1,0,0,10,6,1,1,3,98,,,,1,1,M,YAMA,Y7F,AT,7.0,17.0,,,,,,,686.0,,1.0,,4.0,600.0,,,,,,,2012
4785,2012040002,4,40002,1,1,2,1,1,16,33,33,0,1,0,4,1,72,706,72706,80,2005,1HD1FBW115Y6,1,H,D,1,F,B,W,1,1,5,Y,6,0,0,0,Not Applicable,Not Applicable,0,0,0,1,0,0,0,0,0,0,0,998,0,0,0,12,6,2,33,0,0,0,1,4,86335,6,1,6,0,3,3,72,185,0,2,1,0,0,1,2009,9,2009,1,0,0,0,0,2,2,45,3,1,2,1,21,3,14,12,99,9,4,7,,,,1,1,M,HD,LRI,RS,5.0,17.0,,,,,,,1450.0,,2.0,,4.0,723.0,,,,,,,2012
4786,2012040003,4,40003,1,1,0,1,1,18,4,8,0,1,0,4,6,12,481,12481,31,2005,1FTRX02W05KD,1,F,T,R,X,0,2,W,0,5,K,D,0,0,0,Not Applicable,Not Applicable,0,0,0,1,0,0,0,0,0,0,0,3,0,0,0,14,0,1,8,0,0,0,0,0,99997,7,6,97,7,6,7,998,997,998,998,998,998,998,98,9998,98,9998,8,0,0,0,0,1,2,25,1,1,2,1,0,0,0,19,0,0,0,98,,,,0,0,T,FORD,F15,4C,5.0,17.0,,2.0,1450.0,1260.0,COF,G,,,8.0,281.0,,,,B,5065.0,0.0,U,42.0,2012