index,accident_id,STATE,ST_CASE,VEH_NO,VE_FORMS,NUMOCCS,DAY,MONTH,HOUR,MINUTE,HARM_EV,MAN_COLL,UNITTYPE,HIT_RUN,REG_STAT,OWNER,MAKE,MODEL,MAK_MOD,BODY_TYP,MOD_YEAR,VIN,VIN_1,VIN_2,VIN_3,VIN_4,VIN_5,VIN_6,VIN_7,VIN_8,VIN_9,VIN_10,VIN_11,VIN_12,TOW_VEH,J_KNIFE,MCARR_I1,MCARR_I2,MCARR_ID,GVWR,V_CONFIG,CARGO_BT,HAZ_INV,HAZ_PLAC,HAZ_ID,HAZ_CNO,HAZ_REL,BUS_USE,SPEC_USE,EMER_USE,TRAV_SP,UNDERIDE,ROLLOVER,ROLINLOC,IMPACT1,DEFORMED,TOWED,M_HARM,VEH_SC1,VEH_SC2,FIRE_EXP,DR_PRES,L_STATE,DR_ZIP,L_STATUS,L_TYPE,CDL_STAT,L_ENDORS,L_COMPL,L_RESTRI,DR_HGT,DR_WGT,PREV_ACC,PREV_SUS,PREV_DWI,PREV_SPD,PREV_OTH,FIRST_MO,FIRST_YR,LAST_MO,LAST_YR,SPEEDREL,DR_SF1,DR_SF2,DR_SF3,DR_SF4,VTRAFWAY,VNUM_LAN,VSPD_LIM,VALIGN,VPROFILE,VPAVETYP,VSURCOND,VTRAFCON,VTCONT_F,P_CRASH1,P_CRASH2,P_CRASH3,PCRASH4,PCRASH5,ACC_TYPE,TRLR1VIN,TRLR2VIN,TRLR3VIN,DEATHS,DR_DRINK,VINTYPE,VINMAKE,VINA_MOD,VIN_BT,VINMODYR,VIN_LNGT,VIN_WGT,WGTCD_TR,WHLBS_LG,WHLBS_SH,SER_TR,FUELCODE,MCYCL_DS,CARBUR,CYLINDER,DISPLACE,MCYCL_CY,MCYCL_WT,TIRE_SZE,TON_RAT,TRK_WT,TRKWTVAR,VIN_REST,WHLDRWHL,Year
4787,2012040004,4,40004,1,2,1,1,1,20,3,12,6,1,0,4,1,12,421,12421,15,1994,1FMEU15NXRLB,1,F,M,E,U,1,5,N,X,R,L,B,0,0,0,Not Applicable,Not Applicable,0,0,0,1,0,0,0,0,0,0,0,998,0,1,1,12,6,2,1,0,0,0,1,4,85234,6,1,0,0,3,0,71,140,0,0,0,0,0,0,0,0,0,0,39,0,0,0,5,4,45,1,1,2,1,2,3,1,17,1,1,1,86,,,,1,0,P,FORD,BRO,UT,94.0,17.0,4616.0,,0.0,1050.0,,G,,F,8.0,302.0,,,15R235,,,,,,2012
4788,2012040004,4,40004,2,2,1,1,1,20,3,12,6,1,0,4,1,7,21,7021,6,2007,2D4FV47T57H8,2,D,4,F,V,4,7,T,5,7,H,8,0,0,0,Not Applicable,Not Applicable,0,0,0,1,0,0,0,0,0,0,0,998,0,0,0,82,6,2,12,0,0,0,1,4,85298,6,1,0,0,3,0,75,210,0,0,0,0,0,0,0,0,0,0,0,0,0,0,5,4,45,1,1,2,1,2,3,1,66,1,1,1,87,,,,0,0,P,DODG,MGN,UT,7.0,17.0,3758.0,,0.0,1200.0,,G,,F,6.0,165.0,,,17R215,,,,,,2012
4789,2012040005,4,40005,1,2,2,4,1,0,17,24,0,1,0,4,2,55,35,55035,4,2005,KMHDN46DX5U1,K,M,H,D,N,4,6,D,X,5,U,1,0,0,0,Not Applicable,Not Applicable,0,0,0,1,0,0,0,0,0,0,0,55,0,0,0,99,6,2,12,0,0,0,1,4,85637,6,1,0,0,3,0,66,130,0,0,0,0,0,0,0,0,0,1,0,0,0,0,1,2,55,2,1,2,1,0,0,14,9,1,9,4,2,,,,1,0,P,HYUN,EST,4D,5.0,17.0,2635.0,,0.0,1027.0,,G,,F,4.0,121.0,,,15R195,,,,,,2012
4790,2012040005,4,40005,2,2,2,4,1,0,17,24,0,1,0,4,2,18,7,18007,4,1997,2G4WS52M6V14,2,G,4,W,S,5,2,M,6,V,1,4,0,0,0,Not Applicable,Not Applicable,0,0,0,1,0,0,0,0,0,0,0,55,0,0,0,12,6,2,12,0,0,0,1,4,85739,6,1,0,0,3,0,66,138,0,0,0,0,0,0,0,0,0,0,0,0,0,0,1,2,55,3,1,2,1,0,0,14,62,6,1,3,98,,,,0,0,P,BUIC,CCU,4D,97.0,17.0,3348.0,,0.0,1090.0,,G,,F,6.0,191.0,,,15R205,,,,,,2012
4791,2012040006,4,40006,1,1,1,4,1,9,46,15,0,1,0,4,1,12,3,12003,1,2006,1ZVHT84NX651,1,Z,V,H,T,8,4,N,X,6,5,1,0,0,0,Not Applicable,Not Applicable,0,0,0,1,0,0,0,0,0,0,0,45,0,0,0,12,6,2,15,0,0,0,1,4,85202,6,1,0,0,3,1,64,152,0,3,1,0,0,2,2011,7,2011,0,0,0,0,0,2,3,45,1,1,2,1,0,0,1,80,4,2,1,13,,,,0,0,P,FORD,MUS,CV,6.0,17.0,3477.0,,0.0,1071.0,,G,,F,6.0,244.0,,,16R215,,,,,,2012
4792,2012040007,4,40007,1,1,2,4,1,21,54,25,0,1,0,4,1,72,706,72706,80,2002,1HD1DDV132Y6,1,H,D,1,D,D,V,1,3,2,Y,6,0,0,0,Not Applicable,Not Applicable,0,0,0,1,0,0,0,0,0,0,0,65,0,0,0,12,6,2,25,0,0,0,1,4,85029,6,1,0,0,3,1,70,268,0,0,0,1,0,6,2010,6,2010,0,80,0,0,0,3,4,65,1,1,2,1,0,0,1,1,1,1,4,1,,,,1,0,M,HD,FHT,RS,2.0,17.0,,,,,,,1450.0,,2.0,,4.0,758.0,,,,,,,2012
4793,2012040008,4,40008,1,3,3,5,1,18,17,8,0,1,0,4,2,18,3,18003,4,2000,1G4CW52K3Y41,1,G,4,C,W,5,2,K,3,Y,4,1,0,0,0,Not Applicable,Not Applicable,0,0,0,1,0,0,0,0,0,0,0,0,0,0,0,62,2,1,54,0,0,0,1,4,85941,6,1,0,0,3,0,65,240,0,0,0,0,0,0,0,0,0,0,54,0,0,0,5,4,35,1,1,2,1,0,0,5,98,1,1,1,98,,,,0,0,P,BUIC,PKA,4D,0.0,17.0,3778.0,,0.0,1138.0,,G,,F,6.0,231.0,,,16R225,,,,,,2012
4794,2012040008,4,40008,2,3,2,5,1,18,17,8,0,1,0,4,3,49,403,49403,14,2010,5TDBK3EHXAS0,5,T,D,B,K,3,E,H,X,A,S,0,0,0,0,Not Applicable,Not Applicable,0,0,0,1,0,0,0,0,0,0,0,35,0,0,0,12,6,2,8,0,0,0,1,4,85941,6,1,0,0,3,3,67,230,0,0,0,0,0,0,0,0,0,0,0,0,0,0,5,4,35,1,1,2,1,0,0,1,83,3,2,1,13,,,,0,0,P,TOYT,HIG,UT,10.0,17.0,4178.0,,0.0,1098.0,,G,,F,6.0,214.0,,,17R245,,,,,,2012
4795,2012040008,4,40008,3,3,1,5,1,18,17,8,0,1,0,4,1,22,20,22020,4,2008,2G2WP5520811,2,G,2,W,P,5,5,2,0,8,1,1,0,0,0,Not Applicable,Not Applicable,0,0,0,1,0,0,0,0,0,0,0,35,0,0,0,61,4,1,12,0,0,0,1,4,85941,6,1,0,0,3,3,63,160,0,0,0,0,0,0,0,0,0,0,0,0,0,0,5,4,35,1,1,2,1,0,0,1,52,9,1,2,98,,,,0,0,P,PONT,GRA,4D,8.0,17.0,3477.0,,0.0,1105.0,,G,,F,6.0,232.0,,,16R225,,,,,,2012
4796,2012040009,4,40009,1,1,4,6,1,14,54,1,0,1,0,4,2,12,422,12422,15,2001,1FMRU15W01LB,1,F,M,R,U,1,5,W,0,1,L,B,0,0,0,Not Applicable,Not Applicable,0,0,0,1,0,0,0,0,0,0,0,65,0,1,1,0,6,2,1,0,0,0,1,4,85648,6,1,0,0,3,0,67,180,0,0,0,0,0,0,0,0,0,0,80,0,0,0,2,2,75,1,1,2,1,0,0,1,1,7,4,6,98,,,,1,0,P,FORD,EPT,UT,1.0,17.0,4886.0,,0.0,1191.0,,G,,F,8.0,281.0,,,16R255,,,,,,2012
4797,2012040010,4,40010,1,1,1,6,1,17,24,1,0,1,0,4,2,48,401,48401,14,2000,JF1SF6550YH7,J,F,1,S,F,6,5,5,0,Y,H,7,0,0,0,Not Applicable,Not Applicable,0,0,0,1,0,0,0,0,0,0,0,998,0,1,3,0,6,2,1,0,0,0,1,4,86326,6,1,0,0,3,0,66,170,0,0,0,0,0,0,0,0,0,0,58,12,0,0,2,2,65,2,6,2,1,0,0,14,9,6,4,9,7,,,,1,0,P,SUBA,FOR,UT,0.0,17.0,3125.0,,0.0,994.0,,G,,F,4.0,150.0,,,16R215,,,,,,2012
4798,2012040011,4,40011,1,1,1,7,1,23,49,25,0,1,0,4,1,72,706,72706,80,2009,1HD1GX4199K3,1,H,D,1,G,X,4,1,9,9,K,3,0,0,0,Not Applicable,Not Applicable,0,0,0,1,0,0,0,0,0,0,0,65,0,0,0,3,6,2,25,0,0,0,1,4,85053,6,1,0,0,3,3,72,190,0,0,0,1,0,1,2009,1,2009,1,89,0,0,0,6,2,65,3,1,1,1,0,0,14,13,1,1,4,1,,,,1,1,M,HD,FXI,RS,9.0,17.0,,,,,,,1584.0,,2.0,,4.0,667.0,,,,,,,2012
4799,2012040012,4,40012,1,2,1,9,1,9,52,12,1,1,0,4,1,41,35,41035,4,1999,JM1BJ2226X01,J,M,1,B,J,2,2,2,6,X,0,1,0,0,0,Not Applicable,Not Applicable,0,0,0,1,0,0,0,0,0,0,0,45,0,0,0,12,6,2,12,0,0,0,1,4,85226,6,1,0,0,3,0,62,180,0,0,0,0,0,0,0,0,0,9,89,0,0,0,1,2,45,1,1,2,1,0,0,1,52,1,1,1,28,,,,1,0,P,MAZD,PDL,4D,99.0,17.0,2449.0,,0.0,1028.0,,G,,F,4.0,97.0,,,14R185,,,,,,2012
4800,2012040012,4,40012,2,2,1,9,1,9,52,12,1,1,0,4,3,86,882,86882,63,2005,1M2K189CX5M0,1,M,2,K,1,8,9,C,X,5,M,0,0,0,99,Unknown,Unknown,3,2,7,1,0,0,0,0,0,0,0,7,0,0,0,6,2,1,12,0,0,0,1,4,85212,6,1,6,0,3,3,76,266,0,0,0,0,0,0,0,0,0,0,0,0,0,0,4,2,45,1,1,2,1,0,0,2,53,1,1,1,31,,,,0,0,T,MACK,MR6,TB,5.0,17.0,,8.0,0.0,0.0,600,D,,,6.0,728.0,,,,,0.0,0.0,,64.0,2012
4801,2012040013,4,40013,1,1,2,9,1,15,10,1,0,1,0,4,1,72,706,72706,80,2007,1HD1FF4127Y6,1,H,D,1,F,F,4,1,2,7,Y,6,0,0,0,Not Applicable,Not Applicable,0,0,0,1,0,0,0,0,0,0,0,32,0,0,0,0,6,2,1,0,0,0,1,4,85205,6,1,0,0,3,3,72,255,0,0,0,0,0,0,0,0,0,0,85,0,0,0,1,4,45,1,1,2,1,3,3,1,62,3,2,1,98,,,,1,0,M,HD,FHC,RS,7.0,17.0,,,,,,,1584.0,,2.0,,4.0,784.0,,,,,,,2012
4802,2012040014,4,40014,1,1,1,9,1,20,11,8,0,1,0,4,2,12,16,12016,4,2000,2FAFP74W6YX1,2,F,A,F,P,7,4,W,6,Y,X,1,0,0,0,Not Applicable,Not Applicable,0,0,0,1,0,0,0,0,0,0,0,998,0,0,0,12,4,1,8,0,0,0,1,4,85546,6,1,0,0,3,3,69,220,0,0,0,0,0,0,0,0,0,0,0,0,0,0,5,4,35,1,1,2,1,0,0,1,80,2,1,1,13,,,,0,0,P,FORD,CVL,4D,0.0,17.0,3968.0,,0.0,1147.0,,G,,F,8.0,281.0,,,16R225,,,,,,2012
4803,2012040015,4,40015,1,1,3,10,1,13,53,1,0,1,0,4,1,23,461,23461,21,2003,1GDFH15T8311,1,G,D,F,H,1,5,T,8,3,1,1,0,0,0,Not Applicable,Not Applicable,0,0,0,1,0,0,0,0,0,0,0,998,0,1,3,0,6,2,1,0,0,0,1,4,86351,6,1,0,0,3,3,69,120,0,0,0,0,0,0,0,0,0,0,0,0,0,0,2,2,75,2,6,2,1,0,0,14,12,7,1,4,6,,,,2,0,T,GMC,SV1,SV,3.0,17.0,,2.0,0.0,1350.0,S/V,G,,,8.0,325.0,,,,B,0.0,0.0,E,44.0,2012
4804,2012040016,4,40016,1,1,1,10,1,16,52,42,0,1,0,4,2,52,37,52037,3,2005,4A3AC84H65E0,4,A,3,A,C,8,4,H,6,5,E,0,0,0,0,Not Applicable,Not Applicable,0,0,0,1,0,0,0,0,0,0,0,45,0,0,0,12,6,2,42,0,0,0,1,4,85653,6,1,0,0,3,3,66,156,0,0,0,0,0,0,0,0,0,0,0,0,0,0,1,2,45,1,1,2,1,0,0,1,12,1,1,4,6,,,,1,0,P,MITS,ECG,2H,5.0,17.0,3142.0,,0.0,1008.0,,G,,F,6.0,183.0,,,17R215,,,,,,2012
4805,2012040017,4,40017,1,2,1,11,1,6,20,12,1,1,0,4,2,20,16,20016,4,2004,1G1JC52F0472,1,G,1,J,C,5,2,F,0,4,7,2,0,0,0,Not Applicable,Not Applicable,0,0,0,1,0,0,0,0,0,0,0,65,0,0,0,6,6,2,12,0,0,0,1,4,85273,6,1,0,0,3,0,67,115,0,0,0,1,0,5,2011,5,2011,0,28,0,0,0,1,2,65,2,6,2,1,0,0,14,9,6,4,2,66,,,,1,0,P,CHEV,CAV,4D,4.0,17.0,2676.0,,0.0,1041.0,,G,,F,4.0,134.0,,,14R195,,,,,,2012
4806,2012040017,4,40017,2,2,1,11,1,6,20,12,1,1,0,4,1,6,52,6052,6,2006,3A4FY48B16T2,3,A,4,F,Y,4,8,B,1,6,T,2,0,0,0,Not Applicable,Not Applicable,0,0,0,1,0,0,0,0,0,0,0,65,0,0,0,12,6,2,12,0,0,0,1,4,85501,6,1,0,0,3,0,61,140,0,0,0,0,0,0,0,0,0,0,0,0,0,0,1,2,65,3,5,2,1,0,0,14,62,1,1,1,66,,,,0,0,P,CHRY,PTC,SV,6.0,17.0,3018.0,,0.0,1030.0,,G,,F,4.0,148.0,,,17R205,,,,,,2012
4807,2012040018,4,40018,1,1,1,11,1,22,16,8,0,1,1,4,1,35,471,35471,30,1997,1N6SD16S3VC3,1,N,6,S,D,1,6,S,3,V,C,3,0,0,0,Not Applicable,Not Applicable,0,0,0,1,0,0,0,0,0,0,0,28,0,0,0,12,6,2,8,0,0,0,1,4,85029,6,1,0,0,3,0,67,170,0,0,0,1,0,5,2011,5,2011,0,39,0,0,0,5,5,40,1,1,2,1,2,3,1,80,1,1,1,13,,,,0,1,T,NISS,KSX,PC,97.0,17.0,,1.0,0.0,1161.0,TRK,G,,,4.0,146.0,,,,B,2848.0,2.0,M,42.0,2012
4808,2012040019,4,40019,1,1,1,12,1,18,49,8,0,1,0,4,1,7,482,7482,31,2003,3D7KU28603G8,3,D,7,K,U,2,8,6,0,3,G,8,1,1,0,Not Applicable,Not Applicable,0,0,0,1,0,0,0,0,0,0,0,10,0,0,0,12,2,1,8,0,0,0,1,4,85546,6,1,6,0,3,3,71,200,0,0,0,1,0,2,2009,2,2009,0,38,0,0,0,5,4,35,1,1,2,1,2,3,11,80,1,1,1,13,,,,0,0,T,DODG,SQ2,CW,3.0,17.0,,2.0,1605.0,1405.0,RPC,D,,,6.0,359.0,,,,C,5837.0,7.0,E,44.0,2012
4809,2012040020,4,40020,1,2,3,15,1,11,23,12,6,1,0,4,1,20,421,20421,15,1999,3GNFK16R7XG1,3,G,N,F,K,1,6,R,7,X,G,1,0,0,0,Not Applicable,Not Applicable,0,0,0,1,0,0,0,0,0,0,0,45,0,0,0,61,6,2,12,0,0,0,1,4,85142,6,1,0,0,3,0,67,145,0,0,0,1,0,7,2011,7,2011,0,39,91,0,0,5,6,45,1,1,2,1,2,3,1,17,1,1,1,89,,,,0,0,P,CHEV,K15,UT,99.0,17.0,5297.0,,0.0,1315.0,,G,,F,8.0,350.0,,,16R245,,,,,,2012
4810,2012040020,4,40020,2,2,2,15,1,11,23,12,6,1,0,4,1,12,481,12481,31,1956,F10V6R48087,F,1,0,V,6,R,4,8,0,8,7,,0,0,0,Not Applicable,Not Applicable,0,0,0,1,0,0,0,0,0,0,0,45,0,0,0,12,6,2,12,0,0,0,1,4,85249,6,1,0,0,3,0,74,180,0,0,0,0,0,0,0,0,0,0,0,0,0,0,5,4,45,1,1,2,1,2,3,1,66,4,2,1,88,,,,1,0,T,FORD,,,56.0,11.0,,,,,,,,,,,,,,,,,,,2012
4811,2012040021,4,40021,1,2,2,14,1,15,28,12,1,1,0,12,1,20,481,20481,32,2006,1GCHC23D26F1,1,G,C,H,C,2,3,D,2,6,F,1,0,0,0,Not Applicable,Not Applicable,0,0,0,1,0,0,0,0,0,0,0,80,0,0,0,12,6,2,12,0,0,0,1,12,33525,6,1,0,0,3,3,70,999,0,0,0,0,0,0,0,0,0,1,0,0,0,0,2,3,75,1,1,2,1,0,0,1,51,8,1,1,24,,,,1,0,T,CHEV,2CH,CW,6.0,17.0,,2.0,1670.0,1530.0,SIL,D,,,8.0,403.0,,,,C,5594.0,2.0,,42.0,2012
4812,2012040021,4,40021,2,2,1,14,1,15,28,12,1,1,0,27,1,82,883,82883,66,1993,1FUYACYB7PP4,1,F,U,Y,A,C,Y,B,7,P,P,4,1,1,57,00070851,5700070851,3,6,1,1,0,0,0,0,0,0,0,50,0,0,0,6,4,1,12,0,0,0,1,37,27615,6,1,6,0,3,0,71,999,0,0,0,0,0,0,0,0,0,0,0,0,0,0,2,3,75,1,1,2,1,0,0,1,53,1,1,1,25,,,,0,0,T,FRHT,FLA,TR,93.0,17.0,,8.0,0.0,0.0,COE,D,,,6.0,855.0,,,,,0.0,0.0,,64.0,2012
4813,2012040022,4,40022,1,2,1,15,1,13,43,12,6,1,0,4,1,6,52,6052,6,2004,3C4FY48B64T2,3,C,4,F,Y,4,8,B,6,4,T,2,0,0,0,Not Applicable,Not Applicable,0,0,0,1,0,0,0,0,0,0,0,15,0,0,0,82,6,2,12,0,0,0,1,4,86413,6,1,0,0,3,3,62,200,0,0,0,0,0,0,0,0,0,0,38,0,0,0,2,2,65,1,1,2,1,0,0,11,15,1,1,1,68,,,,0,0,P,CHRY,PTC,SV,4.0,17.0,3026.0,,0.0,1030.0,,G,,F,4.0,148.0,,,15R195,,,,,,2012
4814,2012040022,4,40022,2,2,2,15,1,13,43,12,6,1,0,4,1,38,402,38402,14,1994,4S2CY58V0R43,4,S,2,C,Y,5,8,V,0,R,4,3,0,0,0,Not Applicable,Not Applicable,0,0,0,1,0,0,0,0,0,0,0,65,0,0,0,12,6,2,12,32,0,0,1,4,86413,6,1,0,0,3,3,62,138,0,0,0,0,0,0,0,0,0,0,0,0,0,0,2,2,65,1,1,2,1,0,0,1,62,2,2,1,69,,,,1,0,P,ISU,ROD,UT,94.0,17.0,3970.0,,0.0,1087.0,,G,,F,6.0,195.0,,,16R245,,,,,,2012
4815,2012040023,4,40023,1,3,1,15,1,19,29,12,6,1,0,4,1,49,49,49049,6,2006,JTLKT334X641,J,T,L,K,T,3,3,4,X,6,4,1,0,0,0,Not Applicable,Not Applicable,0,0,0,1,0,0,0,0,0,0,0,60,0,0,0,3,6,2,12,0,0,0,1,4,85201,6,1,0,0,3,0,73,300,0,0,0,0,0,0,0,0,0,1,39,0,0,0,5,4,45,1,1,2,1,3,3,1,17,1,1,1,87,,,,1,0,P,TOYT,SXB,UT,6.0,17.0,2395.0,,0.0,984.0,,G,,F,4.0,92.0,,,15R185,,,,,,2012
4816,2012040023,4,40023,2,3,2,15,1,19,29,12,6,1,0,4,1,20,481,20481,31,2001,1GCEK19T11E1,1,G,C,E,K,1,9,T,1,1,E,1,0,0,0,Not Applicable,Not Applicable,0,0,0,1,0,0,0,0,0,0,0,45,0,0,0,12,6,2,12,35,0,0,1,4,85205,6,1,0,0,3,0,72,250,0,0,0,0,0,0,0,0,0,0,0,0,0,0,5,5,45,1,1,2,1,2,3,1,66,1,1,1,86,,,,0,0,T,CHEV,SK1,4C,1.0,17.0,,2.0,1575.0,1435.0,SIL,G,,,8.0,325.0,,,,B,4776.0,0.0,,44.0,2012
4817,2012040023,4,40023,3,3,2,15,1,19,29,12,6,1,0,4,1,59,33,59033,2,1995,JT8UZ30C4S00,J,T,8,U,Z,3,0,C,4,S,0,0,0,0,0,Not Applicable,Not Applicable,0,0,0,1,0,0,0,0,0,0,0,0,0,0,0,9,6,2,12,0,0,0,1,4,85205,6,1,0,0,3,0,76,215,0,0,0,0,0,0,0,0,0,0,0,0,0,0,5,5,45,1,1,2,1,2,3,5,66,1,1,1,98,,,,0,0,P,LEXS,SC4,CP,95.0,17.0,3625.0,,0.0,1059.0,,G,,F,8.0,242.0,,,16R225,,,,,,2012
4818,2012040024,4,40024,1,1,1,16,1,2,12,41,0,1,0,4,1,76,705,76705,80,2000,JYARJ04E4YA0,J,Y,A,R,J,0,4,E,4,Y,A,0,0,0,0,Not Applicable,Not Applicable,0,0,0,1,0,0,0,0,0,0,0,65,0,0,0,14,6,2,42,0,0,0,1,4,85308,6,1,0,0,3,0,71,140,0,0,0,1,0,2,2010,2,2010,9,99,99,99,99,6,1,65,3,6,2,2,0,0,14,13,1,1,4,1,,,,1,1,M,YAMA,R6L,RC,0.0,17.0,,,,,,,599.0,,4.0,,4.0,370.0,,,,,,,2012
4819,2012040025,4,40025,1,1,1,17,1,22,24,8,0,1,0,4,1,35,472,35472,30,2000,1N6DD21S1YC3,1,N,6,D,D,2,1,S,1,Y,C,3,0,0,0,Not Applicable,Not Applicable,0,0,0,1,0,0,0,0,0,0,0,65,0,0,0,12,6,2,8,0,0,0,1,4,85712,6,1,0,0,3,3,69,180,0,0,0,0,0,0,0,0,0,0,0,0,0,0,2,2,65,1,1,2,1,0,0,1,80,2,1,1,13,,,,0,0,T,NISS,FXE,PK,0.0,17.0,,1.0,0.0,1043.0,FRT,G,,,4.0,146.0,,,,B,2902.0,0.0,U,42.0,2012
4820,2012040026,4,40026,1,1,1,18,1,15,44,1,0,1,0,4,1,20,16,20016,4,2004,1G1JC52F6472,1,G,1,J,C,5,2,F,6,4,7,2,0,0,0,Not Applicable,Not Applicable,0,0,0,1,0,0,0,0,0,0,0,999,0,1,3,0,6,2,1,0,0,0,1,4,85210,6,1,0,0,3,3,69,175,0,0,0,0,0,0,0,0,0,1,58,0,0,0,2,2,65,1,1,2,1,0,0,1,9,6,4,9,7,,,,1,0,P,CHEV,CAV,4D,4.0,17.0,2676.0,,0.0,1041.0,,G,,F,4.0,134.0,,,14R195,,,,,,2012
4821,2012040027,4,40027,1,3,1,19,1,17,33,12,8,1,0,4,1,20,421,20421,15,1997,1GNEK13R8VJ4,1,G,N,E,K,1,3,R,8,V,J,4,0,0,0,Not Applicable,Not Applicable,0,0,0,1,0,0,0,0,0,0,0,35,0,1,1,12,6,2,12,0,0,0,1,4,85743,6,1,0,0,3,3,63,110,0,3,0,2,1,12,2010,8,2011,0,28,0,0,0,1,2,35,2,3,2,1,0,0,14,10,1,1,2,64,,,,1,0,P,CHEV,KTA,UT,97.0,17.0,5225.0,,0.0,1175.0,,G,,F,8.0,350.0,,,15R235,,,,,,2012
4822,2012040027,4,40027,2,3,3,19,1,17,33,12,8,1,0,4,2,7,881,7881,61,2002,3B6MC366X2M2,3,B,6,M,C,3,6,6,X,2,M,2,0,0,99,Unknown,Unknown,2,1,3,1,0,0,0,0,0,0,0,35,0,0,0,61,6,2,12,0,0,0,1,4,85705,0,0,0,0,0,0,73,185,0,1,0,0,0,2,2009,2,2009,0,0,0,0,0,1,2,35,3,3,2,1,0,0,14,62,1,1,1,65,,,,0,0,T,DODG,350,PK,2.0,17.0,,3.0,0.0,0.0,RPC,D,,,6.0,359.0,,,,D,0.0,0.0,E,42.0,2012
4823,2012040027,4,40027,3,3,2,19,1,17,33,12,8,1,0,4,2,49,403,49403,14,2003,JTEGF21A0300,J,T,E,G,F,2,1,A,0,3,0,0,0,0,0,Not Applicable,Not Applicable,0,0,0,1,0,0,0,0,0,0,0,35,0,0,0,62,4,1,12,0,0,0,1,4,85743,6,1,0,0,3,0,69,205,0,0,0,0,1,7,2009,7,2009,0,0,0,0,0,1,2,35,3,5,2,1,0,0,14,62,1,1,1,98,,,,0,0,P,TOYT,HIG,UT,3.0,17.0,3660.0,,0.0,1069.0,,G,,F,6.0,183.0,,,16R225,,,,,,2012
4824,2012040028,4,40028,1,1,1,20,1,99,99,25,0,1,0,49,2,35,39,35039,4,2004,1N4BA41E64C8,1,N,4,B,A,4,1,E,6,4,C,8,0,0,0,Not Applicable,Not Applicable,0,0,0,1,0,0,0,0,0,0,0,55,0,1,5,12,6,2,1,0,0,0,1,49,84770,2,1,0,0,2,0,65,190,98,1,1,0,1,4,2010,6,2011,1,0,0,0,0,3,2,55,2,1,2,1,0,0,14,9,7,9,4,2,,,,1,0,P,NISS,MEL,4D,4.0,17.0,3310.0,,0.0,1112.0,,G,,F,6.0,214.0,,,17R225,,,,,,2012
4825,2012040029,4,40029,1,1,1,20,1,15,30,38,0,1,0,4,1,37,32,37032,4,2009,1HGCP26469A1,1,H,G,C,P,2,6,4,6,9,A,1,0,0,0,Not Applicable,Not Applicable,0,0,0,1,0,0,0,0,0,0,0,999,0,1,6,12,6,2,34,0,0,0,1,4,85032,6,1,6,0,3,0,67,152,0,0,0,0,0,0,0,0,0,9,99,99,99,99,3,5,65,3,1,2,1,0,0,14,13,1,1,4,1,,,,1,0,P,HOND,LXP,4D,9.0,17.0,3236.0,,0.0,1102.0,,G,,F,4.0,146.0,,,16R215,,,,,,2012
4826,2012040030,4,40030,1,1,2,21,1,9,37,1,0,1,0,4,1,2,403,2403,14,1997,1J4FY19S9VP4,1,J,4,F,Y,1,9,S,9,V,P,4,0,0,0,Not Applicable,Not Applicable,0,0,0,1,0,0,0,0,0,0,0,49,0,1,5,0,6,2,42,35,0,0,1,4,85219,6,1,6,0,3,0,72,185,0,2,0,2,0,9,2009,8,2010,0,29,34,0,0,6,1,65,1,5,2,1,40,3,6,9,7,3,4,2,,,,1,0,T,JEEP,SPW,2W,97.0,17.0,,1.0,0.0,934.0,W/T,G,,,6.0,242.0,,,,,3156.0,0.0,E,44.0,2012
4827,2012040031,4,40031,1,1,1,21,1,15,46,42,0,1,0,4,2,19,3,19003,4,2000,1G6KD54YXYU1,1,G,6,K,D,5,4,Y,X,Y,U,1,0,0,0,Not Applicable,Not Applicable,0,0,0,1,0,0,0,0,0,0,0,55,0,0,0,12,6,2,42,0,0,0,1,4,85286,6,1,0,0,3,0,69,160,0,0,0,0,0,0,0,0,0,0,99,99,99,99,1,3,55,1,1,2,1,0,0,1,13,1,1,4,1,,,,1,1,P,CADI,DFW,4D,0.0,17.0,4012.0,,0.0,1138.0,,G,,F,8.0,279.0,,,16R225,,,,,,2012
4828,2012040032,4,40032,1,1,1,21,1,23,9,9,0,1,0,4,1,35,401,35401,14,1991,JN8HD17Y6MW0,J,N,8,H,D,1,7,Y,6,M,W,0,0,0,0,Not Applicable,Not Applicable,0,0,0,1,0,0,0,0,0,0,0,45,0,0,0,12,4,3,9,0,0,0,1,4,85213,6,1,0,0,3,3,72,245,0,0,0,2,0,8,2011,10,2011,0,0,0,0,0,5,4,45,1,1,2,1,2,3,1,83,1,1,1,13,,,,0,0,P,NISS,PFI,UT,91.0,17.0,3912.0,,0.0,1043.0,,G,,F,6.0,181.0,,,000000,,,,,,2012
4829,2012040033,4,40033,1,3,1,22,1,16,54,12,8,1,0,6,3,51,881,51881,66,2006,4V4NC9TK96N4,4,V,4,N,C,9,T,K,9,6,N,4,1,1,57,439648,57439648,3,6,1,1,0,0,0,0,0,0,0,70,0,1,6,1,6,2,1,0,0,0,1,5,72113,6,1,6,0,3,0,74,220,0,1,0,0,0,4,2010,4,2010,1,0,0,0,0,2,3,75,1,1,2,1,0,0,1,10,1,1,2,64,,,,0,0,T,VOLV,VNL,TR,6.0,17.0,,8.0,0.0,0.0,VVN,D,,,6.0,915.0,,,,,0.0,0.0,,64.0,2012
4830,2012040033,4,40033,2,3,2,22,1,16,54,12,8,1,0,4,1,19,18,19018,4,2003,1G6DM57N2301,1,G,6,D,M,5,7,N,2,3,0,1,0,0,0,Not Applicable,Not Applicable,0,0,0,1,0,0,0,0,0,0,0,75,0,0,0,81,6,2,12,0,0,0,1,4,85743,6,1,0,0,3,0,67,130,0,0,0,1,0,9,2010,9,2010,0,0,0,0,0,2,3,75,1,1,2,1,0,0,1,62,6,1,3,65,,,,0,0,P,CADI,C/T,4D,3.0,17.0,3509.0,,0.0,1134.0,,G,,F,6.0,194.0,,,16R225,,,,,,2012