index,accident_id,STATE,ST_CASE,VEH_NO,VE_FORMS,NUMOCCS,DAY,MONTH,HOUR,MINUTE,HARM_EV,MAN_COLL,UNITTYPE,HIT_RUN,REG_STAT,OWNER,MAKE,MODEL,MAK_MOD,BODY_TYP,MOD_YEAR,VIN,VIN_1,VIN_2,VIN_3,VIN_4,VIN_5,VIN_6,VIN_7,VIN_8,VIN_9,VIN_10,VIN_11,VIN_12,TOW_VEH,J_KNIFE,MCARR_I1,MCARR_I2,MCARR_ID,GVWR,V_CONFIG,CARGO_BT,HAZ_INV,HAZ_PLAC,HAZ_ID,HAZ_CNO,HAZ_REL,BUS_USE,SPEC_USE,EMER_USE,TRAV_SP,UNDERIDE,ROLLOVER,ROLINLOC,IMPACT1,DEFORMED,TOWED,M_HARM,VEH_SC1,VEH_SC2,FIRE_EXP,DR_PRES,L_STATE,DR_ZIP,L_STATUS,L_TYPE,CDL_STAT,L_ENDORS,L_COMPL,L_RESTRI,DR_HGT,DR_WGT,PREV_ACC,PREV_SUS,PREV_DWI,PREV_SPD,PREV_OTH,FIRST_MO,FIRST_YR,LAST_MO,LAST_YR,SPEEDREL,DR_SF1,DR_SF2,DR_SF3,DR_SF4,VTRAFWAY,VNUM_LAN,VSPD_LIM,VALIGN,VPROFILE,VPAVETYP,VSURCOND,VTRAFCON,VTCONT_F,P_CRASH1,P_CRASH2,P_CRASH3,PCRASH4,PCRASH5,ACC_TYPE,TRLR1VIN,TRLR2VIN,TRLR3VIN,DEATHS,DR_DRINK,VINTYPE,VINMAKE,VINA_MOD,VIN_BT,VINMODYR,VIN_LNGT,VIN_WGT,WGTCD_TR,WHLBS_LG,WHLBS_SH,SER_TR,FUELCODE,MCYCL_DS,CARBUR,CYLINDER,DISPLACE,MCYCL_CY,MCYCL_WT,TIRE_SZE,TON_RAT,TRK_WT,TRKWTVAR,VIN_REST,WHLDRWHL,Year
4831,2012040033,4,40033,3,3,2,22,1,16,54,12,8,1,0,4,4,7,25,7025,5,2011,1B3CB5HA8BD1,1,B,3,C,B,5,H,A,8,B,D,1,0,0,0,Not Applicable,Not Applicable,0,0,0,1,0,0,0,0,0,0,0,70,0,1,1,61,6,2,1,0,0,0,1,46,57702,6,1,0,0,3,3,73,275,0,0,0,1,0,2,2011,2,2011,0,0,0,0,0,2,3,75,1,1,2,1,0,0,1,62,1,1,1,98,,,,1,0,P,DODG,CHT,4D,11.0,17.0,3012.0,,0.0,1037.0,,G,,F,4.0,122.0,,,18R215,,,,,,2012
4832,2012040034,4,40034,1,3,1,23,1,4,17,12,99,1,1,99,9,99,999,99999,99,9999,Unknown,9,9,9,9,9,9,9,9,9,9,9,9,0,0,0,Not Applicable,Not Applicable,0,0,0,1,0,0,0,0,0,0,0,998,0,0,0,99,4,1,12,0,0,0,1,99,99999,9,9,99,0,9,9,999,999,99,99,99,99,99,99,9999,99,9999,0,99,99,99,99,6,2,98,2,1,8,1,21,3,14,9,1,9,7,98,,,,0,0,,,,,,,,,,,,,,,,,,,,,,,,,2012
4833,2012040034,4,40034,2,3,1,23,1,4,17,12,99,1,0,4,1,24,3,24003,6,1998,1G8ZH8287WZ2,1,G,8,Z,H,8,2,8,7,W,Z,2,0,0,0,Not Applicable,Not Applicable,0,0,0,1,0,0,0,0,0,0,0,65,0,0,0,82,6,2,12,0,0,0,1,4,85086,6,1,0,0,3,0,68,210,0,0,0,0,0,0,0,0,0,0,0,0,0,0,3,4,65,1,1,2,1,0,0,2,64,1,1,1,98,,,,1,0,P,STRN,SW1,SW,98.0,17.0,2420.0,,0.0,1024.0,,G,,F,4.0,116.0,,,14R175,,,,,,2012
4834,2012040034,4,40034,3,3,1,23,1,4,17,12,99,1,0,4,3,87,881,87881,66,2000,1XP5DB9XXYD5,1,X,P,5,D,B,9,X,X,Y,D,5,1,1,57,0078279,570078279,3,6,98,1,0,0,0,0,0,0,0,60,0,0,0,12,4,3,12,0,0,0,1,4,86333,6,1,6,0,3,3,71,200,0,0,0,0,0,0,0,0,0,0,0,0,0,0,3,4,65,1,1,2,1,0,0,1,52,1,1,1,98,,,,0,0,T,PTRB,379,TR,0.0,17.0,,8.0,0.0,0.0,CON,D,,,6.0,893.0,,,,,0.0,0.0,,64.0,2012
4835,2012040035,4,40035,1,1,2,24,1,15,56,21,0,1,0,4,2,24,7,24007,4,2006,1G8AJ55F06Z2,1,G,8,A,J,5,5,F,0,6,Z,2,0,0,0,Not Applicable,Not Applicable,0,0,0,1,0,0,0,0,0,0,0,75,0,1,6,12,6,2,1,0,0,0,1,4,85338,6,1,0,0,3,0,65,142,0,0,0,0,0,0,0,0,0,0,0,0,0,0,2,2,75,1,1,2,1,0,0,1,8,7,3,4,2,,,,1,0,P,STRN,SI2,4D,6.0,17.0,2802.0,,0.0,1035.0,,G,,F,4.0,134.0,,,15R195,,,,,,2012
4836,2012040036,4,40036,1,1,2,25,1,13,40,1,0,1,0,18,3,87,881,87881,66,2003,1XP7DB9X03D5,1,X,P,7,D,B,9,X,0,3,D,5,2,1,57,265752,57265752,3,7,1,1,0,0,0,0,0,0,0,75,0,1,5,0,6,2,1,0,0,0,1,4,85032,6,1,6,0,3,0,69,220,0,3,0,1,0,1,2009,1,2010,1,0,0,0,0,2,2,75,1,1,2,1,0,0,1,13,1,1,4,1,,,,1,0,T,PTRB,387,TR,3.0,17.0,,8.0,0.0,0.0,CON,D,,,6.0,893.0,,,,,0.0,0.0,,64.0,2012
4837,2012040037,4,40037,1,4,1,27,1,12,47,12,7,1,0,4,2,12,402,12402,14,2002,1FMCU04142KC,1,F,M,C,U,0,4,1,4,2,K,C,0,0,0,Not Applicable,Not Applicable,0,0,0,1,0,0,0,0,0,0,0,70,0,1,1,61,6,4,1,0,0,0,1,4,85541,6,1,0,0,3,3,66,140,0,0,0,0,0,0,0,0,0,1,28,84,0,0,2,2,40,1,1,2,1,2,3,15,50,6,1,3,47,,,,1,0,P,FORD,SPE,UT,2.0,17.0,3511.0,,0.0,1031.0,,G,,F,6.0,181.0,,,15R225,,,,,,2012
4838,2012040037,4,40037,2,4,2,27,1,12,47,12,7,1,0,4,2,12,481,12481,31,2005,1FTRX14W45NB,1,F,T,R,X,1,4,W,4,5,N,B,0,0,0,Not Applicable,Not Applicable,0,0,0,1,0,0,0,0,0,0,0,0,0,0,0,81,2,1,12,0,0,0,1,4,85541,6,1,0,0,3,0,62,140,0,0,0,0,0,0,0,0,0,0,0,0,0,0,2,2,40,1,1,2,1,2,3,5,61,1,1,1,45,,,,0,0,T,FORD,F15,4C,5.0,17.0,,2.0,1450.0,1260.0,COF,G,,,8.0,281.0,,,,B,5363.0,5.0,U,44.0,2012
4839,2012040037,4,40037,3,4,2,27,1,12,47,12,7,1,0,4,2,12,471,12471,30,1999,1FTYR14V0XPA,1,F,T,Y,R,1,4,V,0,X,P,A,0,0,0,Not Applicable,Not Applicable,0,0,0,1,0,0,0,0,0,0,0,0,0,0,0,10,2,1,12,0,0,0,1,4,85541,6,1,0,0,3,0,62,130,0,0,0,0,0,0,0,0,0,0,0,0,0,0,2,2,40,1,1,2,1,2,3,5,53,1,1,1,98,,,,0,0,T,FORD,RNS,PC,99.0,17.0,,1.0,0.0,1257.0,RNG,F,,,6.0,182.0,,,,B,0.0,0.0,U,42.0,2012
4840,2012040037,4,40037,4,4,3,27,1,12,47,12,7,1,0,4,1,18,7,18007,4,1999,2G4WS52M5X15,2,G,4,W,S,5,2,M,5,X,1,5,0,0,0,Not Applicable,Not Applicable,0,0,0,1,0,0,0,0,0,0,0,15,0,0,0,6,6,2,12,0,0,0,1,4,85541,6,1,0,0,3,0,66,152,0,0,0,0,0,0,0,0,0,0,0,0,0,0,1,2,40,1,1,2,1,2,3,11,15,1,1,1,98,,,,0,0,P,BUIC,CCU,4D,99.0,17.0,3353.0,,0.0,1090.0,,G,,F,6.0,191.0,,,15R205,,,,,,2012
4841,2012040038,4,40038,1,1,3,29,1,4,45,8,0,1,0,4,1,49,32,49032,4,2005,2T1BR32E95C3,2,T,1,B,R,3,2,E,9,5,C,3,0,0,0,Not Applicable,Not Applicable,0,0,0,1,0,0,0,0,0,0,0,45,0,0,0,12,4,3,8,0,0,0,1,4,85937,6,1,6,0,3,0,73,260,0,0,0,0,0,0,0,0,0,0,0,0,0,0,1,2,45,1,1,2,1,0,0,1,80,1,1,1,13,,,,0,0,P,TOYT,UCS,4D,5.0,17.0,2530.0,,0.0,1024.0,,G,,F,4.0,109.0,,,15R185,,,,,,2012
4842,2012040039,4,40039,1,2,1,3,1,18,37,12,99,1,0,4,1,35,43,35043,4,2004,3N1CB51DX4L4,3,N,1,C,B,5,1,D,X,4,L,4,0,0,0,Not Applicable,Not Applicable,0,0,0,1,0,0,0,0,0,0,0,10,0,0,0,99,6,2,12,0,0,0,1,4,85303,6,1,0,0,3,0,64,190,0,0,0,0,0,0,0,0,0,0,38,0,0,0,5,4,40,1,1,2,1,2,3,11,15,1,1,1,68,,,,0,0,P,NISS,S18,4D,4.0,17.0,2387.0,,0.0,998.0,,G,,F,4.0,108.0,,,15R195,,,,,,2012
4843,2012040039,4,40039,2,2,1,3,1,18,37,12,99,1,0,4,1,99,709,99709,80,2010,LXDPCNL06A20,L,X,D,P,C,N,L,0,6,A,2,0,0,0,0,Not Applicable,Not Applicable,0,0,0,1,0,0,0,0,0,0,0,40,0,0,0,99,6,2,12,0,0,0,1,4,85301,6,1,0,0,3,0,69,205,0,0,0,0,0,0,0,0,0,0,89,0,0,0,5,4,40,1,1,2,1,2,3,1,62,1,1,1,69,,,,1,0,U,,,,10.0,17.0,,,,,,,,,,,,,,,,,,,2012
4844,2012040040,4,40040,1,1,1,3,1,99,99,42,0,1,0,4,1,35,472,35472,30,2010,1N6AD0EV4AC4,1,N,6,A,D,0,E,V,4,A,C,4,0,0,0,Not Applicable,Not Applicable,0,0,0,1,0,0,0,0,0,0,0,998,0,0,0,14,6,2,2,0,0,1,1,4,85912,6,1,0,0,3,0,75,220,0,0,0,1,0,3,2009,3,2009,0,99,99,99,99,1,2,25,1,6,8,11,0,0,99,12,99,9,4,6,,,,1,1,T,NISS,CEN,CW,10.0,17.0,,1.0,0.0,0.0,FRT,G,,,6.0,244.0,,,,,4216.0,0.0,7,44.0,2012
4845,2012040041,4,40041,1,1,1,2,1,6,46,8,0,1,0,4,1,63,33,63033,4,2009,KNAFE2221956,K,N,A,F,E,2,2,2,1,9,5,6,0,0,0,Not Applicable,Not Applicable,0,0,0,1,0,0,0,0,0,0,0,25,0,0,0,12,2,1,8,0,0,0,1,4,85053,6,1,0,0,3,0,62,170,0,0,0,0,0,0,0,0,0,0,89,0,0,0,2,3,40,1,1,2,1,0,0,1,80,1,1,1,13,,,,0,0,P,KIA,SXC,4D,9.0,17.0,2701.0,,0.0,1028.0,,G,,F,4.0,122.0,,,15R195,,,,,,2012
4846,2012040042,4,40042,1,1,1,2,1,2,32,1,0,1,0,4,2,20,37,20037,4,2003,1G1NE52J23M6,1,G,1,N,E,5,2,J,2,3,M,6,0,0,0,Not Applicable,Not Applicable,0,0,0,1,0,0,0,0,0,0,0,998,0,1,5,0,6,2,1,0,0,0,1,4,86437,6,1,0,0,3,3,72,270,0,0,0,1,0,4,2010,4,2010,0,0,0,0,0,1,2,65,1,1,2,1,0,0,1,9,1,9,4,7,,,,1,1,P,CHEV,M/L,4D,3.0,17.0,3106.0,,0.0,1070.0,,G,,F,6.0,191.0,,,15R215,,,,,,2012
4847,2012040043,4,40043,1,2,1,3,1,9,42,12,1,1,0,4,1,37,32,37032,4,1987,JHMCA5623HC0,J,H,M,C,A,5,6,2,3,H,C,0,0,0,0,Not Applicable,Not Applicable,0,0,0,1,0,0,0,0,0,0,0,35,0,0,0,12,6,2,12,0,0,0,1,4,85706,6,1,0,0,3,0,72,240,0,0,0,0,0,0,0,0,0,1,0,0,0,0,5,2,35,1,1,2,1,3,3,1,8,1,1,1,20,,,,1,0,P,HOND,ADX,4D,87.0,17.0,2381.0,,0.0,1024.0,,G,,2,4.0,119.0,,,13R185,,,,,,2012
4848,2012040043,4,40043,2,2,1,3,1,9,42,12,1,1,0,4,1,55,401,55401,14,2012,5XYZK4AG4CG1,5,X,Y,Z,K,4,A,G,4,C,G,1,0,0,0,Not Applicable,Not Applicable,0,0,0,1,0,0,0,0,0,0,0,0,0,0,0,6,4,1,12,0,0,0,1,4,85653,6,1,0,0,3,0,72,240,0,0,0,0,0,0,0,0,0,0,0,0,0,0,5,2,35,1,1,2,1,3,3,5,53,1,1,1,21,,,,0,0,P,HYUN,SAN,UT,12.0,17.0,3968.0,,0.0,1063.0,,G,,F,6.0,212.0,,,18R235,,,,,,2012
4849,2012040044,4,40044,1,2,1,3,1,15,27,12,1,1,0,4,1,20,481,20481,31,2001,1GCEC14WX1Z1,1,G,C,E,C,1,4,W,X,1,Z,1,0,0,0,Not Applicable,Not Applicable,0,0,0,1,0,0,0,0,0,0,0,998,0,0,0,12,4,3,12,0,0,0,1,4,85648,6,1,0,0,3,0,70,195,0,1,0,0,0,2,2010,2,2010,1,91,0,0,0,2,2,35,2,6,2,1,0,0,14,51,1,1,1,24,,,,0,0,T,CHEV,SC1,PK,1.0,17.0,,2.0,1330.0,1190.0,SIL,G,,,6.0,262.0,,,,B,4135.0,0.0,,42.0,2012
4850,2012040044,4,40044,2,2,1,3,1,15,27,12,1,1,0,4,1,35,43,35043,4,1998,1N4AB41DXWC7,1,N,4,A,B,4,1,D,X,W,C,7,0,0,0,Not Applicable,Not Applicable,0,0,0,1,0,0,0,0,0,0,0,998,0,0,0,6,6,2,30,0,0,0,1,4,85621,6,1,0,0,3,0,62,128,0,0,0,0,0,0,0,0,0,0,0,0,0,0,2,2,35,3,6,2,1,0,0,14,53,1,1,1,25,,,,1,0,P,NISS,EXE,4D,98.0,17.0,2353.0,,0.0,998.0,,G,,F,4.0,97.0,,,13R155,,,,,,2012
4851,2012040045,4,40045,1,1,1,5,1,17,50,24,0,1,0,19,1,76,705,76705,80,2003,JYAVM01E13A0,J,Y,A,V,M,0,1,E,1,3,A,0,0,0,0,Not Applicable,Not Applicable,0,0,0,1,0,0,0,0,0,0,0,50,0,0,0,99,6,2,24,0,0,0,1,19,52302,6,1,0,0,3,0,70,150,1,0,0,0,0,9,2010,9,2010,1,0,0,0,0,3,1,35,2,5,2,1,0,0,14,12,1,1,4,6,,,,1,1,M,YAMA,V6A,RS,3.0,17.0,,,,,,,649.0,,2.0,,4.0,505.0,,,,,,,2012
4852,2012040047,4,40047,1,2,1,12,1,6,25,12,6,1,0,4,2,20,403,20403,14,2003,1GNDT13S7322,1,G,N,D,T,1,3,S,7,3,2,2,0,0,0,Not Applicable,Not Applicable,0,0,0,1,0,0,0,0,0,0,0,32,0,0,0,12,6,2,12,0,0,0,1,4,85023,6,1,0,0,3,0,71,242,0,0,0,0,1,10,2009,10,2009,0,39,0,0,0,4,2,35,1,1,2,1,2,3,1,17,1,1,1,86,,,,0,0,P,CHEV,TRL,UT,3.0,17.0,4600.0,,0.0,1130.0,,G,,F,6.0,256.0,,,16R245,,,,,,2012
4853,2012040047,4,40047,2,2,1,12,1,6,25,12,6,1,0,4,1,76,706,76706,80,2003,JYARN10E83A0,J,Y,A,R,N,1,0,E,8,3,A,0,0,0,0,Not Applicable,Not Applicable,0,0,0,1,0,0,0,0,0,0,0,26,0,0,0,82,6,2,12,0,0,0,1,4,85225,6,1,0,0,3,0,70,230,0,0,0,0,0,0,0,0,0,0,0,0,0,0,2,3,40,1,1,2,1,2,3,1,66,1,1,1,87,,,,1,0,M,YAMA,YFR,RC,3.0,17.0,,,,,,,998.0,,4.0,,4.0,382.0,,,,,,,2012
4854,2012040048,4,40048,1,1,1,13,1,15,1,9,0,1,1,4,1,20,421,20421,15,1998,1GNCS13W0W21,1,G,N,C,S,1,3,W,0,W,2,1,0,0,0,Not Applicable,Not Applicable,0,0,0,1,0,0,0,0,0,0,0,30,0,0,0,12,4,1,9,0,0,0,1,4,85023,6,1,0,0,3,0,71,165,0,0,0,0,0,0,0,0,0,1,91,0,0,0,2,2,40,1,1,2,1,2,3,1,83,1,1,1,13,,,,0,1,P,CHEV,BZR,UT,98.0,17.0,3685.0,,0.0,1070.0,,G,,F,6.0,262.0,,,15R235,,,,,,2012
4855,2012040049,4,40049,1,2,1,14,1,2,25,8,0,1,1,99,9,99,999,99999,99,9999,Unknown,9,9,9,9,9,9,9,9,9,9,9,9,0,0,0,Not Applicable,Not Applicable,0,0,0,1,0,0,0,0,0,0,0,999,0,0,0,12,9,1,8,0,0,0,1,99,99999,9,9,99,0,9,9,999,999,99,99,99,99,99,99,9999,99,9999,9,99,99,99,99,5,5,40,1,1,2,1,0,0,1,80,99,9,9,13,,,,0,0,,,,,,,,,,,,,,,,,,,,,,,,,2012
4856,2012040049,4,40049,2,2,1,14,1,2,25,8,0,1,0,18,3,84,881,84881,66,1999,2HSFPAEN1XC0,2,H,S,F,P,A,E,N,1,X,C,0,0,0,57,121058,57121058,3,5,96,1,0,0,0,0,0,0,0,30,0,0,0,14,0,1,8,0,0,0,1,4,85345,6,1,6,0,3,3,73,160,0,0,0,0,0,0,0,0,0,0,0,0,0,0,5,5,40,1,1,2,1,0,0,1,80,6,1,3,98,,,,0,0,T,INTL,910,TR,99.0,17.0,,7.0,1850.0,1400.0,910,D,,,6.0,855.0,,,,,0.0,0.0,,42.0,2012
4857,2012040050,4,40050,1,1,1,14,1,18,0,8,0,1,0,4,1,35,47,35047,2,2012,1N4AL2EP4CC1,1,N,4,A,L,2,E,P,4,C,C,1,0,0,0,Not Applicable,Not Applicable,0,0,0,1,0,0,0,0,0,0,0,998,0,0,0,12,6,2,8,0,0,0,1,4,85301,6,1,0,0,3,0,68,150,0,7,0,2,4,12,2009,10,2011,0,99,99,99,99,5,5,40,1,1,2,1,0,0,1,80,1,1,1,13,,,,0,0,P,NISS,A5S,CP,12.0,17.0,3081.0,,0.0,1053.0,,G,,F,4.0,153.0,,,17R215,,,,,,2012
4858,2012040051,4,40051,1,2,2,15,1,1,4,33,0,1,0,4,1,7,24,7024,4,2008,2B3KA43R08H1,2,B,3,K,A,4,3,R,0,8,H,1,0,0,0,Not Applicable,Not Applicable,0,0,0,1,0,0,0,0,0,0,0,998,0,0,0,14,6,2,12,0,0,0,1,4,85714,6,1,0,0,3,3,71,280,0,0,0,0,0,0,0,0,0,1,51,0,0,0,2,2,98,1,1,2,1,2,3,1,6,1,9,4,2,,,,1,1,P,DODG,CHA,4D,8.0,17.0,3727.0,,0.0,1200.0,,G,,F,6.0,165.0,,,17R215,,,,,,2012
4859,2012040051,4,40051,2,2,1,15,1,1,4,33,0,1,0,4,1,35,47,35047,4,2007,1N4AL21EX7N4,1,N,4,A,L,2,1,E,X,7,N,4,0,0,0,Not Applicable,Not Applicable,0,0,0,1,0,0,0,0,0,0,0,998,0,0,0,12,6,2,12,0,0,0,1,4,85706,6,1,0,0,3,3,65,150,0,2,1,1,0,4,2009,11,2009,0,0,0,0,0,2,2,98,2,1,2,1,0,0,14,54,1,1,1,98,,,,0,1,P,NISS,ATS,4D,7.0,17.0,3042.0,,0.0,1093.0,,G,,F,4.0,153.0,,,16R215,,,,,,2012
4860,2012040052,4,40052,1,2,1,20,1,15,55,12,6,1,0,4,1,72,706,72706,80,2006,1HD1KBW356Y6,1,H,D,1,K,B,W,3,5,6,Y,6,0,0,0,Not Applicable,Not Applicable,0,0,0,1,0,0,0,0,0,0,0,41,0,0,0,12,6,2,12,0,0,0,1,4,85143,1,1,0,0,2,0,67,142,0,5,2,0,0,10,2010,10,2011,0,27,0,0,0,2,2,35,1,1,2,1,3,3,15,17,1,1,1,69,,,,1,1,M,HD,FH2,RS,6.0,17.0,,,,,,,1450.0,,2.0,,4.0,0.0,,,,,,,2012
4861,2012040052,4,40052,2,2,1,20,1,15,55,12,6,1,0,4,1,12,481,12481,31,2003,2FTRX17263CA,2,F,T,R,X,1,7,2,6,3,C,A,0,0,0,Not Applicable,Not Applicable,0,0,0,1,0,0,0,0,0,0,0,12,0,0,0,4,2,1,12,0,0,0,1,4,85203,6,1,0,0,3,0,69,195,0,0,0,1,0,8,2010,8,2010,0,0,0,0,0,2,2,45,1,1,2,1,3,3,11,66,1,1,1,68,,,,0,0,T,FORD,F15,4C,3.0,17.0,,2.0,1571.0,1385.0,COF,G,,,6.0,256.0,,,,B,4060.0,0.0,U,42.0,2012
4862,2012040053,4,40053,1,1,1,20,1,15,48,9,0,1,0,4,1,35,47,35047,4,1998,1N4DL01D9WC1,1,N,4,D,L,0,1,D,9,W,C,1,0,0,0,Not Applicable,Not Applicable,0,0,0,1,0,0,0,0,0,0,0,43,0,0,0,12,4,3,9,0,0,0,1,4,85041,6,1,0,0,3,0,61,170,0,0,0,0,0,0,0,0,0,0,0,0,0,0,5,5,40,1,1,2,1,0,0,1,83,1,1,1,13,,,,0,0,P,NISS,AGS,4D,98.0,17.0,2766.0,,0.0,1031.0,,G,,F,4.0,146.0,,,15R195,,,,,,2012
4863,2012040054,4,40054,1,1,2,22,1,99,99,99,0,1,9,99,9,99,999,99999,99,9999,Unknown,9,9,9,9,9,9,9,9,9,9,9,9,0,0,0,Not Applicable,Not Applicable,0,0,0,1,0,0,0,0,0,0,0,999,0,0,0,99,9,9,99,0,0,0,1,99,99999,9,9,99,0,9,9,999,999,99,99,99,99,99,99,9999,99,9999,9,99,99,99,99,9,9,99,9,9,9,99,0,0,99,99,99,9,9,99,,,,1,0,,,,,,,,,,,,,,,,,,,,,,,,,2012
4864,2012040055,4,40055,1,2,1,22,1,18,51,12,6,1,1,4,2,34,401,34401,14,2001,WBAFA53561LM,W,B,A,F,A,5,3,5,6,1,L,M,0,0,0,Not Applicable,Not Applicable,0,0,0,1,0,0,0,0,0,0,0,998,0,0,0,12,6,2,12,0,0,0,1,4,85623,1,1,0,0,2,0,72,180,0,2,0,1,0,10,2011,10,2011,0,38,0,0,0,2,3,98,1,1,2,1,3,3,11,15,99,1,1,68,,,,0,0,P,BMW,BX5,UT,1.0,17.0,4519.0,,0.0,1110.0,,G,,F,6.0,182.0,,,18R235,,,,,,2012
4865,2012040055,4,40055,2,2,1,22,1,18,51,12,6,1,0,4,1,72,706,72706,80,1999,1HD1BJL43XY0,1,H,D,1,B,J,L,4,3,X,Y,0,0,0,0,Not Applicable,Not Applicable,0,0,0,1,0,0,0,0,0,0,0,998,0,0,0,62,6,2,12,0,0,0,1,4,85716,6,1,0,0,3,0,69,230,0,0,0,0,0,0,0,0,0,0,0,0,0,0,2,3,98,1,1,2,1,3,3,1,62,99,1,1,69,,,,1,1,M,HD,STC,RS,99.0,17.0,,,,,,,1340.0,,2.0,,4.0,704.0,,,,,,,2012
4866,2012040056,4,40056,1,1,1,23,1,1,47,30,0,1,0,4,1,55,33,55033,4,2004,KMHWF35H64A9,K,M,H,W,F,3,5,H,6,4,A,9,0,0,0,Not Applicable,Not Applicable,0,0,0,1,0,0,0,0,0,0,0,106,0,0,0,9,6,2,30,0,0,0,1,4,85712,1,1,0,0,2,0,68,130,0,2,0,0,1,2,2009,10,2010,1,0,0,0,0,2,3,40,4,1,2,1,0,0,14,13,1,9,4,1,,,,1,1,P,HYUN,SGX,4D,4.0,17.0,3212.0,,0.0,1063.0,,G,,F,6.0,162.0,,,16R205,,,,,,2012
4867,2012040057,4,40057,1,2,1,24,1,12,44,12,2,1,0,4,3,85,881,85881,66,2001,1XKDA08X51J8,1,X,K,D,A,0,8,X,5,1,J,8,1,3,57,139548,57139548,3,6,2,1,0,0,0,0,0,0,0,60,0,1,5,12,6,2,12,0,0,0,1,4,85710,6,1,6,0,3,3,76,290,0,0,0,0,1,7,2010,7,2010,0,28,0,0,0,1,2,55,1,6,2,1,0,0,1,10,1,1,2,50,,,,0,0,T,KW,T80,TR,1.0,17.0,,8.0,2600.0,1600.0,CON,D,,,6.0,661.0,,,,,0.0,0.0,,42.0,2012
4868,2012040057,4,40057,2,2,1,24,1,12,44,12,2,1,0,4,1,72,706,72706,80,2005,1HD1CGP175K4,1,H,D,1,C,G,P,1,7,5,K,4,0,0,0,Not Applicable,Not Applicable,0,0,0,1,0,0,0,0,0,0,0,55,0,0,0,12,6,2,12,0,0,0,1,4,85501,6,1,0,0,3,3,70,165,0,2,0,0,0,10,2010,11,2010,0,0,0,0,0,1,2,55,1,5,2,1,0,0,1,62,4,2,1,51,,,,1,0,M,HD,20C,RS,5.0,17.0,,,,,,,1199.0,,2.0,,4.0,554.0,,,,,,,2012
4869,2012040058,4,40058,1,1,2,26,1,18,35,8,0,1,0,4,2,12,17,12017,4,1995,1FALP52U0SG2,1,F,A,L,P,5,2,U,0,S,G,2,0,0,0,Not Applicable,Not Applicable,0,0,0,1,0,0,0,0,0,0,0,30,0,0,0,12,6,2,8,0,0,0,1,4,85013,6,1,0,0,3,0,65,149,0,0,0,0,0,0,0,0,0,0,0,0,0,0,5,4,35,1,1,2,1,0,0,1,80,1,1,1,13,,,,0,0,P,FORD,TGS,4D,95.0,17.0,3118.0,,0.0,1060.0,,G,,F,6.0,182.0,,,15R205,,,,,,2012
4870,2012040059,4,40059,1,1,1,26,1,19,53,8,0,1,0,4,1,12,471,12471,30,2004,1FTYR44U94PA,1,F,T,Y,R,4,4,U,9,4,P,A,0,0,0,Not Applicable,Not Applicable,0,0,0,1,0,0,0,0,0,0,0,998,0,0,0,12,4,1,8,0,0,0,1,4,85737,6,1,0,0,3,3,72,210,0,0,0,0,0,0,0,0,0,0,0,0,0,0,2,3,50,1,1,2,1,2,3,1,80,1,1,1,13,,,,0,0,T,FORD,RNS,4C,4.0,17.0,,1.0,0.0,1257.0,RNG,G,,,6.0,182.0,,,,B,3945.0,0.0,U,42.0,2012
4871,2012040060,4,40060,1,1,1,28,1,10,31,33,0,1,0,4,1,6,43,6043,4,2002,1C3EL46R72N2,1,C,3,E,L,4,6,R,7,2,N,2,0,0,0,Not Applicable,Not Applicable,0,0,0,1,0,0,0,0,0,0,0,62,0,0,0,14,6,2,42,0,0,0,1,4,85043,0,0,0,0,0,0,999,999,0,0,0,1,0,2,2011,2,2011,1,0,0,0,0,2,3,45,1,1,2,1,0,0,1,6,1,4,4,7,,,,1,0,P,CHRY,SLX,4D,2.0,17.0,3118.0,,0.0,1080.0,,G,,F,6.0,167.0,,,15R205,,,,,,2012
4872,2012040061,4,40061,1,1,2,28,1,20,1,8,0,1,0,48,2,18,2,18002,4,2003,1G4HP52K63U2,1,G,4,H,P,5,2,K,6,3,U,2,0,0,0,Not Applicable,Not Applicable,0,0,0,1,0,0,0,0,0,0,0,998,0,0,0,12,6,2,8,0,0,0,1,48,78639,6,1,0,0,3,0,999,999,0,0,0,1,0,1,2012,1,2012,0,0,0,0,0,5,4,45,1,1,2,1,0,0,1,80,4,1,1,13,,,,0,0,P,BUIC,LCF,4D,3.0,17.0,3567.0,,0.0,1122.0,,G,,F,6.0,231.0,,,15R215,,,,,,2012
4873,2012040062,4,40062,1,2,3,29,1,18,36,12,6,1,0,4,2,35,473,35473,31,2005,1N6AA07A05N5,1,N,6,A,A,0,7,A,0,5,N,5,0,0,0,Not Applicable,Not Applicable,0,0,0,1,0,0,0,0,0,0,0,10,0,0,0,7,6,9,12,0,0,0,1,4,85306,6,1,0,0,3,0,67,257,0,0,0,0,0,0,0,0,0,0,38,0,0,0,1,2,25,1,1,2,1,20,3,11,19,1,1,1,82,,,,0,0,T,NISS,TXS,CW,5.0,17.0,,2.0,0.0,1398.0,TTN,G,,,8.0,342.0,,,,C,4875.0,3.0,E,42.0,2012
4874,2012040062,4,40062,2,2,2,29,1,18,36,12,6,1,0,92,0,72,706,72706,80,1999,1HD1FCW14XY6,1,H,D,1,F,C,W,1,4,X,Y,6,0,0,0,Not Applicable,Not Applicable,0,0,0,1,0,0,0,0,0,0,0,51,0,0,0,12,6,2,12,0,0,0,1,4,85306,6,1,6,0,3,0,72,220,0,3,0,1,1,6,2009,12,2010,0,0,0,0,0,2,3,45,1,1,2,1,0,0,1,68,3,2,3,83,,,,1,0,M,HD,FLU,RS,99.0,17.0,,,,,,,1450.0,,2.0,,4.0,788.0,,,,,,,2012