index,accident_id,STATE,ST_CASE,VEH_NO,VE_FORMS,NUMOCCS,DAY,MONTH,HOUR,MINUTE,HARM_EV,MAN_COLL,UNITTYPE,HIT_RUN,REG_STAT,OWNER,MAKE,MODEL,MAK_MOD,BODY_TYP,MOD_YEAR,VIN,VIN_1,VIN_2,VIN_3,VIN_4,VIN_5,VIN_6,VIN_7,VIN_8,VIN_9,VIN_10,VIN_11,VIN_12,TOW_VEH,J_KNIFE,MCARR_I1,MCARR_I2,MCARR_ID,GVWR,V_CONFIG,CARGO_BT,HAZ_INV,HAZ_PLAC,HAZ_ID,HAZ_CNO,HAZ_REL,BUS_USE,SPEC_USE,EMER_USE,TRAV_SP,UNDERIDE,ROLLOVER,ROLINLOC,IMPACT1,DEFORMED,TOWED,M_HARM,VEH_SC1,VEH_SC2,FIRE_EXP,DR_PRES,L_STATE,DR_ZIP,L_STATUS,L_TYPE,CDL_STAT,L_ENDORS,L_COMPL,L_RESTRI,DR_HGT,DR_WGT,PREV_ACC,PREV_SUS,PREV_DWI,PREV_SPD,PREV_OTH,FIRST_MO,FIRST_YR,LAST_MO,LAST_YR,SPEEDREL,DR_SF1,DR_SF2,DR_SF3,DR_SF4,VTRAFWAY,VNUM_LAN,VSPD_LIM,VALIGN,VPROFILE,VPAVETYP,VSURCOND,VTRAFCON,VTCONT_F,P_CRASH1,P_CRASH2,P_CRASH3,PCRASH4,PCRASH5,ACC_TYPE,TRLR1VIN,TRLR2VIN,TRLR3VIN,DEATHS,DR_DRINK,VINTYPE,VINMAKE,VINA_MOD,VIN_BT,VINMODYR,VIN_LNGT,VIN_WGT,WGTCD_TR,WHLBS_LG,WHLBS_SH,SER_TR,FUELCODE,MCYCL_DS,CARBUR,CYLINDER,DISPLACE,MCYCL_CY,MCYCL_WT,TIRE_SZE,TON_RAT,TRK_WT,TRKWTVAR,VIN_REST,WHLDRWHL,Year
5051,2012040182,4,40182,3,3,1,24,3,10,7,12,6,1,0,4,1,37,31,37031,4,2004,2HGES26744H5,2,H,G,E,S,2,6,7,4,4,H,5,0,0,0,Not Applicable,Not Applicable,0,0,0,1,0,0,0,0,0,0,0,35,0,0,0,12,6,2,12,0,0,0,1,4,85029,6,1,0,0,3,3,68,153,0,0,0,0,0,0,0,0,0,0,0,0,0,0,2,3,45,1,1,2,1,0,0,1,62,4,1,3,98,,,,0,0,P,HOND,UAX,4D,4.0,17.0,2668.0,,0.0,1031.0,,G,,F,4.0,102.0,,,15R190,,,,,,2012
5052,2012040183,4,40183,1,1,3,25,3,13,55,1,0,1,0,49,2,23,401,23401,14,2004,1GKDT13S7421,1,G,K,D,T,1,3,S,7,4,2,1,0,0,0,Not Applicable,Not Applicable,0,0,0,1,0,0,0,0,0,0,0,65,0,1,5,0,6,2,1,0,0,0,1,49,84535,6,1,0,0,3,0,63,130,98,0,0,0,0,0,0,0,0,1,82,0,0,0,1,2,98,8,8,5,1,0,0,1,9,1,9,4,7,,,,2,0,T,GMC,ENV,4W,4.0,17.0,,1.0,0.0,1130.0,ENV,G,,,6.0,256.0,,,,B,4616.0,0.0,E,44.0,2012
5053,2012040184,4,40184,1,1,1,25,3,17,46,33,0,1,0,99,9,53,709,53709,80,2005,Unknown,9,9,9,9,9,9,9,9,9,9,9,9,0,0,0,Not Applicable,Not Applicable,0,0,0,1,0,0,0,0,0,0,0,999,0,0,0,14,9,9,42,0,0,0,1,4,86403,6,1,0,0,2,3,68,200,0,1,0,1,0,10,2010,12,2010,1,99,99,99,99,2,9,99,4,9,2,99,0,0,14,12,99,9,4,6,,,,1,1,,,,,,,,,,,,,,,,,,,,,,,,,2012
5054,2012040185,4,40185,1,1,5,26,3,2,40,1,0,1,0,4,1,7,482,7482,31,2003,3D7KU28D33G8,3,D,7,K,U,2,8,D,3,3,G,8,0,0,0,Not Applicable,Not Applicable,0,0,0,1,0,0,0,0,0,0,0,999,0,1,5,0,6,2,1,0,0,0,1,4,86503,6,1,0,0,3,0,63,160,0,0,0,0,0,0,0,0,0,0,0,0,0,0,1,2,65,1,1,2,1,0,0,1,9,99,9,4,2,,,,2,1,T,DODG,SQ2,CW,3.0,17.0,,2.0,1605.0,1405.0,RPC,G,,,8.0,345.0,,,,C,5837.0,7.0,E,44.0,2012
5055,2012040186,4,40186,1,2,1,27,3,23,8,12,7,1,0,4,2,6,43,6043,1,2000,3C3EL55H8YT2,3,C,3,E,L,5,5,H,8,Y,T,2,0,0,0,Not Applicable,Not Applicable,0,0,0,1,0,0,0,0,0,0,0,45,0,1,3,61,6,2,1,0,0,0,1,4,85201,6,1,0,0,3,0,69,215,0,0,0,0,0,0,0,0,0,0,27,0,0,0,2,2,40,1,1,2,1,0,0,15,10,1,1,2,47,,,,1,1,P,CHRY,SJI,CV,0.0,17.0,3364.0,,0.0,1060.0,,G,,F,6.0,152.0,,,16R215,,,,,,2012
5056,2012040186,4,40186,2,2,1,27,3,23,8,12,7,1,0,4,3,12,16,12016,4,2007,2FAFP71W17X1,2,F,A,F,P,7,1,W,1,7,X,1,0,0,0,Not Applicable,Not Applicable,0,0,0,1,0,0,0,0,0,0,0,45,0,0,0,81,4,1,12,0,0,0,1,4,85201,9,9,99,0,9,9,999,999,99,99,99,99,99,99,9999,99,9999,0,16,0,0,0,2,2,40,1,1,2,1,0,0,1,61,1,1,1,45,,,,0,0,P,FORD,CVP,4D,7.0,17.0,4129.0,,0.0,1146.0,,G,,F,8.0,281.0,,,17R235,,,,,,2012
5057,2012040187,4,40187,1,2,1,27,3,15,56,12,6,1,0,4,1,7,43,7043,4,2000,1B3EJ46X1YN2,1,B,3,E,J,4,6,X,1,Y,N,2,0,0,0,Not Applicable,Not Applicable,0,0,0,1,0,0,0,0,0,0,0,10,0,0,0,82,6,2,12,0,0,0,1,4,85225,6,1,0,0,3,0,71,278,0,0,0,0,0,0,0,0,0,0,48,0,0,0,5,6,45,1,1,2,1,0,0,11,15,1,1,1,68,,,,1,0,P,DODG,SSE,4D,0.0,17.0,2937.0,,0.0,1080.0,,G,,F,4.0,148.0,,,14R195,,,,,,2012
5058,2012040187,4,40187,2,2,1,27,3,15,56,12,6,1,0,4,1,12,481,12481,31,2005,1FTPW14595KC,1,F,T,P,W,1,4,5,9,5,K,C,0,0,0,Not Applicable,Not Applicable,0,0,0,1,0,0,0,0,0,0,0,40,0,0,0,12,6,2,12,0,0,0,1,4,85295,6,1,0,0,3,0,71,170,0,0,0,0,0,0,0,0,0,0,0,0,0,0,5,6,45,1,1,2,1,0,0,1,62,1,1,1,69,,,,0,0,T,FORD,F1S,CW,5.0,17.0,,2.0,1450.0,1260.0,COF,G,,,8.0,330.0,,,,B,5577.0,0.0,U,44.0,2012
5059,2012040188,4,40188,1,2,1,27,3,20,5,12,6,1,0,4,1,49,471,49471,30,1993,4TARN81AXPZ0,4,T,A,R,N,8,1,A,X,P,Z,0,0,0,0,Not Applicable,Not Applicable,0,0,0,1,0,0,0,0,0,0,0,40,0,0,0,12,6,2,12,0,0,0,1,4,85225,6,1,0,0,3,0,74,175,0,0,0,0,1,6,2010,6,2010,0,99,99,99,99,2,3,45,1,1,2,1,3,3,1,62,99,1,1,69,,,,1,0,T,TOYT,USS,PK,93.0,17.0,,1.0,0.0,1029.0,UHT,G,,,4.0,144.0,,,,B,2640.0,0.0,A,42.0,2012
5060,2012040188,4,40188,2,2,1,27,3,20,5,12,6,1,0,4,1,63,441,63441,20,2004,KNDUP131X465,K,N,D,U,P,1,3,1,X,4,6,5,0,0,0,Not Applicable,Not Applicable,0,0,0,1,0,0,0,0,0,0,0,15,0,0,0,82,6,2,12,0,0,0,1,4,85224,6,1,6,0,3,3,71,240,0,0,0,0,0,0,0,0,0,0,99,99,99,99,2,3,45,1,1,2,1,3,3,11,15,99,1,1,68,,,,0,0,P,KIA,SED,SV,4.0,17.0,4802.0,,0.0,1145.0,,G,,F,6.0,213.0,,,15R215,,,,,,2012
5061,2012040189,4,40189,1,2,2,28,3,12,50,12,6,1,0,4,2,18,7,18007,4,1997,2G4WS52M2V14,2,G,4,W,S,5,2,M,2,V,1,4,0,0,0,Not Applicable,Not Applicable,0,0,0,1,0,0,0,0,0,0,0,12,0,0,0,82,6,2,12,0,0,0,1,4,85020,0,0,0,0,0,0,64,127,0,0,0,0,0,0,0,0,0,0,38,0,0,0,5,5,40,1,1,2,1,2,3,11,15,1,1,1,68,,,,1,0,P,BUIC,CCU,4D,97.0,17.0,3348.0,,0.0,1090.0,,G,,F,6.0,191.0,,,15R205,,,,,,2012
5062,2012040189,4,40189,2,2,1,28,3,12,50,12,6,1,0,4,3,12,461,12461,21,2005,1FDSE35L05HB,1,F,D,S,E,3,5,L,0,5,H,B,1,1,88,None,None,2,4,99,1,0,0,0,0,0,0,0,27,0,0,0,12,6,2,12,0,0,0,1,4,85282,6,1,0,0,3,0,69,255,0,0,0,0,0,0,0,0,0,0,0,0,0,0,5,5,40,1,1,2,1,2,3,1,62,4,1,1,69,,,,0,0,T,FORD,3DC,YY,5.0,17.0,,2.0,1760.0,1380.0,CTV,G,,,8.0,330.0,,,,,0.0,0.0,E,42.0,2012
5063,2012040190,4,40190,1,1,1,29,3,23,51,8,0,1,1,6,3,20,481,20481,31,2008,1GCHK29K58E1,1,G,C,H,K,2,9,K,5,8,E,1,0,0,0,Not Applicable,Not Applicable,0,0,0,1,0,0,0,0,0,0,0,55,0,0,0,12,4,1,8,0,0,0,1,4,95076,0,0,0,0,0,0,67,155,0,0,0,0,0,0,0,0,0,9,91,0,0,0,5,4,55,1,1,2,1,0,0,1,80,1,1,1,13,,,,0,0,T,CHEV,2KH,4C,8.0,17.0,,2.0,1575.0,1435.0,SIL,G,,,8.0,366.0,,,,C,5735.0,2.0,,44.0,2012
5064,2012040191,4,40191,1,1,2,30,3,21,36,38,0,1,0,4,1,35,401,35401,14,2001,JN8DR07X01W5,J,N,8,D,R,0,7,X,0,1,W,5,0,0,0,Not Applicable,Not Applicable,0,0,0,1,0,0,0,0,0,0,0,80,0,1,3,98,6,2,1,0,0,0,1,4,85648,6,1,0,0,3,0,65,150,0,0,0,0,0,0,0,0,0,0,80,0,0,0,2,2,75,1,1,2,1,0,0,1,1,99,3,4,2,,,,1,0,P,NISS,PFI,UT,1.0,17.0,3737.0,,0.0,1063.0,,G,,F,6.0,213.0,,,16R245,,,,,,2012
5065,2012040192,4,40192,1,1,5,31,3,2,37,1,0,1,0,4,2,30,40,30040,4,2003,3VWPE69M53M1,3,V,W,P,E,6,9,M,5,3,M,1,0,0,0,Not Applicable,Not Applicable,0,0,0,1,0,0,0,0,0,0,0,65,0,1,5,0,6,2,1,0,0,1,1,4,85706,0,0,0,0,0,0,72,200,0,0,0,0,0,0,0,0,0,1,0,0,0,0,1,2,35,1,1,2,1,0,0,1,9,1,9,4,7,,,,1,1,P,VOLK,JWE,4D,3.0,17.0,2963.0,,0.0,989.0,,G,,T,4.0,109.0,,,16R205,,,,,,2012
5066,2012040193,4,40193,1,3,1,31,3,6,42,33,0,1,0,4,2,20,481,20481,31,2008,1GCEC14X68Z2,1,G,C,E,C,1,4,X,6,8,Z,2,0,0,0,Not Applicable,Not Applicable,0,0,0,1,0,0,0,0,0,0,0,63,0,0,0,14,6,2,12,0,0,0,1,4,85019,0,0,0,0,0,0,67,160,0,0,0,0,0,0,0,0,0,1,91,0,0,0,2,2,45,1,1,2,1,0,0,6,10,1,4,4,7,,,,0,1,T,CHEV,SC1,PK,8.0,17.0,,2.0,1330.0,1190.0,SIL,G,,,6.0,262.0,,,,B,4453.0,1.0,,42.0,2012
5067,2012040193,4,40193,2,3,1,31,3,6,42,33,0,1,0,4,1,7,20,7020,4,2005,1B3ES56CX5D2,1,B,3,E,S,5,6,C,X,5,D,2,0,0,0,Not Applicable,Not Applicable,0,0,0,1,0,0,0,0,0,0,0,50,0,0,0,12,6,2,12,0,0,0,1,4,86020,6,1,0,0,3,0,61,180,1,1,0,1,0,7,2011,10,2011,0,0,0,0,0,2,2,45,1,1,2,1,0,0,1,64,1,1,1,98,,,,1,0,P,DODG,NXT,4D,5.0,17.0,2634.0,,0.0,1040.0,,G,,F,4.0,122.0,,,15R185,,,,,,2012
5068,2012040193,4,40193,3,3,1,31,3,6,42,33,0,1,1,99,9,99,999,99999,99,9999,Unknown,9,9,9,9,9,9,9,9,9,9,9,9,0,0,0,Not Applicable,Not Applicable,0,0,0,1,0,0,0,0,0,0,0,998,0,0,0,12,9,1,12,0,0,0,1,99,99999,9,9,99,0,9,9,999,999,99,99,99,99,99,99,9999,99,9999,9,99,99,99,99,2,2,45,1,1,2,1,0,0,99,99,99,9,9,98,,,,0,0,,,,,,,,,,,,,,,,,,,,,,,,,2012
5069,2012040194,4,40194,1,1,1,31,3,19,17,8,0,1,0,4,1,37,421,37421,15,2005,2HKYF18555H5,2,H,K,Y,F,1,8,5,5,5,H,5,0,0,0,Not Applicable,Not Applicable,0,0,0,1,0,0,0,0,0,0,0,40,0,0,0,12,4,3,8,0,0,0,1,4,85222,6,1,0,0,3,0,64,145,0,0,0,0,0,0,0,0,0,0,0,0,0,0,5,4,45,1,1,2,1,0,0,1,80,1,1,1,13,,,,0,0,P,HOND,PIL,UT,5.0,17.0,4431.0,,0.0,1063.0,,G,,F,6.0,212.0,,,16R235,,,,,,2012
5070,2012040195,4,40195,1,2,2,31,3,21,33,1,0,1,0,4,2,21,21,21021,2,2003,1G3NL12F43C3,1,G,3,N,L,1,2,F,4,3,C,3,0,0,0,Not Applicable,Not Applicable,0,0,0,1,0,0,0,0,0,0,0,998,0,0,0,12,2,1,12,0,0,0,1,4,85381,6,1,0,0,3,0,68,185,0,0,0,0,0,0,0,0,0,0,38,0,0,0,5,4,40,1,1,2,1,3,3,11,15,1,1,1,98,,,,0,0,P,OLDS,A/G,CP,3.0,17.0,2961.0,,0.0,1070.0,,G,,F,4.0,134.0,,,15R215,,,,,,2012
5071,2012040195,4,40195,2,2,1,31,3,21,33,1,0,1,0,4,1,53,706,53706,80,2006,JS1VT53A4621,J,S,1,V,T,5,3,A,4,6,2,1,0,0,0,Not Applicable,Not Applicable,0,0,0,1,0,0,0,0,0,0,0,42,0,0,0,0,6,2,12,0,0,0,1,4,85381,6,1,0,0,3,3,70,175,0,0,0,0,0,0,0,0,0,1,0,0,0,0,5,4,40,1,1,2,1,3,3,1,62,98,7,3,98,,,,1,0,M,SUZI,DL1,RS,6.0,17.0,,,,,,,996.0,,2.0,,4.0,458.0,,,,,,,2012
5072,2012040196,4,40196,1,2,1,31,3,99,99,12,99,1,0,99,9,22,399,22399,4,2003,Unknown,9,9,9,9,9,9,9,9,9,9,9,9,0,0,0,Not Applicable,Not Applicable,0,0,0,1,0,0,0,0,0,0,0,999,0,0,0,99,9,9,12,0,0,0,1,4,85543,1,1,0,0,2,0,66,150,0,1,0,0,0,4,2011,4,2011,1,99,99,99,99,9,9,99,4,9,2,99,99,9,14,6,99,9,9,99,,,,1,1,,,,,,,,,,,,,,,,,,,,,,,,,2012
5073,2012040196,4,40196,2,2,3,31,3,99,99,12,99,1,0,99,9,7,499,7499,39,2003,Unknown,9,9,9,9,9,9,9,9,9,9,9,9,0,0,0,Not Applicable,Not Applicable,0,0,0,1,0,0,0,0,0,0,0,999,0,0,0,99,9,9,12,0,0,0,1,4,85543,6,1,0,0,3,0,70,154,0,0,0,0,0,0,0,0,0,9,99,99,99,99,9,9,99,9,9,2,99,99,9,99,62,99,9,9,99,,,,0,0,,,,,,,,,,,,,,,,,,,,,,,,,2012
5074,2012040197,4,40197,1,1,1,1,4,5,25,8,0,1,0,4,1,12,481,12481,31,2003,1FTNW20P23EC,1,F,T,N,W,2,0,P,2,3,E,C,0,0,0,Not Applicable,Not Applicable,0,0,0,1,0,0,0,0,0,0,0,45,0,0,0,12,2,1,8,0,0,0,1,4,85735,6,1,0,0,3,3,66,220,0,0,0,0,0,0,0,0,0,0,0,0,0,0,2,2,55,1,1,2,1,8,3,1,80,9,1,3,13,,,,0,0,T,FORD,F2S,CW,3.0,17.0,,2.0,1724.0,1562.0,SRW,D,,,8.0,366.0,,,,C,5870.0,0.0,E,42.0,2012
5075,2012040198,4,40198,1,1,1,2,4,6,26,8,0,1,0,4,1,12,37,12037,4,2008,1FAHP35N08W2,1,F,A,H,P,3,5,N,0,8,W,2,0,0,0,Not Applicable,Not Applicable,0,0,0,1,0,0,0,0,0,0,0,45,0,0,0,12,6,2,8,0,0,0,1,4,85204,6,1,0,0,3,3,65,170,0,0,0,0,0,0,0,0,0,0,0,0,0,0,8,8,45,1,1,2,1,3,3,1,80,1,1,1,13,,,,0,0,P,FORD,FMS,4D,8.0,17.0,2623.0,,0.0,1029.0,,G,,F,4.0,122.0,,,16R205,,,,,,2012
5076,2012040199,4,40199,1,2,1,6,4,12,15,12,6,1,0,4,1,12,16,12016,4,2002,2FAFP73W22X1,2,F,A,F,P,7,3,W,2,2,X,1,0,0,0,Not Applicable,Not Applicable,0,0,0,1,0,0,0,0,0,0,0,7,0,0,0,12,6,2,12,0,0,0,1,4,85365,6,1,0,0,3,0,65,200,1,0,0,0,1,5,2010,6,2010,0,38,0,0,0,5,4,35,1,1,2,1,0,0,11,15,1,1,1,68,,,,0,0,P,FORD,CVI,4D,2.0,17.0,3942.0,,0.0,1147.0,,G,,F,8.0,281.0,,,16R225,,,,,,2012
5077,2012040199,4,40199,2,2,1,6,4,12,15,12,6,1,0,4,1,72,706,72706,80,2007,1HD1GX4187K3,1,H,D,1,G,X,4,1,8,7,K,3,0,0,0,Not Applicable,Not Applicable,0,0,0,1,0,0,0,0,0,0,0,35,0,0,0,62,6,2,12,0,0,0,1,4,85365,6,1,0,0,3,0,70,178,0,0,0,0,0,0,0,0,0,0,0,0,0,0,5,4,35,1,1,2,1,0,0,1,62,1,1,1,69,,,,1,0,M,HD,FXI,RS,7.0,17.0,,,,,,,1584.0,,2.0,,4.0,634.0,,,,,,,2012
5078,2012040200,4,40200,1,1,2,7,4,4,12,31,0,1,0,4,9,23,471,23471,30,2002,1GTCS1451281,1,G,T,C,S,1,4,5,1,2,8,1,0,0,0,Not Applicable,Not Applicable,0,0,0,1,0,0,0,0,0,0,0,999,0,1,5,99,6,2,1,0,0,0,1,99,99999,9,9,99,0,9,9,999,999,99,99,99,99,99,99,9999,99,9999,0,99,99,99,99,2,2,75,1,1,2,1,0,0,1,9,7,3,4,2,,,,1,0,T,GMC,SON,PK,2.0,17.0,,1.0,0.0,1083.0,SON,F,,,4.0,133.0,,,,B,3016.0,0.0,U,42.0,2012
5079,2012040201,4,40201,1,1,1,7,4,9,45,1,0,1,0,4,1,76,703,76703,88,2005,LPRSE13Y85A3,L,P,R,S,E,1,3,Y,8,5,A,3,0,0,0,Not Applicable,Not Applicable,0,0,0,1,0,0,0,0,0,0,0,30,0,0,0,0,6,2,1,0,0,0,1,4,85301,1,1,0,0,2,0,72,186,0,1,0,0,0,9,2011,9,2011,0,80,0,0,0,5,5,45,1,1,2,1,0,0,1,1,1,1,1,98,,,,1,0,M,YAMA,X2V,MS,5.0,17.0,,,,,,,125.0,,1.0,,4.0,999.0,,,,,,,2012
5080,2012040202,4,40202,1,1,1,7,4,19,30,42,0,1,0,4,2,49,401,49401,14,2001,JT3GN86R2102,J,T,3,G,N,8,6,R,2,1,0,2,0,0,0,Not Applicable,Not Applicable,0,0,0,1,0,0,0,0,0,0,0,65,0,0,0,12,6,2,42,0,0,0,1,4,85939,6,1,0,0,3,3,69,160,0,0,0,0,0,0,0,0,0,0,99,99,99,99,1,4,65,1,1,2,1,0,0,1,13,1,1,4,1,,,,1,0,P,TOYT,RUN,UT,1.0,17.0,3600.0,,0.0,1053.0,,G,,F,6.0,206.0,,,15R225,,,,,,2012
5081,2012040203,4,40203,1,1,1,8,4,19,18,1,0,1,0,4,1,72,706,72706,80,2001,1HD1FBW181Y6,1,H,D,1,F,B,W,1,8,1,Y,6,0,0,0,Not Applicable,Not Applicable,0,0,0,1,0,0,0,0,0,0,0,998,0,0,0,0,6,2,1,0,0,0,1,4,86301,6,1,0,0,2,0,70,175,0,0,0,1,0,7,2011,7,2011,1,0,0,0,0,1,2,50,3,1,2,1,0,0,14,6,3,2,4,2,,,,1,1,M,HD,LRI,RS,1.0,17.0,,,,,,,1450.0,,2.0,,4.0,723.0,,,,,,,2012
5082,2012040205,4,40205,1,2,1,13,4,7,18,12,6,1,0,4,2,76,705,76705,80,2003,JYARJ06E63A0,J,Y,A,R,J,0,6,E,6,3,A,0,0,0,0,Not Applicable,Not Applicable,0,0,0,1,0,0,0,0,0,0,0,43,0,0,0,12,6,2,12,0,0,0,1,4,85379,6,1,0,0,3,0,67,170,0,1,0,0,2,7,2010,1,2011,0,39,28,0,0,1,4,40,1,1,2,1,3,3,1,17,1,1,3,69,,,,1,0,M,YAMA,R6L,RC,3.0,17.0,,,,,,,599.0,,4.0,,4.0,357.0,,,,,,,2012
5083,2012040205,4,40205,2,2,1,13,4,7,18,12,6,1,0,4,2,20,403,20403,14,2003,1GNES16S6361,1,G,N,E,S,1,6,S,6,3,6,1,0,0,0,Not Applicable,Not Applicable,0,0,0,1,0,0,0,0,0,0,0,15,0,0,0,82,6,2,12,0,0,0,1,4,85345,6,1,0,0,3,0,66,180,0,0,0,0,0,0,0,0,0,0,0,0,0,0,1,4,40,1,1,2,1,3,3,11,63,1,1,1,68,,,,0,0,P,CHEV,TRL,UT,3.0,17.0,4836.0,,0.0,1290.0,,G,,F,6.0,256.0,,,17R245,,,,,,2012
5084,2012040206,4,40206,1,3,1,15,4,3,18,12,1,1,1,4,1,20,4,20004,2,2008,1G1YY26W6851,1,G,1,Y,Y,2,6,W,6,8,5,1,0,0,0,Not Applicable,Not Applicable,0,0,0,1,0,0,0,0,0,0,0,998,0,0,0,12,6,2,12,0,0,0,1,4,85207,6,1,0,0,3,0,79,220,0,2,1,0,0,3,2011,6,2011,1,0,0,0,0,3,7,65,1,1,2,1,0,0,1,51,3,2,1,24,,,,0,1,P,CHEV,CVT,CP,8.0,17.0,3217.0,,0.0,1057.0,,G,,F,8.0,378.0,,,18R245,,,,,,2012
5085,2012040206,4,40206,2,3,3,15,4,3,18,12,1,1,0,4,2,20,19,20019,4,1991,1G1LT53G4MY1,1,G,1,L,T,5,3,G,4,M,Y,1,0,0,0,Not Applicable,Not Applicable,0,0,0,1,0,0,0,0,0,0,0,998,0,0,0,6,6,2,12,0,0,0,1,4,85119,6,1,0,0,3,0,75,320,0,1,0,0,1,5,2009,6,2011,0,0,0,0,0,3,7,65,1,1,2,1,0,0,1,53,1,1,1,25,,,,2,0,P,CHEV,COL,4D,91.0,17.0,2569.0,,0.0,1034.0,,G,,F,4.0,133.0,,,14R185,,,,,,2012
5086,2012040206,4,40206,3,3,2,15,4,3,18,12,1,1,0,4,1,30,40,30040,4,1995,3VWWC81H9SM0,3,V,W,W,C,8,1,H,9,S,M,0,0,0,0,Not Applicable,Not Applicable,0,0,0,1,0,0,0,0,0,0,0,998,0,0,0,6,6,2,12,0,0,0,1,4,85281,6,1,0,0,3,0,70,175,0,0,0,1,0,10,2010,10,2010,0,0,0,0,0,3,7,65,1,1,2,1,0,0,1,61,1,1,1,98,,,,0,0,P,VOLK,J3B,4D,95.0,17.0,2570.0,,0.0,974.0,,G,,F,4.0,121.0,,,14R185,,,,,,2012
5087,2012040207,4,40207,1,1,2,15,4,10,19,33,0,1,0,4,1,20,2,20002,2,9999,20HKF30419,2,0,H,K,F,3,0,4,1,9,,,0,0,0,Not Applicable,Not Applicable,0,0,0,1,0,0,0,0,0,0,0,998,0,1,5,14,6,2,1,0,0,1,1,4,85215,6,1,0,0,3,0,72,240,0,0,0,0,0,0,0,0,0,1,0,0,0,0,8,8,45,2,1,2,1,0,0,14,6,1,9,4,2,,,,1,0,U,,,,,10.0,,,,,,,,,,,,,,,,,,,2012
5088,2012040208,4,40208,1,1,1,16,4,3,25,33,0,1,0,4,1,12,401,12401,14,1997,1FMDU32P0VZA,1,F,M,D,U,3,2,P,0,V,Z,A,0,0,0,Not Applicable,Not Applicable,0,0,0,1,0,0,0,0,0,0,0,998,0,1,6,14,6,2,1,0,0,0,1,4,85713,6,1,0,0,3,0,65,150,0,0,0,0,0,0,0,0,0,9,99,99,99,99,5,4,25,1,1,2,1,0,0,99,9,99,9,4,2,,,,1,1,P,FORD,EPR,UT,97.0,17.0,3939.0,,0.0,1115.0,,G,,F,8.0,302.0,,,15R225,,,,,,2012
5089,2012040209,4,40209,1,1,1,16,4,5,10,38,0,1,0,4,2,49,33,49033,3,1994,JT2AT00N6R00,J,T,2,A,T,0,0,N,6,R,0,0,0,0,0,Not Applicable,Not Applicable,0,0,0,1,0,0,0,0,0,0,0,50,0,0,0,9,6,2,38,0,0,0,1,4,85706,6,1,0,0,3,0,67,200,1,0,0,0,2,12,2011,1,2012,1,39,0,0,0,1,2,25,1,4,2,1,0,0,1,6,1,9,4,7,,,,1,1,P,TOYT,LST,2H,94.0,17.0,2495.0,,0.0,999.0,,G,,F,4.0,108.0,,,14R185,,,,,,2012
5090,2012040210,4,40210,1,2,1,16,4,18,30,12,6,1,0,4,1,37,403,37403,14,2006,5J6YH28676L0,5,J,6,Y,H,2,8,6,7,6,L,0,0,0,0,Not Applicable,Not Applicable,0,0,0,1,0,0,0,0,0,0,0,35,0,0,0,12,6,2,12,0,0,0,1,4,85653,6,1,3,0,3,0,71,175,0,2,0,1,0,2,2011,5,2011,0,39,0,0,0,1,2,40,1,1,2,1,20,3,1,17,1,1,1,88,,,,0,0,P,HOND,ELE,UT,6.0,17.0,3578.0,,0.0,1014.0,,G,,F,4.0,146.0,,,16R215,,,,,,2012
5091,2012040210,4,40210,2,2,1,16,4,18,30,12,6,1,0,4,1,12,3,12003,1,2007,1ZVFT84N5752,1,Z,V,F,T,8,4,N,5,7,5,2,0,0,0,Not Applicable,Not Applicable,0,0,0,1,0,0,0,0,0,0,0,40,0,0,0,61,6,2,12,0,0,0,1,4,85736,6,1,0,0,3,3,69,165,0,0,0,1,0,12,2010,12,2010,0,0,0,0,0,1,2,40,1,1,2,1,0,0,1,66,1,1,1,89,,,,1,0,P,FORD,MUS,CV,7.0,17.0,3352.0,,0.0,1071.0,,G,,F,6.0,244.0,,,16R215,,,,,,2012
5092,2012040211,4,40211,1,1,1,18,4,12,16,8,0,1,0,4,1,20,401,20401,14,2000,1GNCS13W8Y21,1,G,N,C,S,1,3,W,8,Y,2,1,0,0,0,Not Applicable,Not Applicable,0,0,0,1,0,0,0,0,0,0,0,4,0,0,0,12,0,1,8,0,0,0,1,4,85018,6,1,0,0,3,3,67,125,0,0,0,0,0,0,0,0,0,0,38,0,0,0,1,2,30,1,1,2,1,2,3,10,80,1,1,1,13,,,,0,0,P,CHEV,BZR,UT,0.0,17.0,3671.0,,0.0,1070.0,,G,,F,6.0,262.0,,,15R205,,,,,,2012
5093,2012040212,4,40212,1,3,2,18,4,12,58,12,1,1,0,4,1,49,50,49050,3,2010,JTKDE3B77A03,J,T,K,D,E,3,B,7,7,A,0,3,0,0,0,Not Applicable,Not Applicable,0,0,0,1,0,0,0,0,0,0,0,65,0,0,0,12,6,2,12,0,0,0,1,4,85635,6,1,0,0,3,0,64,115,0,0,0,0,0,0,0,0,0,0,28,58,0,0,1,4,65,1,1,2,1,0,0,99,11,1,1,2,24,,,,2,0,P,TOYT,SXC,2H,10.0,17.0,2905.0,,0.0,1063.0,,G,,F,4.0,144.0,,,17R215,,,,,,2012
5094,2012040212,4,40212,2,3,1,18,4,12,58,12,1,1,0,4,1,22,22,22022,4,2008,1G2ZF57B4842,1,G,2,Z,F,5,7,B,4,8,4,2,0,0,0,Not Applicable,Not Applicable,0,0,0,1,0,0,0,0,0,0,0,65,0,0,0,12,6,2,12,0,0,0,1,4,85635,6,1,0,0,3,3,64,165,0,0,0,0,0,0,0,0,0,0,0,0,0,0,1,4,65,1,1,2,1,0,0,1,62,1,1,1,98,,,,0,0,P,PONT,6VB,4D,8.0,17.0,3305.0,,0.0,1123.0,,G,,F,4.0,146.0,,,16R215,,,,,,2012
5095,2012040212,4,40212,3,3,1,18,4,12,58,12,1,1,0,4,1,30,40,30040,4,2009,3VWRL71K19M1,3,V,W,R,L,7,1,K,1,9,M,1,0,0,0,Not Applicable,Not Applicable,0,0,0,1,0,0,0,0,0,0,0,65,0,0,0,6,2,1,12,0,0,0,1,4,85615,6,1,6,0,3,3,72,170,0,0,0,0,0,0,0,0,0,0,0,0,0,0,1,4,65,1,1,2,1,0,0,1,60,1,1,1,25,,,,0,0,P,VOLK,JTD,4D,9.0,17.0,3230.0,,0.0,1015.0,,D,,T,4.0,120.0,,,16R205,,,,,,2012