index,accident_id,STATE,ST_CASE,VEH_NO,VE_FORMS,NUMOCCS,DAY,MONTH,HOUR,MINUTE,HARM_EV,MAN_COLL,UNITTYPE,HIT_RUN,REG_STAT,OWNER,MAKE,MODEL,MAK_MOD,BODY_TYP,MOD_YEAR,VIN,VIN_1,VIN_2,VIN_3,VIN_4,VIN_5,VIN_6,VIN_7,VIN_8,VIN_9,VIN_10,VIN_11,VIN_12,TOW_VEH,J_KNIFE,MCARR_I1,MCARR_I2,MCARR_ID,GVWR,V_CONFIG,CARGO_BT,HAZ_INV,HAZ_PLAC,HAZ_ID,HAZ_CNO,HAZ_REL,BUS_USE,SPEC_USE,EMER_USE,TRAV_SP,UNDERIDE,ROLLOVER,ROLINLOC,IMPACT1,DEFORMED,TOWED,M_HARM,VEH_SC1,VEH_SC2,FIRE_EXP,DR_PRES,L_STATE,DR_ZIP,L_STATUS,L_TYPE,CDL_STAT,L_ENDORS,L_COMPL,L_RESTRI,DR_HGT,DR_WGT,PREV_ACC,PREV_SUS,PREV_DWI,PREV_SPD,PREV_OTH,FIRST_MO,FIRST_YR,LAST_MO,LAST_YR,SPEEDREL,DR_SF1,DR_SF2,DR_SF3,DR_SF4,VTRAFWAY,VNUM_LAN,VSPD_LIM,VALIGN,VPROFILE,VPAVETYP,VSURCOND,VTRAFCON,VTCONT_F,P_CRASH1,P_CRASH2,P_CRASH3,PCRASH4,PCRASH5,ACC_TYPE,TRLR1VIN,TRLR2VIN,TRLR3VIN,DEATHS,DR_DRINK,VINTYPE,VINMAKE,VINA_MOD,VIN_BT,VINMODYR,VIN_LNGT,VIN_WGT,WGTCD_TR,WHLBS_LG,WHLBS_SH,SER_TR,FUELCODE,MCYCL_DS,CARBUR,CYLINDER,DISPLACE,MCYCL_CY,MCYCL_WT,TIRE_SZE,TON_RAT,TRK_WT,TRKWTVAR,VIN_REST,WHLDRWHL,Year
5096,2012040213,4,40213,1,1,1,19,4,19,45,43,0,1,0,4,1,37,31,37031,4,2006,1HGFA16846L0,1,H,G,F,A,1,6,8,4,6,L,0,0,0,0,Not Applicable,Not Applicable,0,0,0,1,0,0,0,0,0,0,0,65,0,0,0,12,6,2,30,0,0,0,1,4,85364,6,1,0,0,3,0,72,190,0,0,0,0,0,0,0,0,0,1,58,0,0,0,1,2,45,1,1,2,1,3,3,1,6,1,9,4,7,,,,1,0,P,HOND,UAX,4D,6.0,17.0,2804.0,,0.0,1063.0,,G,,F,4.0,110.0,,,16R205,,,,,,2012
5097,2012040214,4,40214,1,1,1,19,4,19,51,15,0,1,0,4,2,34,35,34035,4,2000,WBADM634XYGU,W,B,A,D,M,6,3,4,X,Y,G,U,0,0,0,Not Applicable,Not Applicable,0,0,0,1,0,0,0,0,0,0,0,45,0,0,0,12,4,3,15,0,0,0,1,4,85746,0,0,0,0,0,0,70,225,1,13,1,1,1,6,2009,3,2012,0,0,0,0,0,2,2,45,1,1,2,1,0,0,1,80,1,1,1,13,,,,0,0,P,BMW,52A,4D,0.0,17.0,3549.0,,0.0,1114.0,,G,,F,6.0,170.0,,,15R225,,,,,,2012
5098,2012040215,4,40215,1,1,1,20,4,0,5,11,0,1,0,4,1,76,706,76706,80,1998,JYA1TAC04WA0,J,Y,A,1,T,A,C,0,4,W,A,0,0,0,0,Not Applicable,Not Applicable,0,0,0,1,0,0,0,0,0,0,0,998,0,0,0,12,6,2,11,0,0,0,1,4,85607,6,1,0,0,3,0,67,175,0,3,0,4,2,10,2010,11,2011,0,89,0,0,0,2,2,65,1,1,2,1,0,0,1,87,1,1,1,13,,,,1,0,M,YAMA,11S,RS,98.0,17.0,,,,,,,1063.0,,2.0,,4.0,487.0,,,,,,,2012
5099,2012040216,4,40216,1,2,1,20,4,12,36,12,6,1,0,4,1,35,39,35039,4,2004,1N4BA41E84C8,1,N,4,B,A,4,1,E,8,4,C,8,0,0,0,Not Applicable,Not Applicable,0,0,0,1,0,0,0,0,0,0,0,998,0,0,0,82,2,1,12,0,0,0,1,8,80120,6,1,0,0,3,0,71,150,0,0,0,0,0,0,0,0,0,0,38,0,0,0,1,2,25,1,1,2,1,20,3,1,17,1,1,1,87,,,,0,0,P,NISS,MEL,4D,4.0,17.0,3310.0,,0.0,1112.0,,G,,F,6.0,214.0,,,17R225,,,,,,2012
5100,2012040216,4,40216,2,2,1,20,4,12,36,12,6,1,0,4,1,76,998,76998,95,2008,JW111243,J,W,1,1,1,2,4,3,,,,,0,0,0,Not Applicable,Not Applicable,0,0,0,1,0,0,0,0,0,0,0,998,0,1,1,12,4,3,1,0,0,0,1,4,85375,6,1,0,0,3,0,71,215,0,0,0,0,0,0,0,0,0,0,0,0,0,0,2,3,35,1,1,2,1,0,0,1,66,9,2,1,86,,,,1,0,M,YAMA,,,8.0,8.0,,,,,,,,,,,,,,,,,,,2012
5101,2012040217,4,40217,1,2,1,21,4,2,45,12,1,1,0,4,1,76,706,76706,80,2004,JYARN13EX4A0,J,Y,A,R,N,1,3,E,X,4,A,0,0,0,0,Not Applicable,Not Applicable,0,0,0,1,0,0,0,0,0,0,0,998,0,0,0,12,6,2,12,0,0,0,1,4,85379,6,1,0,0,3,3,68,149,0,0,0,1,0,4,2010,4,2010,1,0,0,0,0,1,2,50,1,1,2,1,0,0,1,51,3,2,1,24,,,,1,1,M,YAMA,YFR,RC,4.0,17.0,,,,,,,998.0,,4.0,,4.0,999.0,,,,,,,2012
5102,2012040217,4,40217,2,2,1,21,4,2,45,12,1,1,0,4,1,2,404,2404,14,2000,1J4G248S4YC1,1,J,4,G,2,4,8,S,4,Y,C,1,0,0,0,Not Applicable,Not Applicable,0,0,0,1,0,0,0,0,0,0,0,998,0,0,0,6,6,2,12,0,0,0,1,4,85388,6,1,0,0,3,3,61,155,0,0,0,0,0,0,0,0,0,0,0,0,0,0,1,2,50,1,1,2,1,0,0,1,53,7,1,1,25,,,,0,0,T,JEEP,LRO,4W,0.0,17.0,,1.0,0.0,1059.0,GCK,G,,,6.0,244.0,,,,,3664.0,0.0,E,42.0,2012
5103,2012040218,4,40218,1,2,1,21,4,8,6,12,2,1,0,4,1,22,18,22018,2,1999,1G2NE12TXXM9,1,G,2,N,E,1,2,T,X,X,M,9,0,0,0,Not Applicable,Not Applicable,0,0,0,1,0,0,0,0,0,0,0,999,1,0,0,12,6,2,12,0,0,0,1,4,85747,6,1,0,0,3,0,62,120,0,1,0,1,1,2,2012,3,2012,0,28,0,0,0,2,1,45,2,1,2,1,0,0,14,10,1,1,7,50,,,,1,0,P,PONT,GAS,CP,99.0,17.0,3052.0,,0.0,1071.0,,G,,F,4.0,146.0,,,15R215,,,,,,2012
5104,2012040218,4,40218,2,2,1,21,4,8,6,12,2,1,0,4,1,12,481,12481,31,2002,1FTNW21F22ED,1,F,T,N,W,2,1,F,2,2,E,D,0,0,0,Not Applicable,Not Applicable,0,0,0,1,0,0,0,0,0,0,0,45,0,1,1,12,6,2,1,35,0,0,1,4,85641,6,1,0,0,3,0,72,155,0,0,0,0,0,0,0,0,0,0,0,0,0,0,2,1,45,3,1,2,1,0,0,14,62,7,1,3,51,,,,0,0,T,FORD,F2S,CW,2.0,17.0,,2.0,1724.0,1562.0,SRW,D,,,8.0,444.0,,,,C,6234.0,4.0,E,44.0,2012
5105,2012040219,4,40219,1,1,1,21,4,22,0,8,0,1,0,55,3,82,881,82881,66,2012,1FUJGLDV6CLB,1,F,U,J,G,L,D,V,6,C,L,B,1,1,57,0046811,570046811,3,6,1,1,0,0,0,0,0,0,0,65,0,0,0,12,6,2,8,0,0,0,1,42,18428,6,1,6,0,3,1,75,999,0,0,0,1,0,10,2009,10,2009,0,0,0,0,0,2,2,75,3,5,2,1,40,3,14,80,1,1,1,13,,,,0,0,T,FRHT,125,TR,12.0,17.0,,8.0,0.0,0.0,CSC,D,,,6.0,781.0,,,,,0.0,0.0,,64.0,2012
5106,2012040220,4,40220,1,1,2,21,4,22,19,1,0,1,0,4,1,12,37,12037,4,2001,1FAHP38311W2,1,F,A,H,P,3,8,3,1,1,W,2,0,0,0,Not Applicable,Not Applicable,0,0,0,1,0,0,0,0,0,0,0,84,0,1,5,0,6,2,1,0,0,0,1,4,85354,6,1,0,0,3,0,67,175,0,1,0,0,0,8,2009,8,2009,1,58,0,0,0,1,2,55,3,1,2,1,0,0,14,13,6,4,4,7,,,,1,1,P,FORD,FZT,4D,1.0,17.0,2585.0,,0.0,1030.0,,G,,F,4.0,121.0,,,15R195,,,,,,2012
5107,2012040221,4,40221,1,2,2,22,4,18,58,12,6,1,0,4,2,12,401,12401,14,1998,1FMZU34E4WZA,1,F,M,Z,U,3,4,E,4,W,Z,A,0,0,0,Not Applicable,Not Applicable,0,0,0,1,0,0,0,0,0,0,0,998,0,0,0,81,6,2,2,0,0,1,1,4,86409,6,1,0,0,3,0,67,170,1,2,0,2,0,8,2009,11,2011,0,58,28,0,0,5,4,55,1,5,2,1,0,0,1,8,6,4,2,66,,,,2,0,P,FORD,EPR,UT,98.0,17.0,4146.0,,0.0,1115.0,,G,,F,6.0,245.0,,,15R225,,,,,,2012
5108,2012040221,4,40221,2,2,1,22,4,18,58,12,6,1,0,4,3,23,880,23880,67,2007,1GTJK33D17F1,1,G,T,J,K,3,3,D,1,7,F,1,1,3,57,2001194,572001194,2,4,2,2,1,8888,88,2,0,0,0,998,0,1,1,12,6,2,12,0,0,0,1,4,85302,6,1,0,0,3,0,68,150,0,0,0,0,0,0,0,0,0,0,0,0,0,0,5,4,55,1,6,2,1,0,0,1,62,1,1,1,66,,,,0,0,T,GMC,NK3,CW,7.0,17.0,,3.0,0.0,1670.0,SIE,D,,,8.0,403.0,,,,D,6552.0,0.0,E,44.0,2012
5109,2012040222,4,40222,1,2,2,22,4,19,36,12,9,1,0,49,1,72,706,72706,80,2007,1HD1JD51X7Y0,1,H,D,1,J,D,5,1,X,7,Y,0,0,0,0,Not Applicable,Not Applicable,0,0,0,1,0,0,0,0,0,0,0,998,0,0,0,82,6,2,12,0,0,0,1,49,84770,6,1,0,0,3,0,70,180,98,0,0,0,0,0,0,0,0,1,26,0,0,0,2,2,75,1,5,2,1,0,0,1,52,3,2,1,98,,,,2,1,M,HD,FLN,RS,7.0,17.0,,,,,,,1584.0,,2.0,,4.0,695.0,,,,,,,2012
5110,2012040222,4,40222,2,2,1,22,4,19,36,12,9,1,0,95,3,82,881,82881,66,2007,1FUJBBCV77LZ,1,F,U,J,B,B,C,V,7,7,L,Z,1,1,57,0163701,570163701,3,6,1,1,0,0,0,0,0,0,0,50,0,0,0,6,2,1,12,0,0,0,1,95,0,9,9,99,9,9,9,999,999,99,99,99,99,99,99,9999,99,9999,0,80,0,0,0,2,2,75,1,5,2,1,0,0,1,53,1,1,1,98,,,,0,0,T,FRHT,ST2,TR,7.0,17.0,,8.0,0.0,0.0,CON,D,,,6.0,782.0,,,,,0.0,0.0,,64.0,2012
5111,2012040223,4,40223,1,1,1,25,4,14,41,52,0,1,0,6,3,82,881,82881,66,2007,1FUJA6CK17DX,1,F,U,J,A,6,C,K,1,7,D,X,1,1,57,1441862,571441862,3,6,1,1,0,0,0,0,0,0,0,75,0,1,3,12,6,2,2,0,0,1,1,6,90065,6,1,6,0,3,3,66,200,0,0,0,0,1,8,2011,8,2011,9,99,99,99,99,2,2,75,1,1,2,1,0,0,1,12,1,1,4,6,,,,1,0,T,FRHT,COL,TR,7.0,17.0,,8.0,0.0,0.0,CON,D,,,6.0,855.0,,,,,0.0,0.0,,64.0,2012
5112,2012040224,4,40224,1,1,1,25,4,15,49,42,0,1,0,4,1,98,709,98709,80,2009,4MZHL04D393B,4,M,Z,H,L,0,4,D,3,9,3,B,0,0,0,Not Applicable,Not Applicable,0,0,0,1,0,0,0,0,0,0,0,55,0,0,0,99,6,2,42,0,0,0,1,4,85249,6,1,0,0,3,3,72,260,0,0,0,0,0,0,0,0,0,1,0,0,0,0,1,2,45,3,6,2,1,0,0,14,13,1,1,4,1,,,,1,0,U,,,,9.0,17.0,,,,,,,,,,,,,,,,,,,2012
5113,2012040225,4,40225,1,2,1,26,4,11,3,12,2,1,0,4,1,20,421,20421,15,1994,1GNFK16K0RJ4,1,G,N,F,K,1,6,K,0,R,J,4,0,0,0,Not Applicable,Not Applicable,0,0,0,1,0,0,0,0,0,0,0,999,0,0,0,12,6,2,12,0,0,0,1,4,85390,6,1,0,0,3,0,72,250,0,0,0,1,0,6,2010,6,2010,0,28,0,0,0,1,2,65,1,1,2,1,0,0,1,10,1,1,2,50,,,,1,0,P,CHEV,K15,UT,94.0,17.0,0.0,,0.0,1315.0,,G,,F,8.0,350.0,,,000000,,,,,,2012
5114,2012040225,4,40225,2,2,1,26,4,11,3,12,2,1,0,49,3,84,881,84881,66,2007,2HSCNAPR67C4,2,H,S,C,N,A,P,R,6,7,C,4,1,1,57,00054054,5700054054,3,6,3,1,0,0,0,0,0,0,0,999,0,0,0,12,6,2,2,0,0,1,1,32,89130,6,1,6,0,3,3,71,250,0,0,0,0,1,12,2011,12,2011,0,0,0,0,0,1,2,65,1,1,2,1,0,0,1,62,1,1,1,51,,,,1,0,T,INTL,94I,TR,7.0,17.0,,8.0,0.0,0.0,940,D,,,6.0,915.0,,,,,0.0,0.0,,64.0,2012
5115,2012040226,4,40226,1,1,1,27,4,13,49,8,0,1,0,4,1,12,481,12481,31,1994,1FTDF15Y3RLA,1,F,T,D,F,1,5,Y,3,R,L,A,0,0,0,Not Applicable,Not Applicable,0,0,0,1,0,0,0,0,0,0,0,32,0,0,0,12,2,1,8,0,0,0,1,4,86334,6,1,0,0,3,0,67,180,0,0,0,0,0,0,0,0,0,9,99,99,99,99,2,2,35,1,1,2,1,2,3,1,80,3,2,1,13,,,,0,0,T,FORD,F15,PK,94.0,17.0,,1.0,1330.0,1170.0,COF,G,,,6.0,300.0,,,,B,3886.0,1.0,M,42.0,2012
5116,2012040227,4,40227,1,1,1,28,4,3,6,1,0,1,0,4,2,76,706,76706,80,2005,JYARN13E55A0,J,Y,A,R,N,1,3,E,5,5,A,0,0,0,0,Not Applicable,Not Applicable,0,0,0,1,0,0,0,0,0,0,0,998,0,0,0,0,6,2,43,0,0,0,1,4,85749,6,1,0,0,2,0,69,120,0,0,0,0,0,0,0,0,0,1,24,0,0,0,1,2,25,1,1,2,1,0,0,1,6,3,2,1,98,,,,1,1,M,YAMA,YFR,RC,5.0,17.0,,,,,,,998.0,,4.0,,4.0,379.0,,,,,,,2012
5117,2012040228,4,40228,1,1,1,28,4,3,58,8,0,1,0,4,1,49,472,49472,30,2006,5TETX22N86Z2,5,T,E,T,X,2,2,N,8,6,Z,2,0,0,0,Not Applicable,Not Applicable,0,0,0,1,0,0,0,0,0,0,0,35,0,0,0,12,6,2,8,0,0,0,1,4,85208,6,1,0,0,3,3,68,250,0,0,0,0,0,0,0,0,0,0,99,99,99,99,1,2,30,1,1,2,1,0,0,1,80,1,1,1,13,,,,0,0,T,TOYT,ACC,PC,6.0,17.0,,1.0,0.0,1219.0,TAC,G,,,4.0,164.0,,,,B,3460.0,0.0,U,42.0,2012
5118,2012040229,4,40229,1,1,1,29,4,5,21,1,0,1,0,4,1,20,481,20481,31,1989,1GCFK24K2KE1,1,G,C,F,K,2,4,K,2,K,E,1,0,0,0,Not Applicable,Not Applicable,0,0,0,1,0,0,0,0,0,0,0,998,0,1,5,0,6,2,1,0,0,0,1,4,85603,6,1,0,0,3,0,70,210,0,0,0,2,0,1,2011,8,2011,0,58,0,0,0,1,2,65,1,1,2,1,0,0,1,9,7,4,4,7,,,,1,1,T,CHEV,GK2,PK,89.0,17.0,,2.0,0.0,1315.0,GM4,G,,,8.0,350.0,,,,C,4699.0,5.0,,44.0,2012
5119,2012040230,4,40230,1,1,2,30,4,6,58,1,0,1,0,6,1,54,39,54039,4,2004,JH4CL96884C0,J,H,4,C,L,9,6,8,8,4,C,0,0,0,0,Not Applicable,Not Applicable,0,0,0,1,0,0,0,0,0,0,0,80,0,1,3,0,6,2,1,0,0,0,1,6,91335,6,1,0,0,3,0,72,160,0,0,0,0,0,0,0,0,0,1,0,0,0,0,2,2,75,1,5,2,1,0,0,1,12,1,1,4,6,,,,1,0,P,ACUR,TSX,4D,4.0,17.0,3318.0,,0.0,1051.0,,G,,F,4.0,146.0,,,17R215,,,,,,2012
5120,2012040231,4,40231,1,1,1,21,4,15,56,1,0,1,0,4,1,72,706,72706,80,2008,1HD1JD5188Y0,1,H,D,1,J,D,5,1,8,8,Y,0,0,0,0,Not Applicable,Not Applicable,0,0,0,1,0,0,0,0,0,0,0,55,0,0,0,0,6,9,1,0,0,0,1,4,85364,6,1,0,0,3,0,69,235,0,0,0,0,0,0,0,0,0,1,0,0,0,0,1,2,40,1,1,2,1,0,0,1,6,3,2,1,98,,,,1,0,M,HD,FLN,RS,8.0,17.0,,,,,,,1584.0,,2.0,,4.0,724.0,,,,,,,2012
5121,2012040232,4,40232,1,2,1,21,4,99,99,12,6,1,0,4,1,53,705,53705,80,2005,JS1GR7JA5521,J,S,1,G,R,7,J,A,5,5,2,1,0,0,0,Not Applicable,Not Applicable,0,0,0,1,0,0,0,0,0,0,0,75,0,0,0,12,6,2,12,0,0,0,1,4,85224,6,1,0,0,2,3,73,175,0,4,1,0,1,4,2009,9,2010,1,89,0,0,0,2,3,45,1,1,2,1,0,0,1,17,4,1,1,83,,,,1,0,M,SUZI,SRK,RC,5.0,17.0,,,,,,,749.0,,4.0,,4.0,360.0,,,,,,,2012
5122,2012040232,4,40232,2,2,5,21,4,99,99,12,6,1,0,4,2,7,482,7482,31,2008,1D7HA18278S5,1,D,7,H,A,1,8,2,7,8,S,5,0,0,0,Not Applicable,Not Applicable,0,0,0,1,0,0,0,0,0,0,0,15,0,0,0,63,6,2,12,0,0,0,1,4,85296,6,1,0,0,3,0,62,195,0,0,0,0,0,0,0,0,0,0,0,0,0,0,1,2,45,1,1,2,1,20,3,11,66,1,1,1,82,,,,0,0,T,DODG,SQ1,CW,8.0,17.0,,2.0,1605.0,1405.0,RPC,G,,,8.0,348.0,,,,B,4889.0,0.0,E,42.0,2012
5123,2012040233,4,40233,1,3,1,24,4,22,21,5,0,1,0,4,1,73,705,73705,80,2002,JKAZX4E112B5,J,K,A,Z,X,4,E,1,1,2,B,5,0,0,0,Not Applicable,Not Applicable,0,0,0,1,0,0,0,0,0,0,0,998,0,0,0,0,6,2,1,0,0,0,1,4,85301,6,1,0,0,3,0,68,150,0,0,0,1,0,4,2012,4,2012,1,0,0,0,0,3,4,65,3,6,2,1,0,0,3,98,1,1,3,0,,,,1,1,M,KAWK,ZXE,RC,2.0,17.0,,,,,,,600.0,,4.0,,4.0,430.0,,,,,,,2012
5124,2012040233,4,40233,2,3,1,24,4,22,21,5,0,1,1,99,9,99,884,99884,78,9999,Unknown,9,9,9,9,9,9,9,9,9,9,9,9,4,1,99,Unknown,Unknown,9,19,99,1,0,0,0,0,0,0,0,998,0,0,0,14,9,1,54,0,0,0,1,99,99999,9,9,99,9,9,9,999,999,99,99,99,99,99,99,9999,99,9999,0,99,99,99,99,3,4,65,3,6,2,1,0,0,14,90,1,1,1,98,,,,0,0,,,,,,,,,,,,,,,,,,,,,,,,,2012
5125,2012040233,4,40233,3,3,1,24,4,22,21,5,0,1,1,99,9,99,399,99399,8,9999,Unknown,9,9,9,9,9,9,9,9,9,9,9,9,0,0,0,Not Applicable,Not Applicable,0,0,0,1,0,0,0,0,0,0,0,998,0,0,0,14,2,1,54,0,0,0,1,99,99999,9,9,99,0,9,9,999,999,99,99,99,99,99,99,9999,99,9999,9,99,99,99,99,3,4,65,3,6,2,1,0,0,14,90,1,1,1,98,,,,0,0,,,,,,,,,,,,,,,,,,,,,,,,,2012
5126,2012040234,4,40234,1,1,1,27,4,21,48,8,0,1,1,99,9,99,884,99884,78,9999,Unknown,9,9,9,9,9,9,9,9,9,9,9,9,4,1,99,Unknown,Unknown,9,19,99,1,0,0,0,0,0,0,0,999,0,0,0,12,9,1,8,0,0,0,1,99,99999,9,9,99,9,9,9,999,999,99,99,99,99,99,99,9999,99,9999,9,99,99,99,99,2,2,55,1,1,2,1,0,0,1,80,99,1,1,13,,,,0,0,,,,,,,,,,,,,,,,,,,,,,,,,2012
5127,2012040235,4,40235,1,2,1,1,4,16,16,35,0,1,0,4,2,98,709,98709,80,2002,1C9HB28782P8,1,C,9,H,B,2,8,7,8,2,P,8,0,0,0,Not Applicable,Not Applicable,0,0,0,1,0,0,0,0,0,0,0,57,0,0,0,14,6,2,1,0,0,0,1,4,85051,1,1,0,0,2,0,72,170,0,3,0,1,0,4,2009,10,2010,9,99,99,99,99,2,2,45,3,1,2,1,0,0,14,13,7,1,4,1,,,,1,0,U,,,,2.0,17.0,,,,,,,,,,,,,,,,,,,2012
5128,2012040235,4,40235,2,2,1,1,4,16,16,35,0,1,0,8,1,72,706,72706,80,2008,1HD1FF4178Y6,1,H,D,1,F,F,4,1,7,8,Y,6,0,0,0,Not Applicable,Not Applicable,0,0,0,1,0,0,0,0,0,0,0,43,0,0,0,14,4,3,1,0,0,0,1,8,81321,6,1,0,0,3,0,72,200,0,0,0,1,0,2,2011,2,2011,0,0,0,0,0,2,2,45,3,1,2,1,0,0,14,13,7,1,4,98,,,,0,0,M,HD,FHC,RS,8.0,17.0,,,,,,,1584.0,,2.0,,4.0,828.0,,,,,,,2012
5129,2012040236,4,40236,1,2,1,2,4,7,0,12,1,1,0,4,2,52,46,52046,4,2003,JA3AJ86E73U1,J,A,3,A,J,8,6,E,7,3,U,1,0,0,0,Not Applicable,Not Applicable,0,0,0,1,0,0,0,0,0,0,0,50,3,0,0,12,6,2,12,0,0,0,1,4,85009,4,1,0,0,2,0,68,240,0,0,0,0,0,0,0,0,0,1,0,0,0,0,5,5,40,1,1,2,1,2,3,1,50,1,1,1,20,,,,1,0,P,MITS,LZR,4D,3.0,17.0,2701.0,,0.0,1024.0,,G,,F,4.0,122.0,,,15R195,,,,,,2012
5130,2012040236,4,40236,2,2,1,2,4,7,0,12,1,1,0,19,3,82,881,82881,66,2009,1FUBCXBS29HA,1,F,U,B,C,X,B,S,2,9,H,A,1,1,57,664776,57664776,3,6,3,2,2,1046,2,1,0,0,0,0,0,0,0,6,2,1,12,0,0,0,1,4,85335,6,1,6,1,2,1,69,185,0,0,0,0,0,0,0,0,0,0,0,0,0,0,5,5,40,1,1,2,1,2,3,5,53,1,1,1,21,,,,0,0,T,FRHT,16M,TR,9.0,17.0,,7.0,0.0,0.0,FM2,D,,,6.0,505.0,,,,,0.0,0.0,,42.0,2012
5131,2012040237,4,40237,1,2,1,2,4,10,34,12,6,1,0,4,2,6,16,6016,4,1990,1C3XA5633LF8,1,C,3,X,A,5,6,3,3,L,F,8,0,0,0,Not Applicable,Not Applicable,0,0,0,1,0,0,0,0,0,0,0,35,0,0,0,12,6,2,12,0,0,0,1,4,85017,6,1,0,0,3,3,66,165,0,0,0,0,0,0,0,0,0,0,39,0,0,0,5,7,35,1,1,2,1,2,3,1,17,1,1,1,83,,,,1,0,P,CHRY,LLN,4D,90.0,17.0,2986.0,,0.0,1043.0,,G,,F,6.0,181.0,,,14R195,,,,,,2012
5132,2012040237,4,40237,2,2,1,2,4,10,34,12,6,1,0,4,1,37,403,37403,14,2010,5J6YH1H79AL0,5,J,6,Y,H,1,H,7,9,A,L,0,0,0,0,Not Applicable,Not Applicable,0,0,0,1,0,0,0,0,0,0,0,10,0,0,0,9,6,2,12,0,0,0,1,4,85015,6,1,0,0,3,3,73,215,0,0,0,0,0,0,0,0,0,0,0,0,0,0,5,5,35,1,1,2,1,2,3,11,66,1,1,1,82,,,,0,0,P,HOND,ELE,UT,10.0,17.0,3540.0,,0.0,1014.0,,G,,F,4.0,146.0,,,16R215,,,,,,2012
5133,2012040238,4,40238,1,1,1,6,4,2,4,33,0,1,0,4,1,20,481,20481,31,2007,2GCEK13M6716,2,G,C,E,K,1,3,M,6,7,1,6,0,0,0,Not Applicable,Not Applicable,0,0,0,1,0,0,0,0,0,0,0,45,0,1,1,14,6,2,1,0,0,0,1,4,85323,6,1,0,0,3,0,73,280,0,0,0,0,0,0,0,0,0,9,99,99,99,99,2,3,45,1,1,2,1,0,0,1,12,1,1,4,6,,,,1,1,T,CHEV,1KW,CW,7.0,17.0,,2.0,0.0,1435.0,SIL,G,,,8.0,323.0,,,,B,5371.0,0.0,,44.0,2012
5134,2012040239,4,40239,1,2,1,7,4,2,7,12,6,1,0,4,1,72,706,72706,80,2001,1HD1FRW1X1Y6,1,H,D,1,F,R,W,1,X,1,Y,6,0,0,0,Not Applicable,Not Applicable,0,0,0,1,0,0,0,0,0,0,0,72,0,0,0,12,6,2,12,0,0,0,1,4,85233,6,1,0,0,3,0,71,230,0,0,0,0,0,0,0,0,0,1,0,0,0,0,5,4,35,1,1,2,1,0,0,1,66,1,1,1,83,,,,1,1,M,HD,FCI,RS,1.0,17.0,,,,,,,1450.0,,2.0,,4.0,710.0,,,,,,,2012
5135,2012040239,4,40239,2,2,2,7,4,2,7,12,6,1,0,4,1,12,401,12401,14,2001,1FMYU70EX1UA,1,F,M,Y,U,7,0,E,X,1,U,A,0,0,0,Not Applicable,Not Applicable,0,0,0,1,0,0,0,0,0,0,0,10,0,0,0,62,6,2,12,0,0,0,1,4,85041,6,1,0,0,3,0,62,145,0,0,0,0,0,0,0,0,0,0,91,0,0,0,1,2,35,1,1,2,1,20,3,11,17,1,1,1,82,,,,0,1,P,FORD,EPR,UT,1.0,17.0,3959.0,,0.0,1018.0,,G,,F,6.0,245.0,,,15R235,,,,,,2012
5136,2012040240,4,40240,1,1,3,9,4,22,26,33,0,1,0,4,2,20,16,20016,4,1998,1G1JC5246W72,1,G,1,J,C,5,2,4,6,W,7,2,0,0,0,Not Applicable,Not Applicable,0,0,0,1,0,0,0,0,0,0,0,998,0,0,0,14,6,2,42,0,0,0,1,4,85013,1,1,0,0,2,0,68,150,0,1,0,0,0,10,2011,10,2011,1,0,0,0,0,5,2,25,1,1,2,1,0,0,1,9,1,9,4,7,,,,1,1,P,CHEV,CAV,4D,98.0,17.0,2630.0,,0.0,1041.0,,G,,F,4.0,133.0,,,14R195,,,,,,2012
5137,2012040241,4,40241,1,1,1,13,4,13,10,1,0,1,0,4,2,77,706,77706,80,2011,5VPGB36N6B30,5,V,P,G,B,3,6,N,6,B,3,0,0,0,0,Not Applicable,Not Applicable,0,0,0,1,0,0,0,0,0,0,0,35,0,0,0,0,6,2,1,0,0,0,1,4,85308,6,1,0,0,2,0,70,220,0,0,0,0,0,0,0,0,0,0,28,0,0,0,1,2,35,2,1,2,1,0,0,14,99,1,1,3,98,,,,1,0,M,VCTY,GBD,RS,11.0,17.0,,,,,,,1731.0,,2.0,,4.0,645.0,,,,,,,2012
5138,2012040242,4,40242,1,1,2,14,4,4,2,58,0,1,0,4,1,12,481,12481,31,2000,1FTZX1720YNB,1,F,T,Z,X,1,7,2,0,Y,N,B,0,0,0,Not Applicable,Not Applicable,0,0,0,1,0,0,0,0,0,0,0,998,0,1,5,14,6,2,1,0,0,0,1,4,86535,6,1,6,0,3,3,66,200,0,4,0,0,0,6,2009,2,2012,0,0,0,0,0,1,2,65,2,6,2,1,0,0,14,12,1,1,4,6,,,,1,0,T,FORD,F15,4C,0.0,17.0,,1.0,1571.0,1385.0,COF,G,,,6.0,256.0,,,,B,4204.0,5.0,U,42.0,2012
5139,2012040243,4,40243,1,1,1,14,4,17,10,42,0,1,0,49,1,12,481,12481,31,1995,1FTEF15N3SLB,1,F,T,E,F,1,5,N,3,S,L,B,0,0,0,Not Applicable,Not Applicable,0,0,0,1,0,0,0,0,0,0,0,35,0,0,0,12,6,2,5,0,0,0,1,4,85308,6,1,0,0,3,0,69,169,0,0,0,0,0,0,0,0,0,0,0,0,0,0,1,4,40,1,1,2,1,0,0,1,13,1,1,4,1,,,,1,0,T,FORD,F15,PK,95.0,17.0,,2.0,1330.0,1170.0,COF,G,,,8.0,302.0,,,,B,0.0,0.0,M,42.0,2012