index,accident_id,STATE,ST_CASE,VEH_NO,VE_FORMS,NUMOCCS,DAY,MONTH,HOUR,MINUTE,HARM_EV,MAN_COLL,UNITTYPE,HIT_RUN,REG_STAT,OWNER,MAKE,MODEL,MAK_MOD,BODY_TYP,MOD_YEAR,VIN,VIN_1,VIN_2,VIN_3,VIN_4,VIN_5,VIN_6,VIN_7,VIN_8,VIN_9,VIN_10,VIN_11,VIN_12,TOW_VEH,J_KNIFE,MCARR_I1,MCARR_I2,MCARR_ID,GVWR,V_CONFIG,CARGO_BT,HAZ_INV,HAZ_PLAC,HAZ_ID,HAZ_CNO,HAZ_REL,BUS_USE,SPEC_USE,EMER_USE,TRAV_SP,UNDERIDE,ROLLOVER,ROLINLOC,IMPACT1,DEFORMED,TOWED,M_HARM,VEH_SC1,VEH_SC2,FIRE_EXP,DR_PRES,L_STATE,DR_ZIP,L_STATUS,L_TYPE,CDL_STAT,L_ENDORS,L_COMPL,L_RESTRI,DR_HGT,DR_WGT,PREV_ACC,PREV_SUS,PREV_DWI,PREV_SPD,PREV_OTH,FIRST_MO,FIRST_YR,LAST_MO,LAST_YR,SPEEDREL,DR_SF1,DR_SF2,DR_SF3,DR_SF4,VTRAFWAY,VNUM_LAN,VSPD_LIM,VALIGN,VPROFILE,VPAVETYP,VSURCOND,VTRAFCON,VTCONT_F,P_CRASH1,P_CRASH2,P_CRASH3,PCRASH4,PCRASH5,ACC_TYPE,TRLR1VIN,TRLR2VIN,TRLR3VIN,DEATHS,DR_DRINK,VINTYPE,VINMAKE,VINA_MOD,VIN_BT,VINMODYR,VIN_LNGT,VIN_WGT,WGTCD_TR,WHLBS_LG,WHLBS_SH,SER_TR,FUELCODE,MCYCL_DS,CARBUR,CYLINDER,DISPLACE,MCYCL_CY,MCYCL_WT,TIRE_SZE,TON_RAT,TRK_WT,TRKWTVAR,VIN_REST,WHLDRWHL,Year
5184,2012040276,4,40276,1,1,1,20,5,12,48,1,0,1,0,4,1,41,441,41441,20,1997,JM3LV5227V08,J,M,3,L,V,5,2,2,7,V,0,8,0,0,0,Not Applicable,Not Applicable,0,0,0,1,0,0,0,0,0,0,0,45,0,1,5,0,6,2,1,0,0,0,1,4,85730,1,1,0,0,2,0,61,162,1,2,1,0,0,4,2011,2,2012,1,0,0,0,0,1,2,45,1,6,2,1,0,0,1,9,6,9,4,2,,,,1,1,P,MAZD,MWG,SV,97.0,17.0,3730.0,,0.0,1104.0,,G,,F,6.0,180.0,,,15R195,,,,,,2012
5185,2012040277,4,40277,1,1,3,21,5,12,5,2,0,1,0,46,9,98,850,98850,65,2006,4VZAT1P936C0,4,V,Z,A,T,1,P,9,3,6,C,0,5,1,0,Not Applicable,Not Applicable,0,0,0,1,0,0,0,0,0,0,0,998,0,0,0,0,6,2,2,0,0,1,1,99,99999,9,9,99,9,9,9,999,999,99,99,99,99,99,99,9999,99,9999,0,80,0,0,0,1,2,65,1,1,2,1,0,0,1,98,99,1,4,0,,,,3,0,U,,,,6.0,17.0,,,,,,,,,,,,,,,,,,,2012
5186,2012040278,4,40278,1,1,1,23,5,13,41,31,0,1,0,6,1,42,44,42044,2,1997,WDBFA67F3VF1,W,D,B,F,A,6,7,F,3,V,F,1,0,0,0,Not Applicable,Not Applicable,0,0,0,1,0,0,0,0,0,0,0,75,0,1,5,9,6,2,42,0,0,0,1,6,92008,6,1,0,0,3,3,70,300,1,0,0,0,0,5,2010,5,2010,1,0,0,0,0,2,2,75,1,1,2,1,0,0,1,6,7,3,4,2,,,,1,0,P,MERZ,SL5,RD,97.0,17.0,4045.0,,0.0,990.0,,G,,F,8.0,303.0,,,16R225,,,,,,2012
5187,2012040279,4,40279,1,1,1,23,5,20,23,8,0,1,0,4,1,37,31,37031,2,2003,1HGEM22943L0,1,H,G,E,M,2,2,9,4,3,L,0,0,0,0,Not Applicable,Not Applicable,0,0,0,1,0,0,0,0,0,0,0,38,0,0,0,12,6,2,8,0,0,0,1,4,85004,6,1,0,0,3,3,65,165,0,0,0,0,0,0,0,0,0,0,0,0,0,0,5,5,40,1,1,2,1,0,0,1,80,8,2,2,13,,,,0,0,P,HOND,UAX,CP,3.0,17.0,2553.0,,0.0,1031.0,,G,,F,4.0,102.0,,,14R185,,,,,,2012
5188,2012040280,4,40280,1,1,4,23,5,21,21,1,0,1,0,4,1,49,472,49472,30,2004,5TEGN92N04Z3,5,T,E,G,N,9,2,N,0,4,Z,3,0,0,0,Not Applicable,Not Applicable,0,0,0,1,0,0,0,0,0,0,0,998,0,1,9,0,6,2,1,0,0,0,1,4,85614,6,1,0,0,3,0,65,155,0,0,0,1,0,4,2010,4,2010,1,91,0,0,0,1,2,25,2,6,5,11,0,0,14,12,1,1,4,6,,,,2,1,T,TOYT,DCP,CW,4.0,17.0,,1.0,0.0,1219.0,TAC,G,,,6.0,206.0,,,,B,3475.0,0.0,U,42.0,2012
5189,2012040281,4,40281,1,1,1,24,5,7,50,35,0,1,0,4,1,72,706,72706,80,2007,1HD1CT3167K4,1,H,D,1,C,T,3,1,6,7,K,4,0,0,0,Not Applicable,Not Applicable,0,0,0,1,0,0,0,0,0,0,0,65,0,0,0,12,6,2,35,0,0,0,1,4,86413,6,1,0,0,2,3,69,160,0,0,0,0,0,0,0,0,0,0,0,0,0,0,2,2,65,2,5,2,1,0,0,14,12,1,1,4,6,,,,1,0,M,HD,20C,RS,7.0,17.0,,,,,,,1199.0,,2.0,,4.0,562.0,,,,,,,2012
5190,2012040282,4,40282,1,1,2,25,5,11,8,1,0,1,0,4,1,2,403,2403,14,1995,1J4FY19P2SP3,1,J,4,F,Y,1,9,P,2,S,P,3,0,0,0,Not Applicable,Not Applicable,0,0,0,1,0,0,0,0,0,0,0,998,0,1,5,0,6,2,1,0,0,0,1,4,85553,6,1,0,0,3,0,69,205,0,0,0,0,0,0,0,0,0,1,0,0,0,0,1,3,55,1,6,2,1,0,0,1,9,7,3,4,2,,,,1,0,T,JEEP,WSR,2W,95.0,17.0,,1.0,0.0,934.0,W/Y,G,,,4.0,150.0,,,,,2861.0,0.0,A,44.0,2012
5191,2012040283,4,40283,1,3,2,28,5,12,40,31,0,1,0,35,1,20,37,20037,4,2012,1G1ZC5E02CF3,1,G,1,Z,C,5,E,0,2,C,F,3,0,0,0,Not Applicable,Not Applicable,0,0,0,1,0,0,0,0,0,0,0,998,0,0,0,12,6,2,12,0,0,1,1,35,87301,6,1,0,0,3,0,64,130,98,0,0,0,0,0,0,0,0,0,28,0,0,0,1,2,65,3,1,2,1,40,3,14,13,1,1,4,1,,,,0,1,P,CHEV,ML1,4D,12.0,17.0,3436.0,,0.0,1123.0,,G,,F,4.0,146.0,,,17R215,,,,,,2012
5192,2012040283,4,40283,2,3,2,28,5,12,40,31,0,1,0,4,1,6,52,6052,6,2007,3A4FY58B37T5,3,A,4,F,Y,5,8,B,3,7,T,5,0,0,0,Not Applicable,Not Applicable,0,0,0,1,0,0,0,0,0,0,0,65,0,0,0,12,6,2,12,0,0,0,1,4,85928,6,1,0,0,3,3,71,200,0,0,0,0,0,0,0,0,0,0,0,0,0,0,1,2,65,2,1,2,1,40,3,14,62,1,1,1,98,,,,1,0,P,CHRY,PTC,SV,7.0,17.0,3040.0,,0.0,1030.0,,G,,F,4.0,148.0,,,15R195,,,,,,2012
5193,2012040283,4,40283,3,3,4,28,5,12,40,31,0,1,0,35,1,20,421,20421,15,2005,1GNEC13T15R2,1,G,N,E,C,1,3,T,1,5,R,2,0,0,0,Not Applicable,Not Applicable,0,0,0,1,0,0,0,0,0,0,0,65,0,1,2,81,6,2,1,0,0,0,1,35,87114,6,1,0,0,3,0,65,165,98,0,0,1,0,11,2009,11,2009,0,0,0,0,0,1,2,65,2,1,2,1,40,3,14,54,6,1,3,98,,,,0,0,P,CHEV,CTA,UT,5.0,17.0,4975.0,,0.0,1160.0,,G,,F,8.0,325.0,,,16R265,,,,,,2012
5194,2012040284,4,40284,1,1,1,28,5,20,37,1,0,1,0,4,1,49,472,49472,30,2006,5TETU62N56Z2,5,T,E,T,U,6,2,N,5,6,Z,2,0,0,0,Not Applicable,Not Applicable,0,0,0,1,0,0,0,0,0,0,0,998,0,1,4,0,6,2,1,0,0,0,1,4,86004,6,1,0,0,3,0,65,121,0,0,0,0,0,0,0,0,0,1,0,0,0,0,2,2,75,2,3,2,1,0,0,14,6,6,4,4,2,,,,1,1,T,TOYT,ACP,PC,6.0,17.0,,1.0,0.0,1219.0,TAC,G,,,6.0,244.0,,,,B,3745.0,0.0,U,42.0,2012
5195,2012040285,4,40285,1,3,1,28,5,23,5,12,2,1,0,4,2,35,443,35443,20,1997,4N2DN1119VD8,4,N,2,D,N,1,1,1,9,V,D,8,0,0,0,Not Applicable,Not Applicable,0,0,0,1,0,0,0,0,0,0,0,998,0,0,0,12,6,2,12,0,0,0,1,4,85020,0,0,0,0,0,0,999,999,99,99,99,99,99,99,9999,99,9999,0,50,0,0,0,3,4,55,1,1,2,1,0,0,1,54,1,1,1,50,,,,1,1,P,NISS,QST,SV,97.0,17.0,3745.0,,0.0,1122.0,,G,,F,6.0,181.0,,,15R205,,,,,,2012
5196,2012040285,4,40285,2,3,2,28,5,23,5,12,2,1,0,4,2,49,49,49049,6,2005,JTLKT3241540,J,T,L,K,T,3,2,4,1,5,4,0,0,0,0,Not Applicable,Not Applicable,0,0,0,1,0,0,0,0,0,0,0,998,0,0,0,12,6,2,12,0,0,0,1,4,85209,6,1,0,0,3,0,68,130,0,0,0,0,0,0,0,0,0,0,0,0,0,0,3,4,55,1,1,2,1,0,0,1,54,1,1,1,51,,,,1,0,P,TOYT,SXB,UT,5.0,17.0,2395.0,,0.0,984.0,,G,,F,4.0,92.0,,,15R185,,,,,,2012
5197,2012040285,4,40285,3,3,1,28,5,23,5,12,2,1,0,4,1,2,403,2403,14,2002,1J4FA39S12P7,1,J,4,F,A,3,9,S,1,2,P,7,0,0,0,Not Applicable,Not Applicable,0,0,0,1,0,0,0,0,0,0,0,998,0,0,0,12,6,2,12,0,0,0,1,4,85023,6,1,0,0,3,3,71,200,0,0,0,0,0,0,0,0,0,0,0,0,0,0,3,4,55,1,1,2,1,0,0,1,60,6,1,3,98,,,,0,0,T,JEEP,WRX,2W,2.0,17.0,,1.0,0.0,934.0,W/T,G,,,6.0,244.0,,,,,3255.0,0.0,E,44.0,2012
5198,2012040286,4,40286,1,2,1,29,5,23,25,12,6,1,0,4,2,55,36,55036,3,2005,KMHCG35C05U3,K,M,H,C,G,3,5,C,0,5,U,3,0,0,0,Not Applicable,Not Applicable,0,0,0,1,0,0,0,0,0,0,0,998,0,0,0,82,6,2,12,0,0,0,1,4,85305,6,1,0,0,3,3,68,135,0,0,0,0,0,0,0,0,0,9,99,99,99,99,1,2,55,1,3,2,1,0,0,1,9,1,4,2,66,,,,1,0,P,HYUN,AGS,2H,5.0,17.0,2280.0,,0.0,961.0,,G,,F,4.0,98.0,,,13R175,,,,,,2012
5199,2012040286,4,40286,2,2,1,29,5,23,25,12,6,1,0,4,1,37,402,37402,14,2002,JHLRD78852C0,J,H,L,R,D,7,8,8,5,2,C,0,0,0,0,Not Applicable,Not Applicable,0,0,0,1,0,0,0,0,0,0,0,998,0,0,0,12,6,2,12,0,0,0,1,4,86001,6,1,0,0,3,0,64,140,0,0,0,0,0,0,0,0,0,0,0,0,0,0,1,2,55,1,3,2,1,0,0,1,62,99,1,1,66,,,,0,0,P,HOND,CRV,UT,2.0,17.0,3347.0,,0.0,1031.0,,G,,F,4.0,146.0,,,15R205,,,,,,2012
5200,2012040287,4,40287,1,1,1,29,5,1,36,25,0,1,0,4,1,39,32,39032,4,1995,SAJKX1740SC7,S,A,J,K,X,1,7,4,0,S,C,7,0,0,0,Not Applicable,Not Applicable,0,0,0,1,0,0,0,0,0,0,0,998,0,1,5,99,6,2,1,0,0,0,1,4,85008,6,1,0,0,3,0,75,180,1,0,0,1,0,11,2010,11,2010,1,0,0,0,0,6,1,65,3,5,2,1,40,3,14,6,1,9,4,2,,,,1,1,P,JAGU,VDP,4D,95.0,17.0,4105.0,,0.0,1130.0,,G,,F,6.0,243.0,,,16R225,,,,,,2012
5201,2012040288,4,40288,1,1,9,21,5,13,23,25,0,1,0,4,1,98,850,98850,65,2005,1RF434642520,1,R,F,4,3,4,6,4,2,5,2,0,5,1,0,Not Applicable,Not Applicable,0,0,0,1,0,0,0,0,0,0,0,65,0,0,0,62,6,2,30,0,0,0,1,4,85326,6,1,6,0,3,0,75,265,0,0,0,0,0,0,0,0,0,0,80,0,0,0,3,4,65,1,1,2,1,0,0,1,1,1,9,4,7,,,,1,0,U,,,,5.0,17.0,,,,,,,,,,,,,,,,,,,2012
5202,2012040290,4,40290,1,2,1,8,5,22,17,12,6,1,0,4,2,35,43,35043,4,2005,3N1CB51D75L4,3,N,1,C,B,5,1,D,7,5,L,4,0,0,0,Not Applicable,Not Applicable,0,0,0,1,0,0,0,0,0,0,0,5,0,0,0,62,2,4,12,0,0,0,1,4,85705,6,1,0,0,3,0,64,105,0,0,0,0,0,0,0,0,0,0,38,0,0,0,1,2,40,1,1,2,1,0,0,11,15,1,1,1,82,,,,0,0,P,NISS,S18,4D,5.0,17.0,2387.0,,0.0,998.0,,G,,F,4.0,108.0,,,15R195,,,,,,2012
5203,2012040290,4,40290,2,2,1,8,5,22,17,12,6,1,0,0,0,99,701,99701,81,9999,No VIN Required,0,0,0,0,0,0,0,0,0,0,0,0,0,0,0,Not Applicable,Not Applicable,0,0,0,1,0,0,0,0,0,0,0,20,0,0,0,12,6,2,12,0,0,0,1,4,85705,0,0,0,0,0,0,74,200,0,2,0,1,0,5,2009,2,2012,0,0,0,0,0,5,4,40,1,1,2,1,0,0,1,72,6,1,3,83,,,,1,0,,,,,,,,,,,,,,,,,,,,,,,,,2012
5204,2012040291,4,40291,1,3,2,13,5,5,26,12,6,1,0,4,2,12,481,12481,31,1997,1FTHW26F8VEA,1,F,T,H,W,2,6,F,8,V,E,A,0,0,0,Not Applicable,Not Applicable,0,0,0,1,0,0,0,0,0,0,0,65,0,0,0,12,6,2,12,0,0,0,1,4,85746,6,1,0,0,3,0,71,215,0,0,0,0,0,0,0,0,0,1,91,39,0,0,2,3,40,1,1,2,1,3,3,1,17,1,1,1,83,,,,0,1,T,FORD,F25,CW,97.0,17.0,,2.0,0.0,1520.0,COF,D,,,8.0,444.0,,,,C,0.0,0.0,A,44.0,2012
5205,2012040291,4,40291,2,3,2,13,5,5,26,12,6,1,0,4,1,20,421,20421,15,2000,1GNCS13W8Y22,1,G,N,C,S,1,3,W,8,Y,2,2,0,0,0,Not Applicable,Not Applicable,0,0,0,1,0,0,0,0,0,0,0,999,0,0,0,62,6,2,12,0,0,0,1,4,85714,6,1,0,0,3,3,64,178,0,0,0,0,0,0,0,0,0,0,0,0,0,0,6,2,40,3,1,4,1,3,3,11,66,1,1,1,82,,,,1,0,P,CHEV,BZR,UT,0.0,17.0,3671.0,,0.0,1070.0,,G,,F,6.0,262.0,,,15R205,,,,,,2012
5206,2012040291,4,40291,3,3,1,13,5,5,26,12,6,1,0,4,1,49,471,49471,30,1991,JT4VN93DXM50,J,T,4,V,N,9,3,D,X,M,5,0,0,0,0,Not Applicable,Not Applicable,0,0,0,1,0,0,0,0,0,0,0,999,0,0,0,12,6,2,12,0,0,0,1,4,85735,6,1,0,0,3,0,66,150,0,0,0,0,0,0,0,0,0,0,0,0,0,0,6,2,40,3,1,2,1,3,3,14,66,1,1,1,98,,,,0,0,T,TOYT,ELD,PC,91.0,17.0,,1.0,0.0,1215.0,HTP,G,,,6.0,180.0,,,,B,0.0,0.0,A,42.0,2012
5207,2012040292,4,40292,1,1,2,19,5,2,23,33,0,1,1,4,1,2,404,2404,14,2005,1J4GR48K05C5,1,J,4,G,R,4,8,K,0,5,C,5,0,0,0,Not Applicable,Not Applicable,0,0,0,1,0,0,0,0,0,0,0,998,0,0,0,14,6,2,42,0,0,0,1,4,85711,6,1,0,0,3,0,61,135,0,1,0,0,0,9,2009,9,2009,1,99,99,99,99,2,3,98,1,1,2,1,0,0,1,9,1,9,4,2,,,,1,0,T,JEEP,LCF,4W,5.0,17.0,,1.0,0.0,1095.0,GCK,G,,,6.0,226.0,,,,,4335.0,0.0,E,44.0,2012
5208,2012040293,4,40293,1,1,1,13,5,10,30,42,0,1,0,4,1,20,471,20471,30,2002,1GCDT19W4282,1,G,C,D,T,1,9,W,4,2,8,2,0,0,0,Not Applicable,Not Applicable,0,0,0,1,0,0,0,0,0,0,0,998,0,1,1,99,6,2,1,0,0,0,1,4,85706,6,1,0,0,3,3,61,189,0,0,0,0,0,0,0,0,0,1,58,0,0,0,1,2,50,3,1,2,1,40,3,14,13,1,1,4,1,,,,1,1,T,CHEV,S14,3C,2.0,17.0,,1.0,0.0,1229.0,S,G,,,6.0,262.0,,,,B,3761.0,0.0,,44.0,2012
5209,2012040294,4,40294,1,1,1,13,5,1,23,33,0,1,0,4,1,20,37,20037,4,2001,1G1ND52J6161,1,G,1,N,D,5,2,J,6,1,6,1,0,0,0,Not Applicable,Not Applicable,0,0,0,1,0,0,0,0,0,0,0,60,0,0,0,14,6,2,38,0,0,0,1,4,85031,0,0,0,0,0,0,68,160,0,0,0,0,0,0,0,0,0,1,0,0,0,0,5,4,40,1,1,2,1,0,0,1,13,99,9,4,1,,,,1,1,P,CHEV,MAL,4D,1.0,17.0,3051.0,,0.0,1070.0,,G,,F,6.0,191.0,,,15R215,,,,,,2012
5210,2012040295,4,40295,1,1,1,12,5,11,53,1,0,1,0,4,1,12,37,12037,4,2008,1FAHP35N88W1,1,F,A,H,P,3,5,N,8,8,W,1,0,0,0,Not Applicable,Not Applicable,0,0,0,1,0,0,0,0,0,0,0,55,0,1,5,0,6,2,1,32,0,0,1,4,85553,6,1,0,0,3,3,65,149,0,0,0,0,0,0,0,0,0,9,99,99,99,99,1,2,55,1,1,2,1,0,0,99,9,6,4,4,7,,,,1,0,P,FORD,FMS,4D,8.0,17.0,2623.0,,0.0,1029.0,,G,,F,4.0,122.0,,,16R205,,,,,,2012
5211,2012040296,4,40296,1,1,2,13,5,12,15,1,0,1,0,8,1,62,421,62421,15,1991,SALHV1243MA4,S,A,L,H,V,1,2,4,3,M,A,4,0,0,0,Not Applicable,Not Applicable,0,0,0,1,0,0,0,0,0,0,0,998,0,1,3,0,6,2,1,0,0,0,1,8,80002,0,0,0,0,0,0,999,999,0,1,0,0,0,10,2011,10,2011,1,0,0,0,0,2,2,75,1,1,2,1,0,0,1,6,1,9,4,7,,,,1,0,T,LNDR,RRV,4W,91.0,17.0,,2.0,0.0,1000.0,RRV,G,,,8.0,238.0,,,,,4401.0,0.0,A,44.0,2012
5212,2012040297,4,40297,1,2,1,14,5,9,45,12,6,1,0,4,1,20,881,20881,62,1967,CE637F145447,C,E,6,3,7,F,1,4,5,4,4,7,0,0,99,Unknown,Unknown,2,2,4,1,0,0,0,0,0,0,0,998,0,1,5,12,6,2,12,0,0,0,1,30,59739,6,1,6,0,3,0,68,190,98,0,0,0,0,0,0,0,0,1,80,0,0,0,2,2,75,1,1,2,1,0,0,1,1,99,9,7,98,,,,0,0,T,CHEV,C63,CB,67.0,12.0,,6.0,1890.0,1250.0,C60,G,,,8.0,,,,,,,,,42.0,2012
5213,2012040297,4,40297,2,2,2,14,5,9,45,12,6,1,0,41,1,14,402,14402,14,2010,4M2CN8HG1AKJ,4,M,2,C,N,8,H,G,1,A,K,J,0,0,0,Not Applicable,Not Applicable,0,0,0,1,0,0,0,0,0,0,0,998,0,0,0,9,6,2,12,0,0,0,1,53,99337,6,1,0,0,3,3,67,160,0,0,0,0,0,0,0,0,0,0,0,0,0,0,2,2,75,1,1,2,1,0,0,1,64,1,1,1,98,,,,2,0,P,MERC,MRN,UT,10.0,17.0,3384.0,,0.0,1031.0,,F,,F,6.0,183.0,,,16R235,,,,,,2012
5214,2012040298,4,40298,1,1,1,15,5,15,1,1,0,1,0,4,1,72,706,72706,80,2005,1HD1FCW185Y6,1,H,D,1,F,C,W,1,8,5,Y,6,0,0,0,Not Applicable,Not Applicable,0,0,0,1,0,0,0,0,0,0,0,75,0,0,0,0,6,2,1,0,0,0,1,4,85193,6,1,0,0,3,3,67,200,0,0,0,0,0,0,0,0,0,9,99,99,99,99,2,2,75,1,1,2,1,0,0,1,12,1,1,4,6,,,,1,0,M,HD,FLU,RS,5.0,17.0,,,,,,,1450.0,,2.0,,4.0,788.0,,,,,,,2012
5215,2012040299,4,40299,1,1,1,18,5,3,8,3,0,1,0,4,2,20,22,20022,4,2007,1G1AK55F9771,1,G,1,A,K,5,5,F,9,7,7,1,0,0,0,Not Applicable,Not Applicable,0,0,0,1,0,0,0,0,0,0,0,39,0,9,6,0,6,2,3,0,0,0,1,4,85037,6,1,0,0,3,0,66,195,1,0,0,0,0,3,2012,3,2012,0,99,99,99,99,1,4,50,1,1,2,1,0,0,1,98,1,4,4,0,,,,1,1,P,CHEV,BLS,4D,7.0,17.0,3216.0,,0.0,1033.0,,G,,F,4.0,134.0,,,15R195,,,,,,2012
5216,2012040300,4,40300,1,1,6,24,5,17,51,5,0,1,0,4,1,53,402,53402,14,2000,JS3TD62V7Y41,J,S,3,T,D,6,2,V,7,Y,4,1,0,0,0,Not Applicable,Not Applicable,0,0,0,1,0,0,0,0,0,0,0,30,0,0,0,0,0,1,5,0,0,0,1,4,85392,6,1,0,0,3,3,75,165,0,0,0,0,0,0,0,0,0,1,91,0,0,0,1,2,25,1,1,2,1,0,0,1,98,2,9,3,0,,,,1,0,P,SUZI,GVT,UT,0.0,17.0,3197.0,,0.0,976.0,,G,,F,6.0,152.0,,,16R235,,,,,,2012
5217,2012040301,4,40301,1,2,1,23,5,15,37,12,6,1,0,4,2,49,32,49032,4,2006,JTDBR32E0600,J,T,D,B,R,3,2,E,0,6,0,0,0,0,0,Not Applicable,Not Applicable,0,0,0,1,0,0,0,0,0,0,0,15,0,0,0,82,6,2,12,0,0,0,1,4,85286,6,1,0,0,3,0,62,106,1,1,0,1,0,2,2012,4,2012,0,0,0,0,0,2,3,45,1,1,2,1,3,3,11,15,1,1,1,68,,,,1,0,P,TOYT,EEL,4D,6.0,17.0,2530.0,,0.0,1024.0,,G,,F,4.0,109.0,,,15R185,,,,,,2012
5218,2012040301,4,40301,2,2,1,23,5,15,37,12,6,1,0,4,1,12,481,12481,31,2001,1FTRW07L31KB,1,F,T,R,W,0,7,L,3,1,K,B,0,0,0,Not Applicable,Not Applicable,0,0,0,1,0,0,0,0,0,0,0,45,0,0,0,12,6,2,12,0,0,0,1,4,85206,6,1,0,0,3,0,75,200,0,0,0,0,0,0,0,0,0,0,0,0,0,0,2,3,45,1,1,2,1,3,3,1,62,1,1,1,69,,,,0,0,T,FORD,F1S,CW,1.0,17.0,,2.0,0.0,1385.0,COF,G,,,8.0,330.0,,,,B,4581.0,1.0,E,42.0,2012
5219,2012040302,4,40302,1,2,1,5,5,3,27,12,1,1,0,4,1,76,705,76705,80,2008,JYARJ16E18A0,J,Y,A,R,J,1,6,E,1,8,A,0,0,0,0,Not Applicable,Not Applicable,0,0,0,1,0,0,0,0,0,0,0,68,0,0,0,12,6,2,12,0,0,0,1,4,85326,6,1,0,0,3,3,69,170,0,0,0,0,0,0,0,0,0,1,89,0,0,0,2,1,30,1,1,2,1,0,0,1,59,1,1,1,24,,,,1,1,M,YAMA,R6L,RC,8.0,17.0,,,,,,,599.0,,4.0,,4.0,366.0,,,,,,,2012
5220,2012040302,4,40302,2,2,1,5,5,3,27,12,1,1,0,4,1,20,421,20421,15,1995,3GNEK18KXSG1,3,G,N,E,K,1,8,K,X,S,G,1,0,0,0,Not Applicable,Not Applicable,0,0,0,1,0,0,0,0,0,0,0,30,0,0,0,6,4,1,12,0,0,0,1,4,85326,6,1,0,0,3,3,64,155,0,0,0,0,0,0,0,0,0,0,0,0,0,0,2,1,30,1,1,2,1,0,0,1,59,1,1,1,25,,,,0,0,P,CHEV,KTA,UT,95.0,17.0,4747.0,,0.0,1115.0,,G,,F,8.0,350.0,,,16R245,,,,,,2012
5221,2012040303,4,40303,1,1,4,5,5,15,8,1,0,1,0,4,2,20,402,20402,14,2000,2CNBJ13C3Y69,2,C,N,B,J,1,3,C,3,Y,6,9,0,0,0,Not Applicable,Not Applicable,0,0,0,1,0,0,0,0,0,0,0,998,0,1,1,0,6,2,1,0,0,0,1,4,86510,0,0,0,0,0,0,64,170,0,0,0,0,0,0,0,0,0,0,52,0,0,0,1,2,55,1,1,2,1,0,0,1,9,99,9,6,98,,,,1,0,P,CHEV,TKR,UT,0.0,17.0,2987.0,,0.0,976.0,,G,,F,4.0,122.0,,,15R205,,,,,,2012
5222,2012040304,4,40304,1,1,3,6,5,0,52,35,0,1,0,4,2,98,739,98739,90,2007,4XARH68A6741,4,X,A,R,H,6,8,A,6,7,4,1,0,0,0,Not Applicable,Not Applicable,0,0,0,1,0,0,0,0,0,0,0,998,0,1,5,12,6,2,35,35,0,0,1,4,85308,6,1,0,0,3,0,71,205,0,0,0,0,0,0,0,0,0,9,91,21,0,0,1,2,40,1,1,2,1,0,0,1,99,99,9,4,99,,,,1,1,M,POLS,RXP,AT,7.0,17.0,,,,,,,683.0,,2.0,,4.0,1185.0,,,,,,,2012
5223,2012040305,4,40305,1,2,1,6,5,12,24,12,6,1,0,4,1,12,17,12017,4,2001,1FAFP55U31A1,1,F,A,F,P,5,5,U,3,1,A,1,0,0,0,Not Applicable,Not Applicable,0,0,0,1,0,0,0,0,0,0,0,11,0,0,0,61,6,2,12,0,0,0,1,4,85303,6,1,6,0,3,3,70,230,0,2,0,0,0,7,2009,8,2009,0,38,0,0,0,1,2,25,1,1,2,1,20,3,1,17,1,1,1,89,,,,1,1,P,FORD,TSS,4D,1.0,17.0,3343.0,,0.0,1085.0,,G,,F,6.0,182.0,,,16R215,,,,,,2012
5224,2012040305,4,40305,2,2,5,6,5,12,24,12,6,1,0,4,1,20,421,20421,15,2004,1GNEC13Z04J1,1,G,N,E,C,1,3,Z,0,4,J,1,0,0,0,Not Applicable,Not Applicable,0,0,0,1,0,0,0,0,0,0,0,39,0,0,0,12,6,2,12,0,0,0,1,4,85041,0,0,0,0,0,0,68,145,0,0,0,1,1,9,2010,9,2010,0,0,0,0,0,5,5,40,1,1,2,1,0,0,1,66,1,1,1,88,,,,0,0,P,CHEV,CTA,UT,4.0,17.0,4828.0,,0.0,1160.0,,F,,F,8.0,325.0,,,16R265,,,,,,2012
5225,2012040306,4,40306,1,2,2,12,5,13,43,12,2,1,0,4,2,63,441,63441,20,2003,KNDUP1319363,K,N,D,U,P,1,3,1,9,3,6,3,0,0,0,Not Applicable,Not Applicable,0,0,0,1,0,0,0,0,0,0,0,40,0,0,0,12,6,2,12,0,0,0,1,4,85048,6,1,0,0,3,0,69,165,2,1,0,1,0,10,2009,1,2012,0,28,0,0,0,5,5,40,1,1,2,1,0,0,1,11,1,1,2,50,,,,2,0,P,KIA,SED,SV,3.0,17.0,4709.0,,0.0,1145.0,,G,,F,6.0,213.0,,,15R215,,,,,,2012
5226,2012040306,4,40306,2,2,1,12,5,13,43,12,2,1,0,4,1,2,405,2405,14,2002,1J4GK48K82W2,1,J,4,G,K,4,8,K,8,2,W,2,0,0,0,Not Applicable,Not Applicable,0,0,0,1,0,0,0,0,0,0,0,40,0,0,0,12,6,2,12,0,0,0,1,4,85310,6,1,0,0,3,0,68,160,0,0,0,0,0,0,0,0,0,0,0,0,0,0,5,5,40,1,1,2,1,0,0,1,62,3,2,1,51,,,,0,0,T,JEEP,SPR,4W,2.0,17.0,,1.0,0.0,1043.0,LIB,G,,,6.0,226.0,,,,,3508.0,2.0,E,42.0,2012