index,accident_id,STATE,ST_CASE,VEH_NO,VE_FORMS,NUMOCCS,DAY,MONTH,HOUR,MINUTE,HARM_EV,MAN_COLL,UNITTYPE,HIT_RUN,REG_STAT,OWNER,MAKE,MODEL,MAK_MOD,BODY_TYP,MOD_YEAR,VIN,VIN_1,VIN_2,VIN_3,VIN_4,VIN_5,VIN_6,VIN_7,VIN_8,VIN_9,VIN_10,VIN_11,VIN_12,TOW_VEH,J_KNIFE,MCARR_I1,MCARR_I2,MCARR_ID,GVWR,V_CONFIG,CARGO_BT,HAZ_INV,HAZ_PLAC,HAZ_ID,HAZ_CNO,HAZ_REL,BUS_USE,SPEC_USE,EMER_USE,TRAV_SP,UNDERIDE,ROLLOVER,ROLINLOC,IMPACT1,DEFORMED,TOWED,M_HARM,VEH_SC1,VEH_SC2,FIRE_EXP,DR_PRES,L_STATE,DR_ZIP,L_STATUS,L_TYPE,CDL_STAT,L_ENDORS,L_COMPL,L_RESTRI,DR_HGT,DR_WGT,PREV_ACC,PREV_SUS,PREV_DWI,PREV_SPD,PREV_OTH,FIRST_MO,FIRST_YR,LAST_MO,LAST_YR,SPEEDREL,DR_SF1,DR_SF2,DR_SF3,DR_SF4,VTRAFWAY,VNUM_LAN,VSPD_LIM,VALIGN,VPROFILE,VPAVETYP,VSURCOND,VTRAFCON,VTCONT_F,P_CRASH1,P_CRASH2,P_CRASH3,PCRASH4,PCRASH5,ACC_TYPE,TRLR1VIN,TRLR2VIN,TRLR3VIN,DEATHS,DR_DRINK,VINTYPE,VINMAKE,VINA_MOD,VIN_BT,VINMODYR,VIN_LNGT,VIN_WGT,WGTCD_TR,WHLBS_LG,WHLBS_SH,SER_TR,FUELCODE,MCYCL_DS,CARBUR,CYLINDER,DISPLACE,MCYCL_CY,MCYCL_WT,TIRE_SZE,TON_RAT,TRK_WT,TRKWTVAR,VIN_REST,WHLDRWHL,Year
5271,2012040340,4,40340,1,1,2,20,6,18,16,1,0,1,0,48,1,20,431,20431,16,2002,1GNEC16Z62J1,1,G,N,E,C,1,6,Z,6,2,J,1,0,0,0,Not Applicable,Not Applicable,0,0,0,1,0,0,0,0,0,0,0,65,0,1,5,0,6,2,1,32,0,0,1,48,75115,6,1,0,0,3,3,68,305,0,0,0,0,0,0,0,0,0,1,0,0,0,0,1,2,55,3,6,2,1,0,0,14,13,1,1,4,1,,,,1,0,P,CHEV,C15,UT,2.0,17.0,4914.0,,0.0,1300.0,,F,,F,8.0,325.0,,,16R265,,,,,,2012
5272,2012040341,4,40341,1,2,1,20,6,21,35,54,11,1,9,99,9,99,999,99999,99,9999,Unknown,9,9,9,9,9,9,9,9,9,9,9,9,4,1,99,Unknown,Unknown,9,99,99,1,0,0,0,0,0,0,0,998,0,0,0,18,4,1,54,0,0,0,1,99,99999,9,9,99,9,9,9,999,999,99,99,99,99,99,99,9999,99,9999,9,80,0,0,0,2,2,75,1,1,2,1,0,0,1,99,99,1,9,98,,,,0,0,,,,,,,,,,,,,,,,,,,,,,,,,2012
5273,2012040341,4,40341,2,2,2,20,6,21,35,54,11,1,0,6,1,82,850,82850,65,2006,4UZACJDC16CW,4,U,Z,A,C,J,D,C,1,6,C,W,0,0,0,Not Applicable,Not Applicable,0,0,0,1,0,0,0,0,0,0,0,998,0,0,0,12,6,2,54,0,0,0,1,6,91784,6,1,0,0,3,0,71,210,1,0,0,0,0,11,2009,11,2009,0,0,0,0,0,2,2,75,1,1,2,1,0,0,1,89,1,1,1,98,,,,1,0,T,FRHT,XMH,MH,6.0,17.0,,7.0,0.0,0.0,CHA,D,,,6.0,439.0,,,,,0.0,0.0,,42.0,2012
5274,2012040342,4,40342,1,2,1,22,6,19,0,12,2,1,0,4,1,53,405,53405,14,2006,JS3TY92V6641,J,S,3,T,Y,9,2,V,6,6,4,1,0,0,0,Not Applicable,Not Applicable,0,0,0,1,0,0,0,0,0,0,0,45,0,0,0,12,6,2,12,0,0,0,1,6,91363,3,1,0,0,2,0,61,110,0,0,0,0,0,0,0,0,0,0,28,0,0,0,1,2,45,1,1,2,1,0,0,1,10,1,1,1,50,,,,0,0,P,SUZI,XL7,UT,6.0,17.0,3638.0,,0.0,1102.0,,G,,F,6.0,164.0,,,16R235,,,,,,2012
5275,2012040342,4,40342,2,2,1,22,6,19,0,12,2,1,0,4,1,72,706,72706,80,2009,1HD1FS4109Y6,1,H,D,1,F,S,4,1,0,9,Y,6,0,0,0,Not Applicable,Not Applicable,0,0,0,1,0,0,0,0,0,0,0,45,0,0,0,12,6,2,12,0,0,0,1,4,85743,6,1,0,0,3,0,76,175,0,0,0,0,0,0,0,0,0,0,0,0,0,0,1,2,45,1,1,2,1,0,0,1,62,1,1,1,51,,,,1,0,M,HD,LTR,RS,9.0,17.0,,,,,,,1584.0,,2.0,,4.0,820.0,,,,,,,2012
5276,2012040343,4,40343,1,2,2,25,6,14,57,12,2,1,0,4,1,7,24,7024,4,2007,2B3KA43RX7H8,2,B,3,K,A,4,3,R,X,7,H,8,0,0,0,Not Applicable,Not Applicable,0,0,0,1,0,0,0,0,0,0,0,998,3,0,0,12,6,2,12,0,0,1,1,4,85756,1,1,0,0,2,0,70,190,0,5,0,3,3,9,2009,6,2012,0,28,0,0,0,1,3,45,3,5,2,1,0,0,14,10,1,1,2,50,,,,2,0,P,DODG,CTL,4D,7.0,17.0,3648.0,,0.0,1200.0,,G,,F,6.0,165.0,,,17R215,,,,,,2012
5277,2012040343,4,40343,2,2,1,25,6,14,57,12,2,1,0,4,3,84,881,84881,63,2008,1HTMKAZN58H6,1,H,T,M,K,A,Z,N,5,8,H,6,0,0,57,1669356,571669356,3,1,97,1,0,0,0,0,0,0,0,45,0,0,0,12,6,2,12,0,0,0,1,4,85534,6,1,6,0,3,3,69,190,0,2,0,1,0,4,2011,6,2012,0,0,0,0,0,1,3,45,1,6,2,1,0,0,1,62,4,1,1,51,,,,0,0,T,INTL,440,CC,8.0,17.0,,7.0,0.0,0.0,40S,D,,,6.0,570.0,,,,,0.0,0.0,,42.0,2012
5278,2012040344,4,40344,1,1,1,27,6,20,12,11,0,1,0,4,1,72,706,72706,80,2001,1HD1BXB391Y0,1,H,D,1,B,X,B,3,9,1,Y,0,0,0,0,Not Applicable,Not Applicable,0,0,0,1,0,0,0,0,0,0,0,998,0,0,0,12,6,2,1,0,0,0,1,4,86511,6,1,0,0,3,0,68,240,0,0,0,0,0,0,0,0,0,0,83,0,0,0,1,2,50,1,6,2,1,0,0,1,87,3,2,1,13,,,,1,0,M,HD,ISF,RS,1.0,17.0,,,,,,,1450.0,,2.0,,4.0,666.0,,,,,,,2012
5279,2012040345,4,40345,1,2,6,28,6,21,10,12,6,1,0,6,4,7,442,7442,20,2012,2C4RDGCG0CR3,2,C,4,R,D,G,C,G,0,C,R,3,0,0,0,Not Applicable,Not Applicable,0,0,0,1,0,0,0,0,0,0,0,998,0,0,0,61,6,2,12,0,0,0,1,24,20903,6,1,0,0,3,0,72,132,0,0,0,0,0,0,0,0,0,0,38,0,0,0,1,2,65,1,1,2,1,20,3,11,15,1,1,1,82,,,,1,0,P,DODG,CAR,SV,12.0,17.0,4483.0,,0.0,1212.0,,F,,F,6.0,220.0,,,16R235,,,,,,2012
5280,2012040345,4,40345,2,2,3,28,6,21,10,12,6,1,0,4,3,20,881,20881,61,2006,1GBJK39D06E2,1,G,B,J,K,3,9,D,0,6,E,2,0,0,88,None,None,2,1,3,1,0,0,0,0,0,0,0,65,0,0,0,12,6,2,12,0,0,0,1,4,86314,6,1,0,0,3,0,65,145,0,0,0,0,0,0,0,0,0,0,0,0,0,0,1,2,65,1,1,2,1,0,0,1,67,8,2,2,83,,,,0,0,T,CHEV,SK3,4B,6.0,17.0,,3.0,0.0,1615.0,SIL,D,,,8.0,403.0,,,,D,6272.0,0.0,,44.0,2012
5281,2012040346,4,40346,1,1,1,30,6,3,46,1,0,1,0,4,1,20,16,20016,2,2001,1G1JC1246173,1,G,1,J,C,1,2,4,6,1,7,3,0,0,0,Not Applicable,Not Applicable,0,0,0,1,0,0,0,0,0,0,0,65,0,1,3,0,6,2,1,0,0,0,1,4,86323,6,1,0,0,3,3,73,150,0,2,1,0,0,6,2011,11,2011,9,99,99,99,99,2,2,65,1,1,2,1,0,0,99,9,1,4,4,7,,,,1,0,P,CHEV,CAV,CP,1.0,17.0,2617.0,,0.0,1041.0,,G,,F,4.0,133.0,,,14R195,,,,,,2012
5282,2012040347,4,40347,1,1,2,2,5,17,34,15,0,1,0,4,1,2,404,2404,14,1985,1JCBL7827FT0,1,J,C,B,L,7,8,2,7,F,T,0,0,0,0,Not Applicable,Not Applicable,0,0,0,1,0,0,0,0,0,0,0,22,0,0,0,82,2,3,15,0,0,0,1,4,86004,6,1,0,0,3,3,73,190,0,2,0,1,0,11,2009,7,2011,0,89,0,0,0,1,2,25,2,1,2,1,0,0,14,81,1,1,1,13,,,,0,0,P,AMER,CHK,UT,85.0,17.0,2883.0,,0.0,1010.0,,D,,T,4.0,126.0,,,000000,,,,,,2012
5283,2012040348,4,40348,1,2,1,2,6,14,52,12,1,1,0,4,1,7,422,7422,15,2004,1D4HD58D54F2,1,D,4,H,D,5,8,D,5,4,F,2,0,0,0,Not Applicable,Not Applicable,0,0,0,1,0,0,0,0,0,0,0,72,7,0,0,12,6,2,12,0,0,0,1,4,85339,6,1,0,0,3,0,66,255,0,1,0,2,1,3,2011,4,2012,1,91,0,0,0,1,4,55,1,1,2,1,0,0,1,52,1,1,1,24,,,,0,0,P,DODG,DUR,UT,4.0,17.0,4815.0,,0.0,1192.0,,G,,F,8.0,345.0,,,17R245,,,,,,2012
5284,2012040348,4,40348,2,2,4,2,6,14,52,12,1,1,0,4,1,12,17,12017,6,1991,1FACP57U4MA1,1,F,A,C,P,5,7,U,4,M,A,1,0,0,0,Not Applicable,Not Applicable,0,0,0,1,0,0,0,0,0,0,0,3,0,0,0,6,6,2,12,0,0,1,1,4,85326,6,1,0,0,3,0,67,225,0,0,0,0,0,0,0,0,0,0,0,0,0,0,1,4,55,1,1,2,1,0,0,11,53,1,1,1,26,,,,4,0,P,FORD,TAG,SW,91.0,17.0,3283.0,,0.0,1060.0,,G,,F,6.0,182.0,,,14R205,,,,,,2012
5285,2012040349,4,40349,1,1,2,13,6,20,30,9,0,1,0,6,4,49,40,49040,4,2012,4T4BF1FK0CR2,4,T,4,B,F,1,F,K,0,C,R,2,0,0,0,Not Applicable,Not Applicable,0,0,0,1,0,0,0,0,0,0,0,40,0,0,0,12,4,1,9,0,0,0,1,4,85033,6,1,0,0,3,0,68,200,0,0,0,0,0,0,0,0,0,0,0,0,0,0,5,4,40,1,1,2,1,0,0,1,83,1,1,1,13,,,,0,0,P,TOYT,CBA,4D,12.0,17.0,3190.0,,0.0,1093.0,,G,,F,4.0,152.0,,,16R205,,,,,,2012
5286,2012040350,4,40350,1,1,1,27,6,19,38,1,0,1,0,4,1,49,472,49472,30,2002,5TEGM92N62Z0,5,T,E,G,M,9,2,N,6,2,Z,0,0,0,0,Not Applicable,Not Applicable,0,0,0,1,0,0,0,0,0,0,0,998,0,1,3,0,6,2,1,0,0,0,1,4,86404,6,1,0,0,3,3,63,150,0,0,0,0,0,0,0,0,0,1,80,0,0,0,2,2,75,1,1,2,1,0,0,1,1,6,4,4,7,,,,1,0,T,TOYT,DCP,CW,2.0,17.0,,1.0,0.0,1219.0,TAC,G,,,4.0,164.0,,,,B,3430.0,0.0,E,42.0,2012
5287,2012040351,4,40351,1,1,2,27,2,10,29,5,0,1,0,4,1,7,482,7482,31,2005,1D7HA16K85J6,1,D,7,H,A,1,6,K,8,5,J,6,0,0,0,Not Applicable,Not Applicable,0,0,0,1,0,0,0,0,0,0,0,999,0,0,0,0,0,3,5,0,0,0,1,4,85705,1,1,0,0,2,0,71,190,0,1,0,0,0,2,2012,2,2012,0,91,0,0,0,5,2,98,1,1,2,1,0,0,11,98,1,1,1,0,,,,1,0,T,DODG,S1T,PK,5.0,17.0,,2.0,1405.0,1205.0,RPC,G,,,6.0,225.0,,,,B,4318.0,3.0,E,42.0,2012
5288,2012040352,4,40352,1,1,1,26,6,5,58,8,0,1,0,4,1,49,38,49038,2,1991,JT2EL43B6M01,J,T,2,E,L,4,3,B,6,M,0,1,0,0,0,Not Applicable,Not Applicable,0,0,0,1,0,0,0,0,0,0,0,30,0,0,0,12,4,3,8,0,0,0,1,4,85704,6,1,0,0,3,0,74,245,0,0,0,0,0,0,0,0,0,1,91,0,0,0,1,2,25,1,1,2,1,0,0,1,80,1,1,1,13,,,,0,0,P,TOYT,TDX,2D,91.0,17.0,1975.0,,0.0,937.0,,G,,F,4.0,89.0,,,13R155,,,,,,2012
5289,2012040353,4,40353,1,1,1,27,6,23,1,1,0,1,0,4,1,20,473,20473,30,2005,1GCDS1965581,1,G,C,D,S,1,9,6,5,5,8,1,0,0,0,Not Applicable,Not Applicable,0,0,0,1,0,0,0,0,0,0,0,998,0,1,5,0,6,2,1,0,0,0,1,4,85629,6,1,0,0,3,0,70,200,0,0,0,0,1,2,2012,2,2012,1,58,0,0,0,6,1,45,2,6,2,1,0,0,14,9,1,4,4,7,,,,1,1,T,CHEV,RDO,4C,5.0,17.0,,1.0,0.0,1259.0,CAL,G,,,5.0,214.0,,,,,3346.0,0.0,,42.0,2012
5290,2012040354,4,40354,1,2,1,30,6,16,19,1,0,1,0,4,2,72,706,72706,80,1987,1HD1DJL18HY5,1,H,D,1,D,J,L,1,8,H,Y,5,0,0,0,Not Applicable,Not Applicable,0,0,0,1,0,0,0,0,0,0,0,30,0,0,0,0,4,3,1,0,0,0,1,26,48334,6,1,0,0,3,0,72,180,0,0,0,0,0,0,0,0,0,1,0,0,0,0,1,2,35,2,3,2,1,0,0,14,6,1,1,3,98,,,,1,0,M,HD,FHC,RS,87.0,17.0,,,,,,,1340.0,,2.0,,4.0,727.0,,,,,,,2012
5291,2012040354,4,40354,2,2,2,30,6,16,19,1,0,1,0,4,2,35,402,35402,14,2007,5N1AN08U47C5,5,N,1,A,N,0,8,U,4,7,C,5,0,0,0,Not Applicable,Not Applicable,0,0,0,1,0,0,0,0,0,0,0,35,0,0,0,14,4,3,54,0,0,0,1,4,85253,6,1,0,0,3,3,72,175,0,0,0,0,0,0,0,0,0,0,0,0,0,0,1,2,35,3,5,2,1,0,0,14,62,7,1,4,98,,,,0,0,P,NISS,XTR,UT,7.0,17.0,4026.0,,0.0,1063.0,,G,,F,6.0,244.0,,,16R265,,,,,,2012
5292,2012040355,4,40355,1,1,3,8,6,8,0,35,0,1,0,94,3,20,881,20881,61,2009,1GBE5C3G89F4,1,G,B,E,5,C,3,G,8,9,F,4,0,0,99,Unknown,Unknown,2,1,98,1,0,0,0,0,0,7,0,998,0,1,9,99,6,2,1,0,0,0,1,4,85364,6,1,0,0,3,0,67,187,0,0,0,0,0,0,0,0,0,0,58,0,0,0,1,2,55,1,1,2,1,0,0,1,12,6,9,4,7,,,,1,0,T,CHEV,C54,CB,9.0,17.0,,5.0,2060.0,1520.0,C55,G,,,8.0,496.0,,,,,0.0,0.0,,44.0,2012
5293,2012040356,4,40356,1,1,9,8,6,15,54,1,0,1,0,48,2,20,421,20421,15,2005,1GNEC13T95R1,1,G,N,E,C,1,3,T,9,5,R,1,0,0,0,Not Applicable,Not Applicable,0,0,0,1,0,0,0,0,0,0,0,998,0,1,3,0,6,2,1,0,0,0,1,48,78254,6,1,0,0,3,0,999,999,1,0,0,0,0,7,2009,7,2009,1,80,0,0,0,2,2,75,1,1,2,1,0,0,1,1,8,4,9,7,,,,1,0,P,CHEV,CTA,UT,5.0,17.0,4975.0,,0.0,1160.0,,G,,F,8.0,325.0,,,16R265,,,,,,2012
5294,2012040357,4,40357,1,1,1,10,6,3,9,35,0,1,0,4,1,49,32,49032,4,1989,JT2AE92E4K00,J,T,2,A,E,9,2,E,4,K,0,0,0,0,0,Not Applicable,Not Applicable,0,0,0,1,0,0,0,0,0,0,0,43,0,1,5,99,6,2,1,0,0,0,1,4,85272,0,0,0,0,0,0,67,170,0,0,0,0,0,0,0,0,0,0,0,0,0,0,1,2,45,1,1,5,1,0,0,1,9,99,9,4,7,,,,1,1,P,TOYT,CDF,4D,89.0,17.0,2207.0,,0.0,957.0,,G,,F,4.0,97.0,,,13R155,,,,,,2012
5295,2012040358,4,40358,1,1,1,10,6,12,43,11,0,1,0,4,1,34,706,34706,80,1981,WBM044908B62,W,B,M,0,4,4,9,0,8,B,6,2,0,0,0,Not Applicable,Not Applicable,0,0,0,1,0,0,0,0,0,0,0,55,0,0,0,12,6,2,11,0,0,0,1,4,86004,6,1,0,0,3,0,72,195,0,0,0,0,0,0,0,0,0,0,83,0,0,0,1,2,55,3,3,2,1,40,3,14,87,3,2,1,13,,,,1,0,M,BMW,RRT,RS,81.0,17.0,,,,,,,1000.0,,2.0,,4.0,478.0,,,,,,,2012
5296,2012040359,4,40359,1,1,3,7,6,23,4,46,0,1,1,4,2,12,481,12481,31,2003,1FTRX07W43KB,1,F,T,R,X,0,7,W,4,3,K,B,0,0,0,Not Applicable,Not Applicable,0,0,0,1,0,0,0,0,0,0,0,998,0,0,0,12,6,2,46,0,0,0,1,4,85242,0,0,0,0,0,0,999,999,0,0,0,0,0,0,0,0,0,9,99,99,99,99,2,3,45,1,1,2,1,3,3,99,13,1,1,4,1,,,,1,0,T,FORD,F15,4C,3.0,17.0,,2.0,0.0,1385.0,COF,G,,,8.0,281.0,,,,B,4236.0,4.0,U,42.0,2012
5297,2012040360,4,40360,1,1,1,2,7,18,26,1,0,1,0,4,1,20,471,20471,32,1994,1GCCS19Z7R81,1,G,C,C,S,1,9,Z,7,R,8,1,0,0,0,Not Applicable,Not Applicable,0,0,0,1,0,0,0,0,0,0,0,25,0,1,9,0,6,2,1,0,0,0,1,4,85539,6,1,0,0,3,3,73,210,0,2,0,0,0,1,2011,1,2011,1,99,99,99,99,1,2,25,3,6,5,11,0,0,14,6,4,2,4,2,,,,1,0,T,CHEV,S14,PC,94.0,17.0,,1.0,1229.0,1083.0,S,G,,,6.0,262.0,,,,B,3157.0,0.0,,42.0,2012
5298,2012040361,4,40361,1,1,1,2,7,20,44,8,0,1,0,4,1,37,33,37033,2,1998,JHMBB6157WC0,J,H,M,B,B,6,1,5,7,W,C,0,0,0,0,Not Applicable,Not Applicable,0,0,0,1,0,0,0,0,0,0,0,35,0,0,0,12,2,1,8,0,0,0,1,4,85364,6,1,0,0,3,0,70,220,1,0,0,0,0,9,2011,9,2011,0,0,0,0,0,5,4,35,1,1,2,1,0,0,1,80,1,1,1,13,,,,0,0,P,HOND,PSH,CP,98.0,17.0,2949.0,,0.0,1017.0,,G,,F,4.0,132.0,,,16R205,,,,,,2012
5299,2012040362,4,40362,1,1,1,3,7,4,21,8,0,1,1,99,9,99,999,99999,99,9999,Unknown,9,9,9,9,9,9,9,9,9,9,9,9,0,0,0,Not Applicable,Not Applicable,0,0,0,1,0,0,0,0,0,0,0,999,0,0,0,12,9,1,8,0,0,0,1,99,99999,9,9,99,0,9,9,999,999,99,99,99,99,99,99,9999,99,9999,9,99,99,99,99,1,2,40,1,1,2,1,0,0,1,80,99,9,3,13,,,,0,0,,,,,,,,,,,,,,,,,,,,,,,,,2012
5300,2012040363,4,40363,1,1,2,4,7,22,25,33,0,1,0,4,2,37,31,37031,2,1993,1HGEJ2148PL0,1,H,G,E,J,2,1,4,8,P,L,0,0,0,0,Not Applicable,Not Applicable,0,0,0,1,0,0,0,0,0,0,0,998,0,0,0,14,6,2,30,0,0,0,1,4,85128,6,1,0,0,3,0,73,195,0,1,0,0,0,12,2010,12,2010,1,89,0,0,0,2,2,45,3,5,2,1,0,0,14,12,1,1,4,6,,,,2,1,P,HOND,CID,CP,93.0,17.0,2224.0,,0.0,1013.0,,G,,F,4.0,91.0,,,13R175,,,,,,2012
5301,2012040364,4,40364,1,1,1,4,7,23,45,8,0,1,0,4,1,7,880,7880,67,2003,3D7MU48603G7,3,D,7,M,U,4,8,6,0,3,G,7,0,0,88,None,None,2,1,97,1,0,0,0,0,0,0,0,37,0,0,0,12,2,1,8,0,0,0,1,4,85392,6,1,6,0,3,1,72,190,0,5,0,4,0,10,2009,5,2012,0,0,0,0,0,5,5,40,1,1,2,1,0,0,1,80,1,1,1,13,,,,0,0,T,DODG,SQ3,CW,3.0,17.0,,3.0,0.0,1600.0,RPC,D,,,6.0,359.0,,,,D,6544.0,6.0,E,44.0,2012
5302,2012040365,4,40365,1,9,1,5,7,1,0,12,6,1,0,4,2,49,472,49472,30,2007,5TETX22N67Z4,5,T,E,T,X,2,2,N,6,7,Z,4,0,0,0,Not Applicable,Not Applicable,0,0,0,1,0,0,0,0,0,0,0,80,0,0,0,81,6,2,12,0,0,0,1,4,85048,6,1,0,0,3,0,64,137,0,0,0,1,0,10,2011,10,2011,1,58,0,0,0,3,6,65,1,1,2,1,0,0,1,9,8,4,2,48,,,,1,1,T,TOYT,ACC,PC,7.0,17.0,,1.0,0.0,1272.0,TAC,G,,,4.0,164.0,,,,B,3460.0,0.0,U,42.0,2012
5303,2012040365,4,40365,2,9,1,5,7,1,0,12,6,1,0,4,1,20,881,20881,62,2000,1GBJ7H1C9YJ5,1,G,B,J,7,H,1,C,9,Y,J,5,0,0,57,0226941,570226941,2,1,1,1,0,0,0,0,0,0,0,65,0,0,0,12,6,2,12,0,0,0,1,4,85139,6,1,6,0,3,0,73,225,0,2,0,1,0,5,2010,7,2011,0,0,0,0,0,3,6,65,1,1,2,1,0,0,1,60,1,1,1,48,,,,0,0,T,CHEV,7H4,CB,0.0,17.0,,6.0,2810.0,1450.0,CSR,D,,,6.0,439.0,,,,,0.0,0.0,,42.0,2012
5304,2012040365,4,40365,3,9,1,5,7,1,0,12,6,1,0,4,3,84,881,84881,66,2005,1HSHXAHR45J1,1,H,S,H,X,A,H,R,4,5,J,1,1,1,57,0035859,570035859,3,6,1,1,0,0,0,0,0,0,0,60,0,1,1,82,6,2,12,0,0,0,1,4,85355,6,1,6,0,3,3,74,210,0,0,0,0,0,0,0,0,0,0,0,0,0,0,3,6,65,1,1,2,1,0,0,1,50,99,1,3,98,,,,0,0,T,INTL,860,TR,5.0,17.0,,8.0,0.0,0.0,80S,D,,,6.0,661.0,,,,,0.0,0.0,,64.0,2012
5305,2012040365,4,40365,4,9,2,5,7,1,0,12,6,1,0,4,1,37,32,37032,4,2007,JHMCM56497C0,J,H,M,C,M,5,6,4,9,7,C,0,0,0,0,Not Applicable,Not Applicable,0,0,0,1,0,0,0,0,0,0,0,65,0,0,0,81,6,2,12,0,0,0,1,4,85051,6,1,0,0,3,0,63,140,0,0,0,2,0,8,2010,9,2010,0,0,0,0,0,3,6,65,1,1,2,1,0,0,1,50,1,1,1,98,,,,0,0,P,HOND,ULX,4D,7.0,17.0,3197.0,,0.0,1079.0,,G,,F,4.0,146.0,,,15R205,,,,,,2012
5306,2012040365,4,40365,5,9,3,5,7,1,0,12,6,1,0,4,1,58,37,58037,4,2004,JNKCV51E74M6,J,N,K,C,V,5,1,E,7,4,M,6,0,0,0,Not Applicable,Not Applicable,0,0,0,1,0,0,0,0,0,0,0,60,0,0,0,14,4,1,12,0,0,0,1,4,85710,6,1,0,0,3,0,65,146,0,0,0,0,0,0,0,0,0,0,0,0,0,0,3,6,65,1,1,2,1,0,0,1,90,1,1,1,98,,,,0,0,P,INFI,G35,4D,4.0,17.0,3210.0,,0.0,1122.0,,G,,F,6.0,214.0,,,17R215,,,,,,2012
5307,2012040365,4,40365,6,9,2,5,7,1,0,12,6,1,0,4,2,12,481,12481,31,2004,1FTNW21P04EE,1,F,T,N,W,2,1,P,0,4,E,E,0,0,0,Not Applicable,Not Applicable,0,0,0,1,0,0,0,0,0,0,0,60,0,0,0,61,4,1,12,0,0,0,1,4,85297,6,1,0,0,3,0,70,145,0,0,0,0,0,0,0,0,0,0,0,0,0,0,3,6,65,1,1,2,1,0,0,1,50,7,1,1,98,,,,0,0,T,FORD,F2S,CW,4.0,17.0,,2.0,1724.0,1562.0,SRW,D,,,8.0,366.0,,,,C,6234.0,0.0,E,44.0,2012
5308,2012040365,4,40365,7,9,1,5,7,1,0,12,6,1,0,4,2,12,23,12023,4,2012,3FAHP0HA9CR2,3,F,A,H,P,0,H,A,9,C,R,2,0,0,0,Not Applicable,Not Applicable,0,0,0,1,0,0,0,0,0,0,0,65,0,0,0,14,2,1,54,0,0,0,1,4,85142,6,1,0,0,3,3,66,140,0,0,0,0,0,0,0,0,0,0,0,0,0,0,3,6,65,1,1,2,1,0,0,1,90,1,1,1,98,,,,0,0,P,FORD,F/E,4D,12.0,17.0,3285.0,,0.0,1074.0,,G,,F,4.0,152.0,,,17R225,,,,,,2012
5309,2012040365,4,40365,8,9,1,5,7,1,0,12,6,1,0,4,2,49,401,49401,14,2002,JT3GN86RX202,J,T,3,G,N,8,6,R,X,2,0,2,0,0,0,Not Applicable,Not Applicable,0,0,0,1,0,0,0,0,0,0,0,60,0,0,0,12,2,1,54,0,0,0,1,4,85345,6,1,0,0,3,0,75,260,0,1,0,0,0,12,2009,12,2009,0,0,0,0,0,3,6,65,1,1,2,1,0,0,1,90,1,1,1,98,,,,0,0,P,TOYT,RUN,UT,2.0,17.0,3740.0,,0.0,1053.0,,G,,F,6.0,206.0,,,15R225,,,,,,2012
5310,2012040365,4,40365,9,9,1,5,7,1,0,12,6,1,0,18,3,82,881,82881,66,2012,1FUJGLBG8CLB,1,F,U,J,G,L,B,G,8,C,L,B,1,1,57,0007443,570007443,3,6,1,1,0,0,0,0,0,0,0,65,0,0,0,61,2,1,12,0,0,0,1,4,85303,6,1,6,0,3,3,70,290,0,0,0,0,0,0,0,0,0,0,0,0,0,0,3,6,65,1,1,2,1,0,0,1,50,1,1,1,98,,,,0,0,T,FRHT,125,TR,12.0,17.0,,8.0,0.0,0.0,CSC,D,,,6.0,915.0,,,,,0.0,0.0,,64.0,2012
5311,2012040366,4,40366,1,2,5,5,7,1,57,12,6,1,0,4,2,12,481,12481,31,2004,1FTPW14534KB,1,F,T,P,W,1,4,5,3,4,K,B,0,0,0,Not Applicable,Not Applicable,0,0,0,1,0,0,0,0,0,0,0,70,0,1,6,12,6,2,1,0,0,0,1,4,85648,6,1,0,0,3,0,71,195,0,2,0,0,1,1,2011,4,2012,1,39,37,0,0,5,2,40,1,1,2,1,3,3,1,17,1,1,1,88,,,,1,1,T,FORD,F1S,CW,4.0,17.0,,2.0,1450.0,1260.0,COF,G,,,8.0,330.0,,,,B,5560.0,0.0,U,44.0,2012
5312,2012040366,4,40366,2,2,1,5,7,1,57,12,6,1,0,4,1,58,37,58037,4,2003,JNKCV51E73M0,J,N,K,C,V,5,1,E,7,3,M,0,0,0,0,Not Applicable,Not Applicable,0,0,0,1,0,0,0,0,0,0,0,35,0,0,0,62,6,2,12,0,0,0,1,4,85718,6,1,0,0,3,0,66,130,0,0,0,0,0,0,0,0,0,0,0,0,0,0,5,4,35,1,1,2,1,3,3,1,62,1,1,1,89,,,,0,1,P,INFI,G35,4D,3.0,17.0,3336.0,,0.0,1122.0,,G,,F,6.0,214.0,,,16R205,,,,,,2012
5313,2012040367,4,40367,1,1,4,5,7,22,2,8,0,1,0,4,1,23,481,23481,31,1991,2GTEC19K9M15,2,G,T,E,C,1,9,K,9,M,1,5,0,0,0,Not Applicable,Not Applicable,0,0,0,1,0,0,0,0,0,0,0,999,0,0,0,12,2,1,8,0,0,0,1,4,85746,6,1,0,0,3,0,62,110,0,0,0,0,0,0,0,0,0,0,0,0,0,0,2,3,40,1,1,2,1,0,0,1,80,9,9,1,13,,,,0,0,T,GMC,SC1,PC,91.0,17.0,,2.0,1555.0,1415.0,SIE,G,,,8.0,350.0,,,,B,5945.0,1.0,A,42.0,2012
5314,2012040368,4,40368,1,1,1,7,7,99,99,42,0,1,0,4,1,76,709,76709,80,2008,JYAVP11E98A1,J,Y,A,V,P,1,1,E,9,8,A,1,0,0,0,Not Applicable,Not Applicable,0,0,0,1,0,0,0,0,0,0,0,998,0,0,0,14,6,2,42,0,0,0,1,4,85042,6,1,0,0,3,0,66,230,0,0,0,0,0,0,0,0,0,1,0,0,0,0,6,1,55,2,1,1,1,0,0,14,12,1,1,4,6,,,,1,1,M,YAMA,XVS,RS,8.0,17.0,,,,,,,1063.0,,2.0,,4.0,600.0,,,,,,,2012