index,accident_id,STATE,ST_CASE,VEH_NO,VE_FORMS,NUMOCCS,DAY,MONTH,HOUR,MINUTE,HARM_EV,MAN_COLL,UNITTYPE,HIT_RUN,REG_STAT,OWNER,MAKE,MODEL,MAK_MOD,BODY_TYP,MOD_YEAR,VIN,VIN_1,VIN_2,VIN_3,VIN_4,VIN_5,VIN_6,VIN_7,VIN_8,VIN_9,VIN_10,VIN_11,VIN_12,TOW_VEH,J_KNIFE,MCARR_I1,MCARR_I2,MCARR_ID,GVWR,V_CONFIG,CARGO_BT,HAZ_INV,HAZ_PLAC,HAZ_ID,HAZ_CNO,HAZ_REL,BUS_USE,SPEC_USE,EMER_USE,TRAV_SP,UNDERIDE,ROLLOVER,ROLINLOC,IMPACT1,DEFORMED,TOWED,M_HARM,VEH_SC1,VEH_SC2,FIRE_EXP,DR_PRES,L_STATE,DR_ZIP,L_STATUS,L_TYPE,CDL_STAT,L_ENDORS,L_COMPL,L_RESTRI,DR_HGT,DR_WGT,PREV_ACC,PREV_SUS,PREV_DWI,PREV_SPD,PREV_OTH,FIRST_MO,FIRST_YR,LAST_MO,LAST_YR,SPEEDREL,DR_SF1,DR_SF2,DR_SF3,DR_SF4,VTRAFWAY,VNUM_LAN,VSPD_LIM,VALIGN,VPROFILE,VPAVETYP,VSURCOND,VTRAFCON,VTCONT_F,P_CRASH1,P_CRASH2,P_CRASH3,PCRASH4,PCRASH5,ACC_TYPE,TRLR1VIN,TRLR2VIN,TRLR3VIN,DEATHS,DR_DRINK,VINTYPE,VINMAKE,VINA_MOD,VIN_BT,VINMODYR,VIN_LNGT,VIN_WGT,WGTCD_TR,WHLBS_LG,WHLBS_SH,SER_TR,FUELCODE,MCYCL_DS,CARBUR,CYLINDER,DISPLACE,MCYCL_CY,MCYCL_WT,TIRE_SZE,TON_RAT,TRK_WT,TRKWTVAR,VIN_REST,WHLDRWHL,Year
5315,2012040369,4,40369,1,3,4,8,7,18,30,12,2,1,0,6,1,37,32,37032,4,1997,1HGCD5556VA0,1,H,G,C,D,5,5,5,6,V,A,0,0,0,0,Not Applicable,Not Applicable,0,0,0,1,0,0,0,0,0,0,0,45,0,0,0,12,6,2,12,0,0,0,1,6,90022,6,1,6,0,3,0,69,170,0,0,0,0,3,7,2010,2,2011,0,28,0,0,0,1,4,45,2,1,2,1,0,0,14,10,1,1,2,50,,,,1,0,P,HOND,UEX,4D,97.0,17.0,2919.0,,0.0,1069.0,,G,,F,4.0,132.0,,,15R195,,,,,,2012
5316,2012040369,4,40369,2,3,1,8,7,18,30,12,2,1,0,4,2,49,471,49471,30,1990,JT4RN13P0L60,J,T,4,R,N,1,3,P,0,L,6,0,0,0,0,Not Applicable,Not Applicable,0,0,0,1,0,0,0,0,0,0,0,45,0,0,0,12,6,2,12,0,0,0,1,35,87105,6,1,0,0,3,0,69,156,98,0,0,0,0,0,0,0,0,0,0,0,0,0,1,4,45,3,1,2,1,0,0,14,62,3,2,1,51,,,,0,0,T,TOYT,ELD,PC,90.0,17.0,,1.0,0.0,1215.0,HTP,G,,,4.0,144.0,,,,B,0.0,0.0,A,44.0,2012
5317,2012040369,4,40369,3,3,3,8,7,18,30,12,2,1,0,4,1,22,16,22016,2,2002,1G2JD12T6271,1,G,2,J,D,1,2,T,6,2,7,1,0,0,0,Not Applicable,Not Applicable,0,0,0,1,0,0,0,0,0,0,0,45,0,0,0,12,6,2,12,0,0,0,1,19,86442,6,1,0,0,3,3,74,135,0,0,0,0,0,0,0,0,0,0,0,0,0,0,1,4,45,3,1,2,1,0,0,14,60,1,1,1,98,,,,0,0,P,PONT,SFG,CP,2.0,17.0,2771.0,,0.0,1041.0,,G,,F,4.0,146.0,,,16R225,,,,,,2012
5318,2012040370,4,40370,1,1,1,16,7,16,22,33,0,1,0,4,1,20,481,20481,31,2004,2GCEC19T8412,2,G,C,E,C,1,9,T,8,4,1,2,0,0,0,Not Applicable,Not Applicable,0,0,0,1,0,0,0,0,0,0,0,45,0,1,6,14,6,2,1,0,0,0,1,4,85706,6,1,0,0,3,0,70,180,0,0,0,0,0,0,0,0,0,0,99,99,99,99,2,2,45,1,1,2,1,0,0,1,12,1,1,4,6,,,,1,1,T,CHEV,SC1,4C,4.0,17.0,,2.0,1575.0,1435.0,SIL,G,,,8.0,325.0,,,,B,4555.0,0.0,,42.0,2012
5319,2012040371,4,40371,1,5,1,21,7,8,32,12,1,1,0,4,1,54,38,54038,3,2003,JH4DC53063C0,J,H,4,D,C,5,3,0,6,3,C,0,0,0,0,Not Applicable,Not Applicable,0,0,0,1,0,0,0,0,0,0,0,65,0,0,0,12,6,2,12,0,0,0,1,4,85037,6,1,0,0,3,3,68,180,0,0,0,0,0,0,0,0,0,0,0,0,0,0,3,5,65,1,1,2,1,0,0,2,52,1,1,1,98,,,,0,0,P,ACUR,RST,2H,3.0,17.0,2767.0,,0.0,1012.0,,G,,F,4.0,122.0,,,16R205,,,,,,2012
5320,2012040371,4,40371,2,5,1,21,7,8,32,12,1,1,0,4,1,20,16,20016,4,2003,1G1JF52F5373,1,G,1,J,F,5,2,F,5,3,7,3,0,0,0,Not Applicable,Not Applicable,0,0,0,1,0,0,0,0,0,0,0,65,0,0,0,12,6,2,12,0,0,0,1,4,85027,6,1,0,0,3,3,61,112,0,0,0,0,0,0,0,0,0,0,0,0,0,0,3,5,65,1,1,2,1,0,0,1,50,1,1,1,28,,,,0,0,P,CHEV,CAS,4D,3.0,17.0,2676.0,,0.0,1041.0,,G,,F,4.0,134.0,,,15R195,,,,,,2012
5321,2012040371,4,40371,3,5,1,21,7,8,32,12,1,1,0,4,1,7,24,7024,4,2010,2B3CA3CV6AH2,2,B,3,C,A,3,C,V,6,A,H,2,0,0,0,Not Applicable,Not Applicable,0,0,0,1,0,0,0,0,0,0,0,65,0,0,0,6,4,3,12,0,0,0,1,4,85382,6,1,0,0,3,0,73,270,0,0,0,1,0,3,2011,3,2011,0,0,0,0,0,3,5,65,1,1,2,1,0,0,2,53,4,2,1,29,,,,0,0,P,DODG,CHS,4D,10.0,17.0,3820.0,,0.0,1200.0,,G,,F,6.0,214.0,,,17R215,,,,,,2012
5322,2012040371,4,40371,4,5,1,21,7,8,32,12,1,1,0,4,3,19,5,19005,2,2002,1G6EC12922B1,1,G,6,E,C,1,2,9,2,2,B,1,0,0,0,Not Applicable,Not Applicable,0,0,0,1,0,0,0,0,0,0,0,65,0,0,0,12,4,1,12,0,0,0,1,4,85323,6,1,0,0,3,0,72,230,0,0,0,0,0,0,0,0,0,0,0,0,0,0,3,5,65,1,1,2,1,0,0,1,61,1,1,1,98,,,,0,0,P,CADI,ECE,CP,2.0,17.0,0.0,,0.0,1080.0,,G,,F,8.0,279.0,,,000000,,,,,,2012
5323,2012040371,4,40371,5,5,1,21,7,8,32,12,1,1,0,4,1,34,706,34706,80,1985,WB105140XF00,W,B,1,0,5,1,4,0,X,F,0,0,0,0,0,Not Applicable,Not Applicable,0,0,0,1,0,0,0,0,0,0,0,65,0,0,0,12,6,2,12,0,0,0,1,4,85050,6,1,0,0,3,0,66,210,0,0,0,0,0,0,0,0,0,0,99,99,99,99,3,5,65,1,1,2,1,0,0,1,50,3,2,1,98,,,,1,0,M,BMW,KRT,RS,85.0,17.0,,,,,,,1000.0,,4.0,,4.0,504.0,,,,,,,2012
5324,2012040372,4,40372,1,4,2,21,7,15,0,58,0,1,0,4,1,12,481,12481,31,2003,1FTNW21F43EA,1,F,T,N,W,2,1,F,4,3,E,A,0,0,0,Not Applicable,Not Applicable,0,0,0,1,0,0,0,0,0,0,0,75,0,1,3,12,6,2,1,0,0,0,1,4,85022,6,1,0,0,3,0,71,193,0,0,0,0,0,0,0,0,0,0,80,0,0,0,2,2,75,1,1,2,1,0,0,1,1,1,9,4,7,,,,1,0,T,FORD,F2S,CW,3.0,17.0,,2.0,1724.0,1562.0,SRW,D,,,8.0,444.0,,,,C,5870.0,4.0,E,44.0,2012
5325,2012040372,4,40372,2,4,2,21,7,15,0,58,0,1,0,4,1,23,421,23421,15,2004,1GTGK23U84F1,1,G,T,G,K,2,3,U,8,4,F,1,0,0,0,Not Applicable,Not Applicable,0,0,0,1,0,0,0,0,0,0,0,75,0,0,0,12,6,2,12,0,0,0,1,4,85035,6,1,0,0,3,3,65,125,0,0,0,0,0,0,0,0,0,0,0,0,0,0,2,2,75,1,1,2,1,0,0,1,64,4,1,3,98,,,,0,0,T,GMC,2KW,CW,4.0,17.0,,2.0,1670.0,1530.0,SIE,G,,,8.0,364.0,,,,C,5817.0,3.0,E,44.0,2012
5326,2012040372,4,40372,3,4,1,21,7,15,0,58,0,1,0,20,3,51,881,51881,66,2007,4V4NC9TG67N4,4,V,4,N,C,9,T,G,6,7,N,4,5,1,57,01566547,5701566547,3,5,12,1,0,0,0,0,0,0,0,75,2,0,0,12,6,2,12,0,0,0,1,29,64653,6,1,6,0,3,3,70,204,0,0,0,0,0,0,0,0,0,0,0,0,0,0,2,2,75,1,1,2,1,0,0,1,64,7,1,3,98,,,,0,0,T,VOLV,VNL,TR,7.0,17.0,,8.0,0.0,0.0,VVN,D,,,6.0,915.0,,,,,0.0,0.0,,64.0,2012
5327,2012040372,4,40372,4,4,3,21,7,15,0,58,0,1,0,4,1,18,24,18024,6,2012,5GAKRBEDXCJ3,5,G,A,K,R,B,E,D,X,C,J,3,0,0,0,Not Applicable,Not Applicable,0,0,0,1,0,0,0,0,0,0,0,75,0,0,0,99,2,1,54,0,0,0,1,4,85382,6,1,0,0,3,0,70,190,0,0,0,0,0,0,0,0,0,0,0,0,0,0,2,2,75,1,1,2,1,0,0,1,64,7,9,9,98,,,,0,0,P,BUIC,ENC,UT,12.0,17.0,4780.0,,0.0,1189.0,,G,,F,6.0,220.0,,,19R255,,,,,,2012
5328,2012040373,4,40373,1,1,3,21,7,17,20,1,0,1,0,4,2,20,401,20401,14,2002,1GNDS13S5223,1,G,N,D,S,1,3,S,5,2,2,3,0,0,0,Not Applicable,Not Applicable,0,0,0,1,0,0,0,0,0,0,0,998,0,1,5,0,6,2,1,0,0,0,1,4,86001,6,1,0,0,3,0,70,155,0,0,0,0,1,5,2012,5,2012,0,58,0,0,0,1,2,65,1,1,2,1,0,0,1,9,6,4,4,7,,,,1,0,P,CHEV,TRL,UT,2.0,17.0,4442.0,,0.0,1130.0,,G,,F,6.0,256.0,,,16R245,,,,,,2012
5329,2012040374,4,40374,1,1,2,21,7,19,59,24,0,1,0,6,1,41,45,41045,1,2007,JM1NC25F1701,J,M,1,N,C,2,5,F,1,7,0,1,0,0,0,Not Applicable,Not Applicable,0,0,0,1,0,0,0,0,0,0,0,75,0,1,6,12,6,2,1,0,0,0,1,6,94578,6,1,0,0,3,0,64,140,0,0,0,0,0,0,0,0,0,1,0,0,0,0,2,2,75,1,1,2,1,0,0,1,9,7,3,4,2,,,,2,0,P,MAZD,MIA,CV,7.0,17.0,2498.0,,0.0,917.0,,G,,F,4.0,122.0,,,16R205,,,,,,2012
5330,2012040375,4,40375,1,1,15,22,7,0,57,1,0,1,1,4,9,7,442,7442,20,2001,2B8GP54L21R1,2,B,8,G,P,5,4,L,2,1,R,1,0,0,0,Not Applicable,Not Applicable,0,0,0,1,0,0,0,0,0,0,0,998,0,1,5,0,6,2,1,0,0,0,1,99,99999,9,9,99,0,9,9,999,999,99,99,99,99,99,99,9999,99,9999,9,99,99,99,99,2,2,75,1,1,2,1,0,0,99,99,99,9,4,5,,,,2,0,T,DODG,GES,ES,1.0,17.0,,1.0,0.0,1193.0,CAR,G,,,6.0,230.0,,,,,4118.0,0.0,E,42.0,2012
5331,2012040376,4,40376,1,2,1,22,7,15,6,12,6,1,0,4,1,38,472,38472,30,1996,1GGCS1444T87,1,G,G,C,S,1,4,4,4,T,8,7,0,0,0,Not Applicable,Not Applicable,0,0,0,1,0,0,0,0,0,0,0,6,0,0,0,63,6,2,12,0,0,0,1,4,85281,6,1,0,0,3,0,73,180,0,0,0,0,0,0,0,0,0,0,48,0,0,0,9,9,45,1,1,2,1,0,0,12,10,1,1,1,98,,,,1,0,T,ISU,HOM,PK,96.0,17.0,,1.0,0.0,1083.0,HOM,G,,,4.0,133.0,,,,B,0.0,0.0,M,42.0,2012
5332,2012040376,4,40376,2,2,2,22,7,15,6,12,6,1,0,4,1,52,401,52401,14,2002,JA4LS41R82J0,J,A,4,L,S,4,1,R,8,2,J,0,0,0,0,Not Applicable,Not Applicable,0,0,0,1,0,0,0,0,0,0,0,38,0,0,0,12,6,2,12,0,0,0,1,4,85282,6,1,0,0,3,0,64,129,0,2,0,1,3,12,2009,8,2011,0,0,0,0,0,9,9,45,1,1,2,1,0,0,1,61,1,1,1,98,,,,0,0,P,MITS,MNS,UT,2.0,17.0,4065.0,,0.0,1073.0,,G,,F,6.0,213.0,,,16R255,,,,,,2012
5333,2012040377,4,40377,1,1,2,22,7,16,0,1,0,1,0,4,1,20,481,20481,31,2006,1GCEK19T66Z2,1,G,C,E,K,1,9,T,6,6,Z,2,0,0,0,Not Applicable,Not Applicable,0,0,0,1,0,0,0,0,0,0,0,30,0,1,9,0,6,2,1,0,0,0,1,4,85546,6,1,0,0,3,0,70,200,0,0,0,0,0,0,0,0,0,1,0,0,0,0,1,2,30,3,5,2,1,40,3,14,6,6,4,4,7,,,,1,1,T,CHEV,SK1,4C,6.0,17.0,,2.0,1575.0,1340.0,SIL,G,,,8.0,323.0,,,,B,5050.0,0.0,,44.0,2012
5334,2012040378,4,40378,1,2,2,23,7,9,43,12,6,1,0,4,2,12,17,12017,4,2004,1FAFP55U94G1,1,F,A,F,P,5,5,U,9,4,G,1,0,0,0,Not Applicable,Not Applicable,0,0,0,1,0,0,0,0,0,0,0,998,0,0,0,82,6,2,12,0,0,0,1,4,85308,6,1,0,0,3,0,72,260,0,0,0,0,0,0,0,0,0,0,38,0,0,0,5,5,40,1,1,2,1,2,3,11,15,1,1,1,68,,,,0,0,P,FORD,TSS,4D,4.0,17.0,3306.0,,0.0,1085.0,,G,,F,6.0,182.0,,,16R215,,,,,,2012
5335,2012040378,4,40378,2,2,1,23,7,9,43,12,6,1,0,4,1,20,16,20016,1,1998,4G1JF3242WB9,4,G,1,J,F,3,2,4,2,W,B,9,0,0,0,Not Applicable,Not Applicable,0,0,0,1,0,0,0,0,0,0,0,998,0,0,0,12,6,2,12,0,0,0,1,4,85053,6,1,0,0,3,3,71,160,0,0,0,1,0,11,2010,11,2010,0,0,0,0,0,5,5,40,1,1,2,1,2,3,1,62,1,1,1,69,,,,1,0,P,CHEV,CZ2,CV,98.0,17.0,2899.0,,0.0,1041.0,,G,,F,4.0,133.0,,,15R195,,,,,,2012
5336,2012040379,4,40379,1,3,1,24,7,21,21,12,6,1,0,4,1,12,471,12471,30,1996,1FTCR10A3TPB,1,F,T,C,R,1,0,A,3,T,P,B,0,0,0,Not Applicable,Not Applicable,0,0,0,1,0,0,0,0,0,0,0,40,0,0,0,62,6,2,2,0,0,1,1,4,85706,6,1,0,0,3,0,67,118,0,0,0,1,4,12,2010,5,2011,0,99,99,99,99,2,2,40,1,1,2,1,3,3,1,66,1,1,1,89,,,,1,0,T,FORD,RNG,PK,96.0,17.0,,1.0,1140.0,1080.0,RNG,G,,,4.0,140.0,,,,B,2961.0,0.0,B,42.0,2012
5337,2012040379,4,40379,2,3,2,24,7,21,21,12,6,1,0,4,3,20,20,20020,4,1996,2G1WL52MXT93,2,G,1,W,L,5,2,M,X,T,9,3,0,0,0,Not Applicable,Not Applicable,0,0,0,1,0,0,0,0,0,0,0,0,0,0,0,99,6,2,12,0,0,0,1,4,85756,6,1,0,0,3,0,72,210,0,0,0,0,0,0,0,0,0,0,99,99,99,99,2,2,40,1,1,2,1,2,3,5,62,1,1,1,98,,,,0,0,P,CHEV,LUM,4D,96.0,17.0,3330.0,,0.0,1075.0,,G,,F,6.0,191.0,,,15R205,,,,,,2012
5338,2012040379,4,40379,3,3,1,24,7,21,21,12,6,1,0,4,1,20,37,20037,4,2012,1FAHP3F25CL2,1,F,A,H,P,3,F,2,5,C,L,2,0,0,0,Not Applicable,Not Applicable,0,0,0,1,0,0,0,0,0,0,0,65,0,0,0,12,6,2,12,0,0,0,1,4,85122,6,1,0,0,3,0,70,170,0,0,0,1,0,2,2012,2,2012,1,89,39,0,0,2,2,40,1,1,2,1,2,3,1,17,1,1,1,88,,,,0,1,P,FORD,FSE,4D,12.0,17.0,2918.0,,0.0,1042.0,,G,,F,4.0,122.0,,,16R205,,,,,,2012
5339,2012040380,4,40380,1,1,5,26,7,2,8,1,0,1,0,6,1,12,422,12422,15,2000,1FMRU17L3YLA,1,F,M,R,U,1,7,L,3,Y,L,A,0,0,0,Not Applicable,Not Applicable,0,0,0,1,0,0,0,0,0,0,0,998,0,1,1,0,6,2,1,0,0,0,1,6,92069,6,1,0,0,3,0,59,155,0,0,0,0,0,0,0,0,0,1,80,0,0,0,2,2,75,1,1,2,1,0,0,1,1,1,3,6,98,,,,1,0,P,FORD,EPT,UT,0.0,17.0,4833.0,,0.0,1191.0,,G,,F,8.0,330.0,,,16R255,,,,,,2012
5340,2012040381,4,40381,1,1,3,26,7,15,1,51,0,1,0,4,1,12,481,12481,31,2001,1FTNW21FX1EB,1,F,T,N,W,2,1,F,X,1,E,B,1,2,88,None,None,2,4,1,1,0,0,0,0,0,0,0,998,0,1,1,0,6,2,1,0,0,0,1,4,85303,6,1,0,0,3,0,72,240,0,0,0,0,0,0,0,0,0,0,99,99,99,99,3,2,75,1,6,2,1,0,0,1,98,99,9,3,0,,,,1,0,T,FORD,F2S,CW,1.0,17.0,,2.0,1724.0,1562.0,SRW,D,,,8.0,444.0,,,,C,5932.0,7.0,E,44.0,2012
5341,2012040382,4,40382,1,2,1,28,7,7,48,12,7,1,0,4,1,72,706,72706,80,2011,1HD1PY918BB9,1,H,D,1,P,Y,9,1,8,B,B,9,0,0,0,Not Applicable,Not Applicable,0,0,0,1,0,0,0,0,0,0,0,65,0,0,0,62,6,2,24,0,0,0,1,4,85286,6,1,0,0,3,0,65,110,0,0,0,0,0,0,0,0,0,0,99,99,99,99,3,2,65,2,6,2,1,0,0,15,10,1,1,2,47,,,,1,0,M,HD,LT2,RS,11.0,17.0,,,,,,,1800.0,,2.0,,4.0,754.0,,,,,,,2012
5342,2012040382,4,40382,2,2,1,28,7,7,48,12,7,1,0,4,1,20,9,20009,2,2011,2G1FB1EDXB92,2,G,1,F,B,1,E,D,X,B,9,2,0,0,0,Not Applicable,Not Applicable,0,0,0,1,0,0,0,0,0,0,0,60,0,0,0,83,2,1,12,0,0,0,1,4,85308,6,1,0,0,3,0,68,200,0,0,0,0,0,0,0,0,0,0,0,0,0,0,3,2,65,2,6,2,1,0,0,14,61,1,1,1,45,,,,0,0,P,CHEV,CLT,CP,11.0,17.0,3750.0,,0.0,1123.0,,G,,F,6.0,220.0,,,18R245,,,,,,2012
5343,2012040383,4,40383,1,1,1,28,7,9,53,42,0,1,0,28,1,72,706,72706,82,2010,1HD1MBM14AB8,1,H,D,1,M,B,M,1,4,A,B,8,0,0,0,Not Applicable,Not Applicable,0,0,0,1,0,0,0,0,0,0,0,65,0,0,0,12,6,2,42,0,0,0,1,28,38922,6,1,0,0,3,0,74,215,0,0,0,0,0,0,0,0,0,9,0,0,0,0,3,2,55,2,6,2,1,0,0,14,13,1,1,4,1,,,,1,0,M,HD,F3X,RS,10.0,17.0,,,,,,,1690.0,,2.0,,4.0,1110.0,,,,,,,2012
5344,2012040384,4,40384,1,2,2,29,7,0,44,12,6,1,0,4,4,12,870,12870,61,2003,1FDWE35F33HB,1,F,D,W,E,3,5,F,3,3,H,B,0,0,88,None,None,2,1,1,1,0,0,0,0,0,6,0,998,0,0,0,9,2,1,12,0,0,0,1,4,85365,6,1,0,0,3,0,73,242,0,0,0,0,0,0,0,0,0,0,38,0,0,0,1,3,65,1,1,2,1,0,0,12,98,1,1,6,98,,,,0,0,T,FORD,3DC,YY,3.0,17.0,,3.0,1760.0,1380.0,CTV,D,,,8.0,444.0,,,,,0.0,0.0,E,42.0,2012
5345,2012040384,4,40384,2,2,1,29,7,0,44,12,6,1,0,4,1,72,706,72706,80,2003,1HD1GDV193K3,1,H,D,1,G,D,V,1,9,3,K,3,0,0,0,Not Applicable,Not Applicable,0,0,0,1,0,0,0,0,0,0,0,998,0,0,0,12,6,2,12,0,0,0,1,4,85364,6,1,6,0,2,0,71,300,0,2,0,0,0,8,2011,9,2011,0,0,0,0,0,1,3,65,1,1,2,1,0,0,1,64,3,2,1,98,,,,1,0,M,HD,FDL,RS,3.0,17.0,,,,,,,1450.0,,2.0,,4.0,612.0,,,,,,,2012
5346,2012040385,4,40385,1,1,1,30,7,0,35,14,0,1,0,20,1,12,461,12461,21,1997,1FDEE14L9VHA,1,F,D,E,E,1,4,L,9,V,H,A,0,0,0,Not Applicable,Not Applicable,0,0,0,1,0,0,0,0,0,0,0,40,0,0,0,12,6,2,14,0,0,0,1,4,85365,6,1,0,0,3,3,70,223,0,0,0,0,0,0,0,0,0,0,89,0,0,0,1,2,35,1,1,2,1,0,0,1,11,1,1,4,11,,,,1,0,T,FORD,15V,CG,97.0,17.0,,2.0,0.0,1380.0,VAN,G,,,8.0,330.0,,,,B,0.0,0.0,E,42.0,2012
5347,2012040386,4,40386,1,1,3,30,7,17,47,42,0,1,0,4,1,20,481,20481,31,2000,2GCEC19V8Y13,2,G,C,E,C,1,9,V,8,Y,1,3,0,0,0,Not Applicable,Not Applicable,0,0,0,1,0,0,0,0,0,0,0,998,0,0,0,3,6,2,42,0,0,0,1,4,85381,6,1,0,0,3,0,63,150,0,0,0,0,0,0,0,0,0,0,0,0,0,0,6,1,65,2,1,2,1,0,0,14,9,99,4,4,7,,,,1,1,T,CHEV,SC1,3C,0.0,17.0,,2.0,1575.0,1435.0,SIL,G,,,8.0,293.0,,,,B,4134.0,3.0,,42.0,2012
5348,2012040387,4,40387,1,2,1,17,7,9,29,12,2,1,0,4,1,20,22,20022,2,2006,1G1AM18B8676,1,G,1,A,M,1,8,B,8,6,7,6,0,0,0,Not Applicable,Not Applicable,0,0,0,1,0,0,0,0,0,0,0,999,3,0,0,12,6,2,12,0,0,0,1,4,85206,6,1,0,0,3,0,60,100,0,0,0,0,0,0,0,0,0,0,99,99,99,99,2,2,75,1,1,2,1,0,0,1,54,1,1,1,50,,,,1,0,P,CHEV,BSS,CP,6.0,17.0,2815.0,,0.0,1033.0,,G,,F,4.0,146.0,,,17R205,,,,,,2012
5349,2012040387,4,40387,2,2,1,17,7,9,29,12,2,1,0,4,3,86,881,86881,63,2004,1M2AG11C44M0,1,M,2,A,G,1,1,C,4,4,M,0,0,0,57,1682029,571682029,3,2,96,1,0,0,0,0,0,0,0,60,0,0,0,12,6,2,12,0,0,0,1,4,85213,6,1,6,0,3,0,70,215,1,2,0,0,1,8,2009,12,2011,0,0,0,0,0,2,2,75,1,1,2,1,0,0,1,64,1,1,1,51,,,,0,0,T,MACK,CV7,CC,4.0,17.0,,8.0,0.0,0.0,700,D,,,6.0,728.0,,,,,0.0,0.0,,64.0,2012
5350,2012040388,4,40388,1,4,1,5,6,17,41,12,1,1,0,4,2,23,461,23461,21,1994,1GDEG25K7RF5,1,G,D,E,G,2,5,K,7,R,F,5,0,0,0,Not Applicable,Not Applicable,0,0,0,1,0,0,0,0,0,0,0,62,0,0,0,12,6,2,12,0,0,0,1,4,85033,0,0,0,0,0,0,68,150,0,0,0,0,0,0,0,0,0,1,35,91,0,0,5,5,45,1,1,2,1,0,0,6,51,1,1,3,24,,,,0,1,T,GMC,RV2,CG,94.0,17.0,,2.0,1250.0,1100.0,R/V,G,,,8.0,350.0,,,,C,0.0,0.0,B,42.0,2012
5351,2012040388,4,40388,2,4,1,5,6,17,41,12,1,1,0,4,2,35,47,35047,4,2005,1N4AL11D05N4,1,N,4,A,L,1,1,D,0,5,N,4,0,0,0,Not Applicable,Not Applicable,0,0,0,1,0,0,0,0,0,0,0,40,0,0,0,6,4,1,12,0,0,0,1,4,85033,6,1,0,0,3,0,69,155,0,0,0,0,0,0,0,0,0,0,0,0,0,0,5,5,45,1,1,2,1,0,0,1,53,1,1,1,25,,,,0,0,P,NISS,ASL,4D,5.0,17.0,2915.0,,0.0,1102.0,,G,,F,4.0,153.0,,,16R215,,,,,,2012
5352,2012040388,4,40388,3,4,1,5,6,17,41,12,1,1,0,4,1,24,5,24005,4,2001,1G8JU54F71Y5,1,G,8,J,U,5,4,F,7,1,Y,5,0,0,0,Not Applicable,Not Applicable,0,0,0,1,0,0,0,0,0,0,0,44,0,0,0,12,6,2,12,0,0,0,1,4,85033,6,1,0,0,3,0,66,140,1,0,0,1,3,11,2009,4,2012,0,0,0,0,0,5,5,45,1,1,2,1,0,0,1,62,1,1,1,98,,,,1,0,P,STRN,L20,4D,1.0,17.0,3009.0,,0.0,1065.0,,G,,F,4.0,134.0,,,15R195,,,,,,2012
5353,2012040388,4,40388,4,4,2,5,6,17,41,12,1,1,0,4,1,20,482,20482,31,2003,3GNEC13T63G1,3,G,N,E,C,1,3,T,6,3,G,1,0,0,0,Not Applicable,Not Applicable,0,0,0,1,0,0,0,0,0,0,0,41,0,1,1,63,6,2,1,0,0,0,1,4,85338,6,1,6,0,3,3,63,155,0,0,0,0,0,0,0,0,0,0,0,0,0,0,5,5,45,1,1,2,1,0,0,1,60,1,1,1,98,,,,0,0,T,CHEV,CAV,CW,3.0,17.0,,2.0,0.0,1300.0,AVL,G,,,8.0,325.0,,,,B,5400.0,0.0,,42.0,2012
5354,2012040389,4,40389,1,1,2,3,6,1,1,1,0,1,0,4,2,20,39,20039,4,2009,KL1TD56EX9B6,K,L,1,T,D,5,6,E,X,9,B,6,0,0,0,Not Applicable,Not Applicable,0,0,0,1,0,0,0,0,0,0,0,77,0,1,5,0,6,2,1,0,0,0,1,4,85231,6,1,0,0,3,0,66,125,0,0,0,0,0,0,0,0,0,1,35,0,0,0,1,2,35,1,1,5,1,0,0,6,6,99,9,4,7,,,,1,0,P,CHEV,LTS,4D,9.0,17.0,2569.0,,0.0,976.0,,G,,F,4.0,98.0,,,14R185,,,,,,2012
5355,2012040390,4,40390,1,1,4,3,6,21,13,8,0,1,0,4,2,12,481,12481,31,1994,1FTEF14Y7RLA,1,F,T,E,F,1,4,Y,7,R,L,A,0,0,0,Not Applicable,Not Applicable,0,0,0,1,0,0,0,0,0,0,0,998,0,0,0,12,9,9,8,0,0,0,1,4,85941,6,1,0,0,3,0,70,165,0,0,0,0,0,0,0,0,0,0,0,0,0,0,9,9,99,9,9,9,99,0,0,1,80,1,1,1,13,,,,0,0,T,FORD,F15,PK,94.0,17.0,,2.0,1330.0,1170.0,COF,G,,,6.0,300.0,,,,B,3886.0,1.0,M,44.0,2012
5356,2012040391,4,40391,1,1,1,4,6,20,36,8,0,1,1,99,9,99,999,99999,99,9999,Unknown,9,9,9,9,9,9,9,9,9,9,9,9,0,0,0,Not Applicable,Not Applicable,0,0,0,1,0,0,0,0,0,0,0,45,0,0,0,12,9,1,8,0,0,0,1,99,99999,9,9,99,0,9,9,999,999,99,99,99,99,99,99,9999,99,9999,9,99,99,99,99,2,2,40,1,1,2,1,0,0,1,80,1,1,1,13,,,,0,0,,,,,,,,,,,,,,,,,,,,,,,,,2012
5357,2012040392,4,40392,1,2,2,5,6,99,99,12,99,1,9,99,9,99,999,99999,99,9999,Unknown,9,9,9,9,9,9,9,9,9,9,9,9,0,0,0,Not Applicable,Not Applicable,0,0,0,1,0,0,0,0,0,0,0,999,0,0,0,99,9,9,12,0,0,0,1,99,99999,9,9,99,0,9,9,999,999,99,99,99,99,99,99,9999,99,9999,9,99,99,99,99,9,9,99,9,9,2,99,0,0,99,99,99,9,9,99,,,,1,0,,,,,,,,,,,,,,,,,,,,,,,,,2012
5358,2012040392,4,40392,2,2,1,5,6,99,99,12,99,1,9,99,9,99,999,99999,99,9999,Unknown,9,9,9,9,9,9,9,9,9,9,9,9,0,0,0,Not Applicable,Not Applicable,0,0,0,1,0,0,0,0,0,0,0,999,0,0,0,99,9,9,12,0,0,0,1,99,99999,9,9,99,0,9,9,999,999,99,99,99,99,99,99,9999,99,9999,9,99,99,99,99,9,9,99,9,9,9,99,0,0,99,99,99,9,9,99,,,,0,0,,,,,,,,,,,,,,,,,,,,,,,,,2012