index,accident_id,STATE,ST_CASE,VEH_NO,VE_FORMS,NUMOCCS,DAY,MONTH,HOUR,MINUTE,HARM_EV,MAN_COLL,UNITTYPE,HIT_RUN,REG_STAT,OWNER,MAKE,MODEL,MAK_MOD,BODY_TYP,MOD_YEAR,VIN,VIN_1,VIN_2,VIN_3,VIN_4,VIN_5,VIN_6,VIN_7,VIN_8,VIN_9,VIN_10,VIN_11,VIN_12,TOW_VEH,J_KNIFE,MCARR_I1,MCARR_I2,MCARR_ID,GVWR,V_CONFIG,CARGO_BT,HAZ_INV,HAZ_PLAC,HAZ_ID,HAZ_CNO,HAZ_REL,BUS_USE,SPEC_USE,EMER_USE,TRAV_SP,UNDERIDE,ROLLOVER,ROLINLOC,IMPACT1,DEFORMED,TOWED,M_HARM,VEH_SC1,VEH_SC2,FIRE_EXP,DR_PRES,L_STATE,DR_ZIP,L_STATUS,L_TYPE,CDL_STAT,L_ENDORS,L_COMPL,L_RESTRI,DR_HGT,DR_WGT,PREV_ACC,PREV_SUS,PREV_DWI,PREV_SPD,PREV_OTH,FIRST_MO,FIRST_YR,LAST_MO,LAST_YR,SPEEDREL,DR_SF1,DR_SF2,DR_SF3,DR_SF4,VTRAFWAY,VNUM_LAN,VSPD_LIM,VALIGN,VPROFILE,VPAVETYP,VSURCOND,VTRAFCON,VTCONT_F,P_CRASH1,P_CRASH2,P_CRASH3,PCRASH4,PCRASH5,ACC_TYPE,TRLR1VIN,TRLR2VIN,TRLR3VIN,DEATHS,DR_DRINK,VINTYPE,VINMAKE,VINA_MOD,VIN_BT,VINMODYR,VIN_LNGT,VIN_WGT,WGTCD_TR,WHLBS_LG,WHLBS_SH,SER_TR,FUELCODE,MCYCL_DS,CARBUR,CYLINDER,DISPLACE,MCYCL_CY,MCYCL_WT,TIRE_SZE,TON_RAT,TRK_WT,TRKWTVAR,VIN_REST,WHLDRWHL,Year
5448,2012040451,4,40451,2,2,3,20,8,17,41,1,0,1,0,4,2,41,50,41050,4,2004,1YVFP80C845N,1,Y,V,F,P,8,0,C,8,4,5,N,0,0,0,Not Applicable,Not Applicable,0,0,0,1,0,0,0,0,0,0,0,11,0,0,0,62,6,2,12,0,0,0,1,4,85022,6,1,0,0,3,0,67,185,0,0,0,2,1,7,2010,2,2012,0,0,0,0,0,5,5,45,1,1,2,1,20,3,11,66,1,1,1,98,,,,0,0,P,MAZD,M6I,4D,4.0,17.0,3045.0,,0.0,1053.0,,G,,F,4.0,138.0,,,16R205,,,,,,2012
5449,2012040452,4,40452,1,1,2,2,7,99,99,99,99,1,0,99,9,99,999,99999,99,9999,Unknown,9,9,9,9,9,9,9,9,9,9,9,9,0,0,0,Not Applicable,Not Applicable,0,0,0,1,0,0,0,0,0,0,0,999,0,0,0,99,9,9,99,0,0,0,1,99,99999,9,9,99,0,9,9,999,999,99,99,99,99,99,99,9999,99,9999,9,99,99,99,99,9,9,99,9,9,9,99,99,9,99,99,99,9,9,99,,,,1,0,,,,,,,,,,,,,,,,,,,,,,,,,2012
5450,2012040453,4,40453,1,1,1,12,7,18,12,8,0,1,0,4,2,35,43,35043,4,1996,3N1AB41D9TL0,3,N,1,A,B,4,1,D,9,T,L,0,0,0,0,Not Applicable,Not Applicable,0,0,0,1,0,0,0,0,0,0,0,35,0,0,0,12,6,2,8,0,0,0,1,4,85009,6,1,0,0,3,0,73,180,0,0,0,0,0,0,0,0,0,0,38,0,0,0,2,3,35,1,1,2,1,0,0,1,80,1,1,1,13,,,,0,0,P,NISS,XGX,4D,96.0,17.0,2334.0,,0.0,998.0,,G,,F,4.0,97.0,,,13R155,,,,,,2012
5451,2012040454,4,40454,1,1,1,14,7,1,48,33,0,1,0,4,1,98,709,98709,80,2005,1T9C1L2675F7,1,T,9,C,1,L,2,6,7,5,F,7,0,0,0,Not Applicable,Not Applicable,0,0,0,1,0,0,0,0,0,0,0,35,0,0,0,14,6,2,1,0,0,0,1,4,85022,6,1,0,0,2,3,75,200,1,0,0,0,0,1,2012,1,2012,0,51,0,0,0,2,2,40,1,1,2,1,0,0,1,13,1,1,4,1,,,,1,1,U,,,,5.0,17.0,,,,,,,,,,,,,,,,,,,2012
5452,2012040455,4,40455,1,1,1,15,7,22,1,8,0,1,0,99,9,99,999,99999,99,9999,Unknown,9,9,9,9,9,9,9,9,9,9,9,9,0,0,0,Not Applicable,Not Applicable,0,0,0,1,0,0,0,0,0,0,0,999,0,0,0,99,9,9,8,0,0,0,1,99,99999,9,9,99,0,9,9,999,999,99,99,99,99,99,99,9999,99,9999,9,99,99,99,99,9,9,99,9,9,9,99,99,9,99,80,99,9,9,13,,,,0,0,,,,,,,,,,,,,,,,,,,,,,,,,2012
5453,2012040456,4,40456,1,2,1,21,7,1,5,12,2,1,0,4,1,12,471,12471,30,1993,1FTCR15X2PPB,1,F,T,C,R,1,5,X,2,P,P,B,0,0,0,Not Applicable,Not Applicable,0,0,0,1,0,0,0,0,0,0,0,998,0,0,0,12,6,2,12,0,0,0,1,4,85120,6,1,0,0,3,0,64,170,0,0,0,0,0,0,0,0,0,0,28,0,0,0,1,2,65,1,1,2,1,0,0,1,10,1,1,2,50,,,,1,1,T,FORD,RNS,PC,93.0,17.0,,1.0,0.0,1250.0,RNG,G,,,6.0,245.0,,,,B,3556.0,0.0,A,44.0,2012
5454,2012040456,4,40456,2,2,6,21,7,1,5,12,2,1,0,4,1,7,482,7482,31,2006,1D7HA18N96S5,1,D,7,H,A,1,8,N,9,6,S,5,0,0,0,Not Applicable,Not Applicable,0,0,0,1,0,0,0,0,0,0,0,998,0,0,0,12,6,2,12,0,0,0,1,4,85283,6,1,0,0,3,3,62,178,0,0,0,0,0,0,0,0,0,0,0,0,0,0,1,2,65,1,1,2,1,0,0,1,62,99,1,3,51,,,,0,0,T,DODG,SQ1,CW,6.0,17.0,,2.0,1405.0,1205.0,RPC,G,,,8.0,287.0,,,,B,4833.0,2.0,E,42.0,2012
5455,2012040457,4,40457,1,1,1,22,7,1,13,99,99,1,0,99,9,99,999,99999,99,9999,Unknown,9,9,9,9,9,9,9,9,9,9,9,9,0,0,0,Not Applicable,Not Applicable,0,0,0,1,0,0,0,0,0,0,0,999,0,0,0,99,9,9,99,0,0,0,1,4,86033,6,1,0,0,3,3,69,220,0,0,0,0,0,0,0,0,0,9,99,99,99,99,9,9,99,9,9,2,99,99,9,99,99,99,9,9,99,,,,1,1,,,,,,,,,,,,,,,,,,,,,,,,,2012
5456,2012040458,4,40458,1,2,2,22,7,15,30,12,2,1,0,41,1,20,402,20402,14,1993,2CNBJ18U4P69,2,C,N,B,J,1,8,U,4,P,6,9,0,0,0,Not Applicable,Not Applicable,0,0,0,1,0,0,0,0,0,0,0,999,0,0,0,12,6,2,12,0,0,0,1,41,97914,6,1,0,0,3,3,65,185,0,0,0,0,0,0,0,0,0,0,51,0,0,0,2,2,75,1,1,2,1,0,0,1,54,99,1,3,50,,,,2,0,P,GEO,GEO,UT,93.0,17.0,2365.0,,0.0,866.0,,G,,F,4.0,97.0,,,15R205,,,,,,2012
5457,2012040458,4,40458,2,2,1,22,7,15,30,12,2,1,0,4,2,12,481,12481,31,2011,1FTFW1CF5BFA,1,F,T,F,W,1,C,F,5,B,F,A,0,0,0,Not Applicable,Not Applicable,0,0,0,1,0,0,0,0,0,0,0,75,0,0,0,12,6,2,12,0,0,0,1,4,86515,6,1,0,0,3,3,67,140,0,0,0,1,0,12,2009,12,2009,0,0,0,0,0,2,2,75,1,1,2,1,0,0,6,54,99,1,3,51,,,,0,0,T,FORD,F1S,CW,11.0,17.0,,2.0,1570.0,1450.0,COF,F,,,8.0,305.0,,,,B,5128.0,3.0,7,42.0,2012
5458,2012040459,4,40459,1,1,2,24,7,0,27,8,0,1,0,4,1,12,13,12013,3,1991,1FAPP10J8MW1,1,F,A,P,P,1,0,J,8,M,W,1,0,0,0,Not Applicable,Not Applicable,0,0,0,1,0,0,0,0,0,0,0,998,0,0,0,12,2,1,8,0,0,0,1,4,85120,6,1,0,0,3,3,71,250,1,0,0,2,1,10,2010,4,2012,0,0,0,0,0,2,3,50,1,1,2,1,0,0,1,80,1,1,1,13,,,,0,0,P,FORD,EPL,2H,91.0,17.0,2287.0,,0.0,984.0,,G,,F,4.0,113.0,,,13R175,,,,,,2012
5459,2012040460,4,40460,1,1,1,24,7,10,39,1,0,1,0,4,1,35,52,35052,6,2012,JN8AZ2KR3CT2,J,N,8,A,Z,2,K,R,3,C,T,2,0,0,0,Not Applicable,Not Applicable,0,0,0,1,0,0,0,0,0,0,0,998,0,1,2,0,6,2,1,0,0,0,1,4,85012,6,1,0,0,3,3,71,190,0,0,0,1,0,3,2010,3,2010,1,0,0,0,0,2,2,75,1,1,2,1,0,0,1,6,99,9,4,2,,,,1,0,P,NISS,CUB,UT,12.0,17.0,2789.0,,0.0,0.0,,G,,F,4.0,110.0,,,000000,,,,,,2012
5460,2012040461,4,40461,1,1,2,29,7,14,56,1,0,1,0,4,1,72,706,72706,80,2003,1HD1FCW113Y6,1,H,D,1,F,C,W,1,1,3,Y,6,0,0,0,Not Applicable,Not Applicable,0,0,0,1,0,0,0,0,0,0,0,998,0,0,0,0,6,2,1,0,0,0,1,4,85342,6,1,0,0,3,3,72,200,0,0,0,2,1,10,2009,6,2012,0,0,0,0,0,1,2,35,3,5,2,1,0,0,14,9,3,2,1,98,,,,1,0,M,HD,FLU,RS,3.0,17.0,,,,,,,1450.0,,2.0,,4.0,788.0,,,,,,,2012
5461,2012040462,4,40462,1,2,1,30,7,20,46,12,2,1,0,46,2,7,880,7880,67,2011,3D73M4CL3BG5,3,D,7,3,M,4,C,L,3,B,G,5,1,1,88,None,None,2,4,1,1,0,0,0,0,0,0,0,998,0,0,0,12,6,2,12,0,0,0,1,4,57601,6,1,0,0,3,0,72,200,1,2,0,2,2,2,2010,5,2012,1,28,0,0,0,1,2,98,1,1,2,1,0,0,1,10,1,1,2,50,,,,0,1,T,DODG,350,CW,11.0,17.0,,3.0,1690.0,1490.0,RPC,D,,,6.0,408.0,,,,D,6723.0,6.0,K,42.0,2012
5462,2012040462,4,40462,2,2,2,30,7,20,46,12,2,1,0,4,1,37,32,37032,4,2002,JHMCG66502C0,J,H,M,C,G,6,6,5,0,2,C,0,0,0,0,Not Applicable,Not Applicable,0,0,0,1,0,0,0,0,0,0,0,998,0,0,0,12,6,2,12,0,0,0,1,4,85249,6,1,0,0,3,0,61,180,0,0,0,0,0,0,0,0,0,0,0,0,0,0,1,2,98,1,1,2,1,0,0,1,62,1,1,1,51,,,,2,0,P,HOND,ULX,4D,2.0,17.0,3097.0,,0.0,1069.0,,G,,F,4.0,138.0,,,15R195,,,,,,2012
5463,2012040463,4,40463,1,2,2,28,7,6,46,12,6,1,0,48,2,35,43,35043,4,2010,3N1AB6AP4AL6,3,N,1,A,B,6,A,P,4,A,L,6,0,0,0,Not Applicable,Not Applicable,0,0,0,1,0,0,0,0,0,0,0,998,0,0,0,12,4,1,12,0,0,0,1,48,77067,6,1,0,0,3,0,999,999,0,0,0,0,0,0,0,0,0,1,0,0,0,0,2,2,75,1,1,2,1,0,0,1,9,7,3,6,48,,,,0,0,P,NISS,SBL,4D,10.0,17.0,2862.0,,0.0,1057.0,,G,,F,4.0,122.0,,,15R205,,,,,,2012
5464,2012040463,4,40463,2,2,5,28,7,6,46,12,6,1,0,96,2,7,482,7482,31,2001,3B7HF13Z81G2,3,B,7,H,F,1,3,Z,8,1,G,2,0,0,0,Not Applicable,Not Applicable,0,0,0,1,0,0,0,0,0,0,0,998,0,1,5,63,6,2,1,0,0,0,1,4,85043,6,1,0,0,3,0,72,190,0,0,0,0,0,0,0,0,0,0,0,0,0,0,2,2,75,1,1,2,1,0,0,1,60,1,1,1,48,,,,1,0,T,DODG,Q15,4C,1.0,17.0,,2.0,1547.0,1387.0,RPC,G,,,8.0,360.0,,,,B,5008.0,1.0,U,44.0,2012
5465,2012040464,4,40464,1,4,1,28,7,7,20,12,2,1,0,4,2,48,34,48034,4,1993,4S3BC6533P76,4,S,3,B,C,6,5,3,3,P,7,6,0,0,0,Not Applicable,Not Applicable,0,0,0,1,0,0,0,0,0,0,0,998,0,0,0,12,6,2,12,0,0,0,1,4,85618,6,1,0,0,3,3,67,155,0,0,0,0,0,0,0,0,0,1,28,0,0,0,1,2,65,1,1,2,1,0,0,1,10,1,1,2,50,,,,0,1,P,SUBA,SS4,4D,93.0,17.0,3175.0,,0.0,1016.0,,G,,F,4.0,135.0,,,14R185,,,,,,2012
5466,2012040464,4,40464,2,4,2,28,7,7,20,12,2,1,0,4,1,18,7,18007,4,1999,2G4WS52M5X14,2,G,4,W,S,5,2,M,5,X,1,4,0,0,0,Not Applicable,Not Applicable,0,0,0,1,0,0,0,0,0,0,0,998,0,1,6,12,6,2,1,0,0,0,1,4,85135,6,1,0,0,3,3,71,190,0,0,0,0,0,0,0,0,0,0,0,0,0,0,1,2,65,1,1,2,1,0,0,1,62,7,1,2,51,,,,1,0,P,BUIC,CCU,4D,99.0,17.0,3353.0,,0.0,1090.0,,G,,F,6.0,191.0,,,15R205,,,,,,2012
5467,2012040464,4,40464,3,4,2,28,7,7,20,12,2,1,0,4,1,49,401,49401,14,1988,JT4RN62S9J01,J,T,4,R,N,6,2,S,9,J,0,1,0,0,0,Not Applicable,Not Applicable,0,0,0,1,0,0,0,0,0,0,0,998,0,0,0,82,6,2,12,0,0,0,1,4,85623,6,1,0,0,3,0,70,170,0,0,0,1,0,11,2010,11,2010,0,0,0,0,0,1,2,65,1,1,2,1,0,0,1,54,8,1,1,98,,,,0,0,P,TOYT,RUN,UT,88.0,17.0,3451.0,,0.0,1030.0,,G,,F,4.0,144.0,,,000000,,,,,,2012
5468,2012040464,4,40464,4,4,3,28,7,7,20,12,2,1,0,4,1,55,35,55035,4,2003,KMHDN45D13U6,K,M,H,D,N,4,5,D,1,3,U,6,0,0,0,Not Applicable,Not Applicable,0,0,0,1,0,0,0,0,0,0,0,998,0,0,0,82,6,2,12,0,0,0,1,4,85745,6,1,0,0,3,3,70,200,0,1,0,2,0,3,2011,9,2011,0,0,0,0,0,1,2,65,1,1,2,1,0,0,1,54,8,1,1,98,,,,0,0,P,HYUN,EST,4D,3.0,17.0,2635.0,,0.0,1027.0,,G,,F,4.0,121.0,,,15R205,,,,,,2012
5469,2012040465,4,40465,1,1,1,15,8,15,29,1,0,1,0,6,1,12,401,12401,14,1997,1FMCU22E3VUC,1,F,M,C,U,2,2,E,3,V,U,C,0,0,0,Not Applicable,Not Applicable,0,0,0,1,0,0,0,0,0,0,0,69,0,1,1,0,6,2,1,0,0,0,1,6,92138,6,1,0,0,3,0,70,150,0,0,0,0,0,0,0,0,0,1,0,0,0,0,1,2,40,3,1,2,1,0,0,14,6,1,4,3,98,,,,1,1,P,FORD,EPR,UT,97.0,17.0,3707.0,,0.0,1017.0,,G,,F,6.0,245.0,,,15R225,,,,,,2012
5470,2012040466,4,40466,1,1,1,15,8,22,50,1,0,1,0,4,1,7,482,7482,31,2001,3B7KF23Z71G8,3,B,7,K,F,2,3,Z,7,1,G,8,0,0,0,Not Applicable,Not Applicable,0,0,0,1,0,0,0,0,0,0,0,75,0,1,5,0,6,2,1,0,0,0,1,4,86320,0,0,0,0,0,0,72,180,0,0,0,1,0,12,2011,12,2011,9,99,99,99,99,2,2,75,2,6,2,1,0,0,14,8,7,3,4,2,,,,1,1,T,DODG,Q25,4C,1.0,17.0,,2.0,1547.0,1387.0,RPC,G,,,8.0,360.0,,,,C,5586.0,1.0,U,44.0,2012
5471,2012040467,4,40467,1,1,1,22,8,9,29,1,0,1,0,4,1,12,471,12471,30,2004,1FTYR14U44PA,1,F,T,Y,R,1,4,U,4,4,P,A,0,0,0,Not Applicable,Not Applicable,0,0,0,1,0,0,0,0,0,0,0,65,0,1,5,0,6,2,42,0,0,0,1,4,85742,6,1,0,0,3,0,70,229,0,0,0,0,0,0,0,0,0,0,99,99,99,99,6,1,75,1,1,2,2,0,0,1,13,4,1,4,1,,,,1,0,T,FORD,RNS,PC,4.0,17.0,,1.0,0.0,1257.0,RNG,G,,,6.0,182.0,,,,B,3864.0,0.0,U,42.0,2012
5472,2012040468,4,40468,1,6,1,31,8,21,31,12,7,1,0,24,1,63,38,63038,4,2010,KNAFU4A27A50,K,N,A,F,U,4,A,2,7,A,5,0,0,0,0,Not Applicable,Not Applicable,0,0,0,1,0,0,0,0,0,0,0,90,0,0,0,63,4,3,12,0,0,0,1,4,85748,6,1,0,0,3,0,66,170,0,0,0,0,0,0,0,0,0,1,89,91,27,0,2,2,55,1,1,2,1,0,0,15,10,1,1,2,47,,,,0,1,P,KIA,FEX,4D,10.0,17.0,2707.0,,0.0,1043.0,,G,,F,4.0,122.0,,,15R195,,,,,,2012
5473,2012040468,4,40468,2,6,1,31,8,21,31,12,7,1,0,4,1,72,706,72706,80,2006,1HD1CGP106K4,1,H,D,1,C,G,P,1,0,6,K,4,0,0,0,Not Applicable,Not Applicable,0,0,0,1,0,0,0,0,0,0,0,90,0,0,0,82,6,2,12,0,0,0,1,4,85746,6,1,0,0,3,0,69,220,0,0,0,0,0,0,0,0,0,1,0,0,0,0,2,2,55,1,1,2,1,0,0,1,61,1,1,1,45,,,,1,1,M,HD,20C,RS,6.0,17.0,,,,,,,1200.0,,2.0,,4.0,554.0,,,,,,,2012
5474,2012040468,4,40468,3,6,1,31,8,21,31,12,7,1,0,4,2,55,35,55035,4,2004,KMHDN46D44U7,K,M,H,D,N,4,6,D,4,4,U,7,0,0,0,Not Applicable,Not Applicable,0,0,0,1,0,0,0,0,0,0,0,55,0,0,0,12,6,2,54,0,0,0,1,4,85705,6,1,0,0,3,0,62,132,0,0,0,0,0,0,0,0,0,0,0,0,0,0,2,2,55,1,1,2,1,0,0,1,90,1,1,1,98,,,,0,0,P,HYUN,EST,4D,4.0,17.0,2635.0,,0.0,1027.0,,G,,F,4.0,121.0,,,15R195,,,,,,2012
5475,2012040468,4,40468,4,6,1,31,8,21,31,12,7,1,0,32,1,20,481,20481,31,2012,1GCRCSE0XCZ3,1,G,C,R,C,S,E,0,X,C,Z,3,0,0,0,Not Applicable,Not Applicable,0,0,0,1,0,0,0,0,0,0,0,55,0,0,0,99,0,1,54,0,0,0,1,4,85335,6,1,0,0,3,0,66,150,0,0,0,0,0,0,0,0,0,0,0,0,0,0,2,2,55,1,1,2,1,0,0,1,90,99,1,3,98,,,,0,0,T,CHEV,2SC,4C,12.0,17.0,,2.0,1575.0,1435.0,SIL,F,,,8.0,323.0,,,,B,4906.0,3.0,,42.0,2012
5476,2012040468,4,40468,5,6,1,31,8,21,31,12,7,1,0,4,1,63,34,63034,4,2003,KNAGD1289352,K,N,A,G,D,1,2,8,9,3,5,2,0,0,0,Not Applicable,Not Applicable,0,0,0,1,0,0,0,0,0,0,0,55,0,0,0,14,0,1,54,0,0,0,1,4,85719,6,1,0,0,3,3,67,110,0,0,0,0,0,0,0,0,0,0,0,0,0,0,2,2,55,1,1,2,1,0,0,1,90,1,1,1,98,,,,0,0,P,KIA,OLS,4D,3.0,17.0,3279.0,,0.0,1063.0,,G,,F,6.0,162.0,,,15R205,,,,,,2012
5477,2012040468,4,40468,6,6,2,31,8,21,31,12,7,1,0,6,1,6,43,6043,1,2008,1C3LC45K68N2,1,C,3,L,C,4,5,K,6,8,N,2,0,0,0,Not Applicable,Not Applicable,0,0,0,1,0,0,0,0,0,0,0,55,0,0,0,14,2,1,54,0,0,0,1,4,85713,6,1,0,0,3,0,70,183,0,0,0,0,0,0,0,0,0,0,0,0,0,0,2,2,55,1,1,2,1,0,0,1,90,1,1,1,98,,,,0,0,P,CHRY,SEB,CV,8.0,17.0,3287.0,,0.0,1089.0,,G,,F,4.0,146.0,,,16R215,,,,,,2012
5478,2012040469,4,40469,1,1,6,31,8,23,50,1,0,1,0,48,2,20,421,20421,15,2004,3GNFK16Z94G1,3,G,N,F,K,1,6,Z,9,4,G,1,0,0,0,Not Applicable,Not Applicable,0,0,0,1,0,0,0,0,0,0,0,65,0,1,1,0,6,2,1,0,0,0,1,48,78055,6,1,0,0,3,0,999,999,0,0,0,0,0,0,0,0,0,1,58,0,0,0,1,2,65,3,5,2,1,0,0,14,6,7,3,6,98,,,,2,0,P,CHEV,K15,UT,4.0,17.0,5219.0,,0.0,1300.0,,F,,F,8.0,325.0,,,16R265,,,,,,2012
5479,2012040470,4,40470,1,1,2,18,7,9,25,35,0,1,0,4,1,37,402,37402,14,2006,JHLRD78926C0,J,H,L,R,D,7,8,9,2,6,C,0,0,0,0,Not Applicable,Not Applicable,0,0,0,1,0,0,0,0,0,0,0,55,0,1,9,99,6,2,1,0,0,0,1,4,85544,1,1,0,0,2,3,69,174,0,1,0,0,0,2,2012,2,2012,9,99,99,99,99,1,2,55,3,6,2,1,0,0,14,13,1,1,4,1,,,,1,0,P,HOND,CRV,UT,6.0,17.0,3494.0,,0.0,1033.0,,G,,F,4.0,146.0,,,16R215,,,,,,2012
5480,2012040471,4,40471,1,1,1,23,8,5,33,33,0,1,0,4,1,49,482,49482,31,2000,5TBBT4410YS0,5,T,B,B,T,4,4,1,0,Y,S,0,0,0,0,Not Applicable,Not Applicable,0,0,0,1,0,0,0,0,0,0,0,50,0,1,5,14,6,2,1,0,0,0,1,4,85029,6,1,0,0,3,0,65,120,0,0,0,0,0,0,0,0,0,0,99,99,99,99,6,2,65,1,6,2,2,0,0,1,9,7,3,4,2,,,,1,0,T,TOYT,TRS,4C,0.0,17.0,,2.0,0.0,1283.0,TUN,G,,,8.0,285.0,,,,B,4320.0,0.0,U,44.0,2012
5481,2012040472,4,40472,1,4,2,11,8,16,5,12,1,1,0,41,2,49,471,49471,30,1993,JT4VN13D3P51,J,T,4,V,N,1,3,D,3,P,5,1,0,0,0,Not Applicable,Not Applicable,0,0,0,1,0,0,0,0,0,0,0,998,0,0,0,12,6,2,12,0,0,0,1,4,85739,0,0,0,0,0,0,63,160,0,0,0,0,0,0,0,0,0,0,0,0,0,0,2,3,50,1,1,2,1,2,3,1,52,1,1,1,28,,,,0,0,T,TOYT,ELX,PC,93.0,17.0,,1.0,0.0,1215.0,HTP,G,,,6.0,180.0,,,,B,0.0,0.0,A,44.0,2012
5482,2012040472,4,40472,2,4,1,11,8,16,5,12,1,1,0,4,1,53,705,53705,80,2008,JS1GX72A7821,J,S,1,G,X,7,2,A,7,8,2,1,0,0,0,Not Applicable,Not Applicable,0,0,0,1,0,0,0,0,0,0,0,998,0,0,0,6,6,2,12,0,0,0,1,4,85739,6,1,0,0,3,3,70,170,0,0,0,0,0,0,0,0,0,0,0,0,0,0,2,3,50,1,1,2,1,2,3,2,53,1,1,1,29,,,,1,0,M,SUZI,GXR,RC,8.0,17.0,,,,,,,1340.0,,4.0,,4.0,485.0,,,,,,,2012
5483,2012040472,4,40472,3,4,4,11,8,16,5,12,1,1,0,4,2,52,46,52046,4,2002,JA3AJ26E12U0,J,A,3,A,J,2,6,E,1,2,U,0,0,0,0,Not Applicable,Not Applicable,0,0,0,1,0,0,0,0,0,0,0,998,0,0,0,6,4,3,12,0,0,0,1,4,85741,6,1,0,0,3,0,70,170,0,0,0,0,0,0,0,0,0,0,0,0,0,0,2,3,50,1,1,2,1,2,3,2,53,1,1,1,98,,,,0,0,P,MITS,LES,4D,2.0,17.0,2646.0,,0.0,1024.0,,G,,F,4.0,122.0,,,14R185,,,,,,2012
5484,2012040472,4,40472,4,4,3,11,8,16,5,12,1,1,0,4,2,20,421,20421,15,2004,3GNFK16T24G1,3,G,N,F,K,1,6,T,2,4,G,1,0,0,0,Not Applicable,Not Applicable,0,0,0,1,0,0,0,0,0,0,0,0,0,0,0,6,2,1,12,0,0,0,1,4,85704,6,1,0,0,3,3,76,200,0,0,0,0,0,0,0,0,0,0,0,0,0,0,2,3,50,1,1,2,1,2,3,5,53,1,1,1,98,,,,0,0,P,CHEV,K15,UT,4.0,17.0,5219.0,,0.0,1300.0,,G,,F,8.0,325.0,,,16R265,,,,,,2012
5485,2012040473,4,40473,1,1,1,21,8,20,9,8,0,1,0,4,1,20,473,20473,30,2009,1GCCS1497981,1,G,C,C,S,1,4,9,7,9,8,1,0,0,0,Not Applicable,Not Applicable,0,0,0,1,0,0,0,0,0,0,0,73,0,0,0,12,4,3,8,0,0,0,1,4,85023,6,1,0,0,3,0,69,185,0,0,0,0,0,0,0,0,0,1,91,0,0,0,5,4,40,1,1,2,1,0,0,1,80,1,1,1,13,,,,0,1,T,CHEV,RDO,PK,9.0,17.0,,1.0,0.0,1113.0,CAL,G,,,4.0,177.0,,,,B,3366.0,0.0,,42.0,2012
5486,2012040474,4,40474,1,1,1,12,8,5,0,43,0,1,0,35,1,72,706,72706,80,2004,1HD1FSW154Y6,1,H,D,1,F,S,W,1,5,4,Y,6,0,0,0,Not Applicable,Not Applicable,0,0,0,1,0,0,0,0,0,0,0,40,0,0,0,12,6,2,43,0,0,0,1,4,85705,2,1,0,0,2,0,72,180,0,3,0,0,0,3,2010,10,2011,0,0,0,0,0,1,2,40,2,1,2,1,40,3,14,12,99,1,4,6,,,,1,1,M,HD,TRI,RS,4.0,17.0,,,,,,,1450.0,,2.0,,4.0,731.0,,,,,,,2012
5487,2012040475,4,40475,1,2,1,1,8,18,52,12,6,1,0,4,2,37,31,37031,4,1998,2HGEJ6674WH6,2,H,G,E,J,6,6,7,4,W,H,6,0,0,0,Not Applicable,Not Applicable,0,0,0,1,0,0,0,0,0,0,0,998,0,0,0,9,6,2,12,0,0,0,1,4,85388,6,1,0,0,3,3,78,200,0,0,0,2,1,5,2010,9,2011,0,39,0,0,0,2,2,45,1,1,2,1,3,3,1,17,1,1,1,89,,,,1,1,P,HOND,UCL,4D,98.0,17.0,2426.0,,0.0,1032.0,,G,,F,4.0,97.0,,,14R185,,,,,,2012
5488,2012040475,4,40475,2,2,3,1,8,18,52,12,6,1,0,4,1,12,3,12003,2,2013,1ZVBP8CF6D52,1,Z,V,B,P,8,C,F,6,D,5,2,0,0,0,Not Applicable,Not Applicable,0,0,0,1,0,0,0,0,0,0,0,998,0,0,0,12,6,2,12,0,0,0,1,4,85335,6,1,0,0,3,0,67,178,0,0,0,0,0,0,0,0,0,0,99,99,99,99,2,2,45,1,1,2,1,3,3,1,66,1,1,1,88,,,,0,0,P,FORD,MGT,CP,13.0,17.0,3483.0,,0.0,1071.0,,G,,F,8.0,305.0,,,18R235,,,,,,2012
5489,2012040476,4,40476,1,1,1,2,8,1,28,8,0,1,1,99,9,99,999,99999,99,9999,Unknown,9,9,9,9,9,9,9,9,9,9,9,9,0,0,0,Not Applicable,Not Applicable,0,0,0,1,0,0,0,0,0,0,0,999,0,0,0,12,9,1,8,0,0,0,1,99,99999,9,9,99,0,9,9,999,999,99,99,99,99,99,99,9999,99,9999,9,99,99,99,99,2,3,40,1,1,2,1,0,0,99,80,99,9,9,13,,,,0,0,,,,,,,,,,,,,,,,,,,,,,,,,2012
5490,2012040477,4,40477,1,2,1,3,8,5,23,12,6,1,0,4,1,76,706,76706,80,2005,JYARN13E05A0,J,Y,A,R,N,1,3,E,0,5,A,0,0,0,0,Not Applicable,Not Applicable,0,0,0,1,0,0,0,0,0,0,0,35,0,0,0,12,6,2,12,0,0,0,1,4,85757,6,1,0,0,3,0,73,250,0,0,0,1,0,3,2012,3,2012,1,33,0,0,0,5,2,35,1,1,2,1,0,0,1,17,1,1,1,83,,,,1,1,M,YAMA,YFR,RC,5.0,17.0,,,,,,,998.0,,4.0,,4.0,379.0,,,,,,,2012
5491,2012040477,4,40477,2,2,2,3,8,5,23,12,6,1,0,4,2,20,881,20881,61,1995,1GBJC34K5SE1,1,G,B,J,C,3,4,K,5,S,E,1,0,0,88,None,None,2,1,3,1,0,0,0,0,0,0,0,15,0,0,0,9,6,9,12,0,0,0,1,4,85714,6,1,0,0,3,0,70,190,0,0,0,0,2,8,2011,12,2011,0,0,0,0,0,5,2,35,1,1,2,1,0,0,11,66,1,1,1,82,,,,0,0,T,CHEV,GC3,CB,95.0,17.0,,3.0,1595.0,1315.0,GM4,G,,,8.0,350.0,,,,D,4397.0,0.0,,42.0,2012