index,accident_id,STATE,ST_CASE,VEH_NO,VE_FORMS,NUMOCCS,DAY,MONTH,HOUR,MINUTE,HARM_EV,MAN_COLL,UNITTYPE,HIT_RUN,REG_STAT,OWNER,MAKE,MODEL,MAK_MOD,BODY_TYP,MOD_YEAR,VIN,VIN_1,VIN_2,VIN_3,VIN_4,VIN_5,VIN_6,VIN_7,VIN_8,VIN_9,VIN_10,VIN_11,VIN_12,TOW_VEH,J_KNIFE,MCARR_I1,MCARR_I2,MCARR_ID,GVWR,V_CONFIG,CARGO_BT,HAZ_INV,HAZ_PLAC,HAZ_ID,HAZ_CNO,HAZ_REL,BUS_USE,SPEC_USE,EMER_USE,TRAV_SP,UNDERIDE,ROLLOVER,ROLINLOC,IMPACT1,DEFORMED,TOWED,M_HARM,VEH_SC1,VEH_SC2,FIRE_EXP,DR_PRES,L_STATE,DR_ZIP,L_STATUS,L_TYPE,CDL_STAT,L_ENDORS,L_COMPL,L_RESTRI,DR_HGT,DR_WGT,PREV_ACC,PREV_SUS,PREV_DWI,PREV_SPD,PREV_OTH,FIRST_MO,FIRST_YR,LAST_MO,LAST_YR,SPEEDREL,DR_SF1,DR_SF2,DR_SF3,DR_SF4,VTRAFWAY,VNUM_LAN,VSPD_LIM,VALIGN,VPROFILE,VPAVETYP,VSURCOND,VTRAFCON,VTCONT_F,P_CRASH1,P_CRASH2,P_CRASH3,PCRASH4,PCRASH5,ACC_TYPE,TRLR1VIN,TRLR2VIN,TRLR3VIN,DEATHS,DR_DRINK,VINTYPE,VINMAKE,VINA_MOD,VIN_BT,VINMODYR,VIN_LNGT,VIN_WGT,WGTCD_TR,WHLBS_LG,WHLBS_SH,SER_TR,FUELCODE,MCYCL_DS,CARBUR,CYLINDER,DISPLACE,MCYCL_CY,MCYCL_WT,TIRE_SZE,TON_RAT,TRK_WT,TRKWTVAR,VIN_REST,WHLDRWHL,Year
5536,2012040510,4,40510,3,3,1,11,9,14,40,12,9,1,0,4,1,20,481,20481,31,1993,1GCDC14Z9PZ2,1,G,C,D,C,1,4,Z,9,P,Z,2,0,0,0,Not Applicable,Not Applicable,0,0,0,1,0,0,0,0,0,0,0,5,0,0,0,6,4,1,12,0,0,0,1,4,85602,6,1,0,0,3,0,66,157,0,0,0,0,0,0,0,0,0,0,0,0,0,0,2,2,75,1,1,2,2,0,0,1,53,1,1,1,98,,,,0,0,T,CHEV,GC1,PK,93.0,17.0,,1.0,1315.0,1175.0,GM4,G,,,6.0,262.0,,,,B,3718.0,2.0,,42.0,2012
5537,2012040511,4,40511,1,2,2,9,9,8,24,12,6,1,0,4,1,20,16,20016,4,1996,1G1JC5240T72,1,G,1,J,C,5,2,4,0,T,7,2,0,0,0,Not Applicable,Not Applicable,0,0,0,1,0,0,0,0,0,0,0,47,0,0,0,4,6,2,12,0,0,0,1,4,85648,6,1,0,0,3,0,65,130,0,1,0,1,0,3,2012,4,2012,0,58,0,0,0,1,2,45,1,3,2,1,0,0,1,9,1,4,4,64,,,,1,1,P,CHEV,CAV,4D,96.0,17.0,2676.0,,0.0,1041.0,,G,,F,4.0,133.0,,,14R195,,,,,,2012
5538,2012040511,4,40511,2,2,2,9,9,8,24,12,6,1,0,4,2,12,471,12471,30,1994,1FTCR14A9RPB,1,F,T,C,R,1,4,A,9,R,P,B,0,0,0,Not Applicable,Not Applicable,0,0,0,1,0,0,0,0,0,0,0,28,0,0,0,12,6,2,12,0,0,0,1,4,85648,6,1,0,0,3,0,66,215,0,3,0,1,1,10,2009,3,2010,0,0,0,0,0,1,2,45,1,3,2,1,0,0,1,62,7,1,4,65,,,,0,0,T,FORD,RNS,PC,94.0,17.0,,1.0,0.0,1250.0,RNG,G,,,4.0,140.0,,,,B,3208.0,0.0,A,42.0,2012
5539,2012040512,4,40512,1,1,1,14,9,15,57,17,0,1,0,4,2,12,16,12016,4,1998,2FAFP74W4WX1,2,F,A,F,P,7,4,W,4,W,X,1,0,0,0,Not Applicable,Not Applicable,0,0,0,1,0,0,0,0,0,0,0,75,0,0,0,61,6,2,17,0,0,0,1,4,86326,6,1,0,0,3,0,74,175,0,0,0,0,0,0,0,0,0,1,0,0,0,0,3,2,75,1,1,2,1,0,0,1,6,7,3,4,2,,,,1,0,P,FORD,CVL,4D,98.0,17.0,3927.0,,0.0,1144.0,,G,,F,8.0,281.0,,,15R225,,,,,,2012
5540,2012040513,4,40513,1,2,2,15,9,9,30,18,0,1,0,4,1,72,706,72706,80,2002,1HD1FDV152Y6,1,H,D,1,F,D,V,1,5,2,Y,6,0,0,0,Not Applicable,Not Applicable,0,0,0,1,0,0,0,0,0,0,0,999,0,0,0,12,4,3,1,0,0,0,1,4,86314,6,1,0,0,3,3,66,200,0,0,0,0,0,0,0,0,0,0,81,0,0,0,1,2,55,2,5,2,1,0,0,14,90,99,1,1,12,,,,1,0,M,HD,FHR,RS,2.0,17.0,,,,,,,1450.0,,2.0,,4.0,723.0,,,,,,,2012
5541,2012040513,4,40513,2,2,2,15,9,9,30,18,0,1,0,34,1,72,706,72706,80,2010,1HD1PR828AB9,1,H,D,1,P,R,8,2,8,A,B,9,0,0,0,Not Applicable,Not Applicable,0,0,0,1,0,0,0,0,0,0,0,999,0,0,0,12,4,3,12,0,0,0,1,34,8559,6,1,6,0,3,3,70,999,0,0,0,4,5,10,2009,5,2012,0,84,0,0,0,1,2,55,2,5,2,1,0,0,14,52,99,1,4,98,,,,0,0,M,HD,SB5,RS,10.0,17.0,,,,,,,1803.0,,2.0,,4.0,924.0,,,,,,,2012
5542,2012040514,4,40514,1,2,1,18,9,3,15,1,0,1,0,4,5,12,481,12481,31,1998,1FTZF1727WKB,1,F,T,Z,F,1,7,2,7,W,K,B,0,0,0,Not Applicable,Not Applicable,0,0,0,1,0,0,0,0,0,0,0,998,0,1,1,0,6,2,1,0,0,0,1,4,85032,1,1,0,0,2,0,72,190,0,13,1,1,3,1,2010,11,2011,0,99,99,99,99,2,2,75,1,1,2,1,0,0,99,9,6,4,6,98,,,,1,1,T,FORD,F15,PK,98.0,17.0,,1.0,1390.0,1200.0,COF,G,,,6.0,256.0,,,,B,3800.0,2.0,E,42.0,2012
5543,2012040514,4,40514,2,2,1,18,9,3,15,1,0,1,0,4,3,51,881,51881,66,2007,4V4NC9GH57N4,4,V,4,N,C,9,G,H,5,7,N,4,1,1,57,0169528,570169528,3,6,1,1,0,0,0,0,0,0,0,998,0,0,0,12,6,2,54,0,0,0,1,4,85051,6,1,6,0,3,0,76,225,0,0,0,0,1,2,2010,2,2010,0,0,0,0,0,2,2,75,1,1,2,1,0,0,1,91,1,1,1,98,,,,0,0,T,VOLV,VNL,TR,7.0,17.0,,8.0,0.0,0.0,VVN,D,,,6.0,732.0,,,,,0.0,0.0,,64.0,2012
5544,2012040515,4,40515,1,1,1,19,9,16,10,1,0,1,0,4,2,63,401,63401,14,2001,KNDJB723X150,K,N,D,J,B,7,2,3,X,1,5,0,0,0,0,Not Applicable,Not Applicable,0,0,0,1,0,0,0,0,0,0,0,65,0,1,1,0,6,2,1,0,0,0,1,4,85653,6,1,0,0,3,0,70,180,0,0,0,0,0,0,0,0,0,0,99,99,99,99,2,3,65,1,1,2,1,0,0,1,9,99,3,6,98,,,,1,0,P,KIA,SPO,UT,1.0,17.0,3186.0,,0.0,1043.0,,G,,F,4.0,122.0,,,15R205,,,,,,2012
5545,2012040516,4,40516,1,1,1,22,9,0,49,59,0,1,0,1,2,72,706,72706,80,2002,1HD1GKV112Y3,1,H,D,1,G,K,V,1,1,2,Y,3,0,0,0,Not Applicable,Not Applicable,0,0,0,1,0,0,0,0,0,0,0,25,0,0,0,12,6,2,59,0,0,0,1,4,85324,0,0,0,0,0,0,73,220,2,3,1,0,5,3,2011,7,2012,0,89,0,0,0,1,2,25,1,1,2,1,0,0,1,12,1,1,4,6,,,,1,1,M,HD,XDP,RS,2.0,17.0,,,,,,,1450.0,,2.0,,4.0,999.0,,,,,,,2012
5546,2012040517,4,40517,1,1,1,22,9,17,35,17,0,1,0,4,2,20,481,20481,31,2004,1GCHK23144F1,1,G,C,H,K,2,3,1,4,4,F,1,0,0,0,Not Applicable,Not Applicable,0,0,0,1,0,0,0,0,0,0,0,50,0,1,5,12,6,2,1,0,0,0,1,4,85937,6,1,0,0,3,3,71,160,0,1,0,0,0,8,2010,8,2010,1,0,0,0,0,1,2,50,3,1,2,1,0,0,14,6,7,1,4,1,,,,1,0,T,CHEV,2KH,CW,4.0,17.0,,2.0,1670.0,1530.0,SIL,D,,,8.0,403.0,,,,C,6056.0,3.0,,44.0,2012
5547,2012040518,4,40518,1,1,1,23,9,17,52,30,0,1,0,4,2,37,31,37031,2,1995,2HGEJ1125SH5,2,H,G,E,J,1,1,2,5,S,H,5,0,0,0,Not Applicable,Not Applicable,0,0,0,1,0,0,0,0,0,0,0,999,0,0,0,9,6,2,30,0,0,0,1,4,86030,6,1,0,0,3,3,68,170,0,0,0,0,0,0,0,0,0,9,99,99,99,99,6,1,45,2,1,2,1,0,0,14,9,7,3,4,2,,,,1,1,P,HOND,CEX,CP,95.0,17.0,2371.0,,0.0,1032.0,,G,,F,4.0,97.0,,,14R185,,,,,,2012
5548,2012040519,4,40519,1,1,1,25,9,16,44,33,0,1,0,4,1,49,471,49471,30,1981,JT4RN44S2B00,J,T,4,R,N,4,4,S,2,B,0,0,0,0,0,Not Applicable,Not Applicable,0,0,0,1,0,0,0,0,0,0,0,998,0,1,5,12,6,2,1,0,0,0,1,4,85009,6,1,0,0,3,0,67,150,2,0,0,2,0,7,2011,6,2012,9,99,99,99,99,2,3,45,1,1,2,1,0,0,99,9,99,9,4,2,,,,1,0,T,TOYT,R4S,PK,81.0,17.0,,1.0,0.0,1102.0,PCC,G,,,4.0,146.0,,,,,2335.0,7.0,,42.0,2012
5549,2012040520,4,40520,1,1,1,30,9,10,14,9,0,1,0,4,1,2,404,2404,14,2001,1J4FF48SX1L5,1,J,4,F,F,4,8,S,X,1,L,5,0,0,0,Not Applicable,Not Applicable,0,0,0,1,0,0,0,0,0,0,0,998,0,0,0,12,2,1,9,0,0,0,1,4,85638,6,1,0,0,3,3,65,154,0,0,0,0,0,0,0,0,0,0,35,0,0,0,1,2,65,1,1,2,1,0,0,1,13,1,1,4,13,,,,0,0,T,JEEP,SPT,4W,1.0,17.0,,1.0,0.0,1014.0,CHK,G,,,6.0,244.0,,,,,3249.0,0.0,E,44.0,2012
5550,2012040521,4,40521,1,1,1,30,9,12,13,14,0,1,0,48,3,51,881,51881,66,2005,4V4NC9GH55N3,4,V,4,N,C,9,G,H,5,5,N,3,1,3,57,0167260,570167260,3,6,1,1,0,0,0,0,0,0,0,60,0,1,5,12,6,2,1,0,0,0,1,48,76380,6,1,6,0,3,3,69,350,0,0,0,2,3,8,2011,8,2012,0,99,99,99,99,2,2,75,1,1,2,1,0,0,1,13,1,1,4,1,,,,1,0,T,VOLV,VNL,TR,5.0,17.0,,8.0,0.0,0.0,VVN,D,,,6.0,732.0,,,,,0.0,0.0,,64.0,2012
5551,2012040522,4,40522,1,1,2,1,9,2,32,1,0,1,0,4,2,20,37,20037,4,2004,1G1ZT54844F1,1,G,1,Z,T,5,4,8,4,4,F,1,0,0,0,Not Applicable,Not Applicable,0,0,0,1,0,0,0,0,0,0,0,90,0,1,5,0,6,2,1,0,0,0,1,4,85128,6,1,0,0,3,0,66,224,0,0,0,0,0,0,0,0,0,1,0,0,0,0,1,2,65,1,1,2,1,0,0,6,6,99,9,9,2,,,,1,1,P,CHEV,M/L,4D,4.0,17.0,3297.0,,0.0,1063.0,,G,,F,6.0,214.0,,,15R205,,,,,,2012
5552,2012040523,4,40523,1,1,1,2,9,15,10,42,0,1,0,4,1,20,421,20421,15,2002,1GNEK13Z52R1,1,G,N,E,K,1,3,Z,5,2,R,1,0,0,0,Not Applicable,Not Applicable,0,0,0,1,0,0,0,0,0,0,0,50,0,0,0,12,6,2,42,0,0,0,1,4,85262,6,1,0,0,3,3,68,190,0,0,0,0,0,0,0,0,0,9,99,99,99,99,8,8,35,3,1,8,1,0,0,14,9,99,9,4,2,,,,1,0,P,CHEV,KTA,UT,2.0,17.0,5050.0,,0.0,1160.0,,F,,F,8.0,325.0,,,16R265,,,,,,2012
5553,2012040524,4,40524,1,1,1,8,9,19,58,8,0,1,1,99,9,99,999,99999,99,9999,Unknown,9,9,9,9,9,9,9,9,9,9,9,9,0,0,0,Not Applicable,Not Applicable,0,0,0,1,0,0,0,0,0,0,0,999,0,0,0,12,9,1,8,0,0,0,1,99,99999,9,9,99,9,9,9,999,999,99,99,99,99,99,99,9999,99,9999,9,99,99,99,99,2,2,65,1,1,2,1,0,0,99,80,99,9,9,13,,,,0,0,,,,,,,,,,,,,,,,,,,,,,,,,2012
5554,2012040525,4,40525,1,5,1,8,9,99,99,12,7,1,0,4,2,7,24,7024,4,2007,2B3KA43R17H7,2,B,3,K,A,4,3,R,1,7,H,7,0,0,0,Not Applicable,Not Applicable,0,0,0,1,0,0,0,0,0,0,0,65,0,1,1,81,6,2,12,0,0,0,1,4,86538,0,0,0,0,0,0,70,202,0,0,0,0,0,0,0,0,0,1,33,0,0,0,1,2,65,1,3,2,1,0,0,6,11,1,1,2,46,,,,1,1,P,DODG,CTL,4D,7.0,17.0,3648.0,,0.0,1200.0,,G,,F,6.0,165.0,,,17R215,,,,,,2012
5555,2012040525,4,40525,2,5,4,8,9,99,99,12,7,1,0,4,1,49,403,49403,14,2007,JTEEP21A4701,J,T,E,E,P,2,1,A,4,7,0,1,0,0,0,Not Applicable,Not Applicable,0,0,0,1,0,0,0,0,0,0,0,65,0,0,0,10,2,1,12,0,0,0,1,4,86054,6,1,0,0,3,0,62,165,0,0,0,0,0,0,0,0,0,0,0,0,0,0,1,2,65,1,3,2,1,0,0,1,60,1,1,1,45,,,,0,0,P,TOYT,HIG,UT,7.0,17.0,3935.0,,0.0,1069.0,,G,,F,6.0,201.0,,,16R225,,,,,,2012
5556,2012040525,4,40525,3,5,7,8,9,99,99,12,7,1,0,4,1,49,401,49401,14,1996,JT3HN87R0T00,J,T,3,H,N,8,7,R,0,T,0,0,0,0,0,Not Applicable,Not Applicable,0,0,0,1,0,0,0,0,0,0,0,999,0,1,5,6,6,2,1,0,0,0,1,4,86520,6,1,0,0,3,0,62,169,0,0,0,1,1,6,2011,6,2011,0,0,0,0,0,1,2,65,1,3,2,1,0,0,1,53,1,1,1,98,,,,1,0,P,TOYT,RUN,UT,96.0,17.0,0.0,,0.0,1053.0,,G,,F,6.0,206.0,,,16R265,,,,,,2012
5557,2012040525,4,40525,4,5,3,8,9,99,99,12,7,1,0,4,1,7,20,7020,4,2005,1B3ES56C05D2,1,B,3,E,S,5,6,C,0,5,D,2,0,0,0,Not Applicable,Not Applicable,0,0,0,1,0,0,0,0,0,0,0,998,0,0,0,12,6,2,12,0,0,0,1,4,86505,6,1,0,0,3,0,65,190,0,0,0,0,0,0,0,0,0,9,99,99,99,99,1,2,65,1,3,2,1,0,0,1,62,99,9,9,98,,,,2,0,P,DODG,NXT,4D,5.0,17.0,2634.0,,0.0,1040.0,,G,,F,4.0,122.0,,,15R185,,,,,,2012
5558,2012040525,4,40525,5,5,4,8,9,99,99,12,7,1,0,4,2,30,46,30046,4,2010,WVWJM7AN1AE1,W,V,W,J,M,7,A,N,1,A,E,1,0,0,0,Not Applicable,Not Applicable,0,0,0,1,0,0,0,0,0,0,0,999,0,0,0,12,6,2,12,0,0,0,1,4,85203,6,1,0,0,3,0,72,200,0,0,0,0,0,0,0,0,0,0,99,99,99,99,1,2,65,1,3,2,1,0,0,1,99,1,1,1,98,,,,0,1,P,VOLK,PKM,4D,10.0,17.0,3330.0,,0.0,1067.0,,G,,T,4.0,121.0,,,17R235,,,,,,2012
5559,2012040526,4,40526,1,1,2,12,9,12,49,1,0,1,0,4,2,82,881,82881,63,1989,1FUYDSYB5KP3,1,F,U,Y,D,S,Y,B,5,K,P,3,0,0,88,None,None,3,2,3,1,0,0,0,0,0,0,0,40,0,1,9,0,6,2,1,0,0,0,1,4,86320,6,1,6,0,3,3,72,210,0,2,0,0,0,8,2011,8,2011,1,99,99,99,99,1,2,35,1,1,8,1,0,0,1,99,99,9,4,5,,,,1,0,T,FRHT,FLD,TR,89.0,17.0,,8.0,0.0,0.0,CON,D,,,6.0,893.0,,,,,0.0,0.0,,64.0,2012
5560,2012040527,4,40527,1,2,1,14,9,18,45,12,2,1,0,4,2,53,706,53706,80,2002,JS1GT74A0221,J,S,1,G,T,7,4,A,0,2,2,1,0,0,0,Not Applicable,Not Applicable,0,0,0,1,0,0,0,0,0,0,0,50,0,0,0,12,6,2,12,0,0,0,1,4,86044,6,1,0,0,2,0,68,130,0,0,0,0,0,0,0,0,0,1,28,0,0,0,1,2,35,2,1,2,1,0,0,14,10,3,2,2,50,,,,1,0,M,SUZI,XR1,RC,2.0,17.0,,,,,,,988.0,,4.0,,4.0,374.0,,,,,,,2012
5561,2012040527,4,40527,2,2,2,14,9,18,45,12,2,1,0,4,1,55,33,55033,4,2007,5NPEU46F87H1,5,N,P,E,U,4,6,F,8,7,H,1,0,0,0,Not Applicable,Not Applicable,0,0,0,1,0,0,0,0,0,0,0,15,0,0,0,12,6,2,12,0,0,0,1,4,85225,6,1,0,0,3,0,75,235,0,1,0,2,0,2,2010,12,2011,0,0,0,0,0,1,2,35,3,1,2,1,0,0,14,62,9,1,1,51,,,,0,0,P,HYUN,SLI,4D,7.0,17.0,3458.0,,0.0,1074.0,,G,,F,6.0,204.0,,,17R225,,,,,,2012
5562,2012040528,4,40528,1,1,7,16,9,20,20,1,0,1,0,4,2,23,481,23481,31,1994,2GTEC19Z0R15,2,G,T,E,C,1,9,Z,0,R,1,5,0,0,0,Not Applicable,Not Applicable,0,0,0,1,0,0,0,0,0,0,0,65,0,1,3,0,6,2,1,0,0,0,1,4,85225,6,1,0,0,3,0,66,260,0,0,0,0,0,0,0,0,0,0,80,0,0,0,2,2,65,1,1,2,1,0,0,1,1,6,9,4,7,,,,1,0,T,GMC,SC1,PC,94.0,17.0,,2.0,1555.0,1415.0,SIE,G,,,6.0,262.0,,,,B,3967.0,0.0,A,42.0,2012
5563,2012040529,4,40529,1,2,1,17,9,14,8,12,1,1,0,4,2,7,482,7482,31,1996,1B7HC16Z9TS6,1,B,7,H,C,1,6,Z,9,T,S,6,0,0,0,Not Applicable,Not Applicable,0,0,0,1,0,0,0,0,0,0,0,35,0,0,0,12,6,2,12,0,0,0,1,4,85017,1,1,0,0,2,3,69,150,0,1,0,0,0,10,2010,10,2010,1,89,0,0,0,5,4,40,1,1,2,1,0,0,1,50,1,1,1,20,,,,1,1,T,DODG,150,PK,96.0,17.0,,2.0,1347.0,1187.0,RPC,G,,,8.0,360.0,,,,B,3868.0,1.0,M,42.0,2012
5564,2012040529,4,40529,2,2,6,17,9,14,8,12,1,1,0,4,3,98,981,98981,52,2001,1N904010X1A1,1,N,9,0,4,0,1,0,X,1,A,1,0,0,88,None,None,3,21,22,1,0,0,0,0,6,0,0,0,0,0,0,6,6,2,12,0,0,0,1,4,85053,6,1,6,1,3,0,71,238,0,0,0,0,0,0,0,0,0,0,0,0,0,0,5,4,40,1,1,2,1,0,0,5,53,1,1,1,21,,,,0,0,U,,,,1.0,17.0,,,,,,,,,,,,,,,,,,,2012
5565,2012040530,4,40530,1,1,1,18,9,18,38,1,0,1,0,4,3,20,481,20481,31,2008,1GCHK29K08E2,1,G,C,H,K,2,9,K,0,8,E,2,0,0,0,Not Applicable,Not Applicable,0,0,0,1,0,0,0,0,0,0,0,55,0,1,5,0,6,2,1,0,0,0,1,4,85630,6,1,0,0,3,0,69,160,0,0,0,0,0,0,0,0,0,1,99,99,99,99,1,2,0,2,6,5,1,0,0,14,6,99,9,4,7,,,,1,1,T,CHEV,2KH,4C,8.0,17.0,,2.0,1575.0,1435.0,SIL,G,,,8.0,366.0,,,,C,5735.0,2.0,,44.0,2012
5566,2012040531,4,40531,1,3,1,19,9,5,28,12,1,1,0,4,1,12,422,12422,15,2008,1FMFU15508LA,1,F,M,F,U,1,5,5,0,8,L,A,0,0,0,Not Applicable,Not Applicable,0,0,0,1,0,0,0,0,0,0,0,65,0,0,0,12,6,2,12,0,0,0,1,4,85119,6,1,6,0,3,0,71,246,0,0,0,0,0,0,0,0,0,1,0,0,0,0,3,2,65,1,1,2,1,0,0,1,50,8,9,1,20,,,,0,0,P,FORD,EPT,UT,8.0,17.0,5578.0,,0.0,1190.0,,G,,F,8.0,329.0,,,17R265,,,,,,2012
5567,2012040531,4,40531,2,3,1,19,9,5,28,12,1,1,0,4,1,37,39,37039,5,2009,JHMGE88629S0,J,H,M,G,E,8,8,6,2,9,S,0,0,0,0,Not Applicable,Not Applicable,0,0,0,1,0,0,0,0,0,0,0,0,0,0,0,6,6,2,12,0,0,0,1,4,85219,6,1,0,0,3,0,68,172,0,0,0,0,0,0,0,0,0,0,0,0,0,0,3,2,65,1,1,2,1,0,0,5,53,1,1,1,21,,,,1,0,P,HOND,FIS,4H,9.0,17.0,2520.0,,0.0,984.0,,G,,F,4.0,91.0,,,15R175,,,,,,2012
5568,2012040531,4,40531,3,3,1,19,9,5,28,12,1,1,0,4,3,12,881,12881,61,2001,1FDXF46S11EB,1,F,D,X,F,4,6,S,1,1,E,B,0,0,88,None,None,2,1,97,1,0,0,0,0,0,0,0,0,0,0,0,99,0,1,54,0,0,0,1,4,85119,6,1,0,0,3,3,74,187,0,0,0,1,0,4,2010,4,2010,0,0,0,0,0,3,2,65,1,1,2,1,0,0,5,90,1,1,1,98,,,,0,0,T,FORD,F4D,CB,1.0,17.0,,4.0,2010.0,1410.0,DRW,G,,,10.0,415.0,,,,,5968.0,9.0,E,42.0,2012
5569,2012040532,4,40532,1,2,1,19,9,5,28,12,1,1,0,4,2,49,472,49472,30,2008,5TENX22NX8Z4,5,T,E,N,X,2,2,N,X,8,Z,4,0,0,0,Not Applicable,Not Applicable,0,0,0,1,0,0,0,0,0,0,0,65,0,0,0,12,6,2,12,0,0,0,1,4,85218,6,1,0,0,3,0,69,170,0,0,0,0,0,0,0,0,0,0,0,0,0,0,3,2,65,1,1,2,1,0,0,1,51,1,1,1,24,,,,0,0,T,TOYT,REG,PK,8.0,17.0,,1.0,0.0,1094.0,TAC,G,,,4.0,164.0,,,,B,3200.0,0.0,U,42.0,2012
5570,2012040532,4,40532,2,2,1,19,9,5,28,12,1,1,0,4,1,72,706,72706,80,2006,1HD1GM11X6K3,1,H,D,1,G,M,1,1,X,6,K,3,0,0,0,Not Applicable,Not Applicable,0,0,0,1,0,0,0,0,0,0,0,60,0,0,0,6,6,2,12,0,0,0,1,4,85209,6,1,0,0,3,3,69,170,0,0,0,0,0,0,0,0,0,0,0,0,0,0,3,2,65,1,1,2,1,0,0,1,53,1,1,1,25,,,,1,1,M,HD,FDI,RS,6.0,17.0,,,,,,,1450.0,,2.0,,4.0,632.0,,,,,,,2012
5571,2012040533,4,40533,1,1,1,22,9,14,55,34,0,1,0,4,1,98,733,98733,90,2008,4XACA32A18B5,4,X,A,C,A,3,2,A,1,8,B,5,0,0,0,Not Applicable,Not Applicable,0,0,0,1,0,0,0,0,0,0,0,30,0,0,0,12,6,9,35,0,0,0,1,4,85338,6,1,0,0,3,3,72,230,0,0,0,0,0,0,0,0,0,1,39,0,0,0,1,2,35,1,6,8,1,20,3,11,13,6,9,4,2,,,,1,1,M,POLS,TR3,AT,8.0,17.0,,,,,,,329.0,,1.0,,4.0,505.0,,,,,,,2012
5572,2012040534,4,40534,1,1,1,22,9,22,41,1,0,1,0,4,2,18,3,18003,4,1989,1G4CW54C5K16,1,G,4,C,W,5,4,C,5,K,1,6,0,0,0,Not Applicable,Not Applicable,0,0,0,1,0,0,0,0,0,0,0,75,0,1,3,0,6,2,1,0,0,0,1,4,85713,6,1,0,0,3,0,68,190,0,0,0,0,0,0,0,0,0,1,0,0,0,0,2,2,75,1,1,2,1,0,0,1,9,6,4,4,7,,,,1,0,P,BUIC,EPF,4D,89.0,17.0,3241.0,,0.0,1108.0,,G,,F,6.0,231.0,,,14R205,,,,,,2012
5573,2012040535,4,40535,1,2,1,23,9,1,34,12,1,1,0,4,2,37,705,37705,80,2004,JH2PC37044M1,J,H,2,P,C,3,7,0,4,4,M,1,0,0,0,Not Applicable,Not Applicable,0,0,0,1,0,0,0,0,0,0,0,100,0,0,0,12,6,2,12,0,0,0,1,4,85716,0,0,0,0,0,0,71,230,0,5,0,0,0,3,2010,1,2012,1,27,0,0,0,2,2,65,1,1,2,1,0,0,15,51,1,1,2,24,,,,1,1,M,HOND,B60,RC,4.0,17.0,,,,,,,599.0,,4.0,,4.0,370.0,,,,,,,2012
5574,2012040535,4,40535,2,2,1,23,9,1,34,12,1,1,0,4,1,20,481,20481,31,1965,C1545S116392,C,1,5,4,5,S,1,1,6,3,9,2,0,0,0,Not Applicable,Not Applicable,0,0,0,1,0,0,0,0,0,0,0,55,0,0,0,6,6,2,12,0,0,0,1,4,85705,6,1,0,0,3,3,74,320,0,0,0,0,0,0,0,0,0,0,0,0,0,0,2,2,65,1,1,2,1,0,0,1,53,1,1,1,25,,,,0,0,T,CHEV,,,65.0,12.0,,,,,,,,,,,,,,,,,,,2012
5575,2012040536,4,40536,1,1,1,24,9,17,58,38,0,1,1,4,2,7,482,7482,31,1997,3B7HC13Z7VG7,3,B,7,H,C,1,3,Z,7,V,G,7,0,0,0,Not Applicable,Not Applicable,0,0,0,1,0,0,0,0,0,0,0,998,0,0,0,12,6,2,38,0,0,0,1,4,85029,0,0,0,0,0,0,67,230,0,1,0,0,0,4,2011,4,2011,0,29,0,0,0,1,2,35,1,1,2,1,0,0,1,13,1,1,4,1,,,,1,1,T,DODG,150,PC,97.0,17.0,,2.0,1547.0,1387.0,RPC,G,,,8.0,360.0,,,,B,4379.0,1.0,M,42.0,2012
5576,2012040537,4,40537,1,1,7,29,9,17,3,1,0,1,0,4,1,12,481,12481,31,2001,3FTZF17281MA,3,F,T,Z,F,1,7,2,8,1,M,A,0,0,0,Not Applicable,Not Applicable,0,0,0,1,0,0,0,0,0,0,0,998,0,1,3,0,6,2,1,0,0,0,1,4,85041,1,1,0,0,2,0,65,230,1,1,0,1,1,4,2012,7,2012,0,80,0,0,0,2,2,75,1,1,2,1,0,0,1,1,6,4,4,7,,,,4,0,T,FORD,F15,PK,1.0,17.0,,1.0,1385.0,1199.0,COF,G,,,6.0,256.0,,,,B,3923.0,4.0,U,42.0,2012
5577,2012040538,4,40538,1,2,1,2,10,14,25,12,6,1,0,4,2,49,402,49402,14,2007,JTMZD33V6760,J,T,M,Z,D,3,3,V,6,7,6,0,0,0,0,Not Applicable,Not Applicable,0,0,0,1,0,0,0,0,0,0,0,998,0,1,3,81,6,2,1,0,0,0,1,4,85027,6,1,0,0,3,0,71,165,0,0,0,0,0,0,0,0,0,0,80,58,0,0,2,2,75,1,1,2,1,0,0,1,9,1,4,2,98,,,,1,0,P,TOYT,RG4,UT,7.0,17.0,3300.0,,0.0,1047.0,,G,,F,4.0,144.0,,,16R215,,,,,,2012
5578,2012040538,4,40538,2,2,1,2,10,14,25,12,6,1,0,6,1,51,881,51881,66,2003,4V4NC9TH53N3,4,V,4,N,C,9,T,H,5,3,N,3,1,3,57,0211468,570211468,3,6,1,1,0,0,0,0,0,0,0,73,0,0,0,12,6,2,12,0,0,0,1,6,95843,6,1,6,0,3,0,69,162,0,0,0,0,0,0,0,0,0,0,0,0,0,0,2,2,75,1,1,2,1,0,0,1,62,4,1,1,98,,,,0,0,T,VOLV,VNL,TR,3.0,17.0,,8.0,0.0,0.0,VVN,D,,,6.0,915.0,,,,,0.0,0.0,,64.0,2012
5579,2012040539,4,40539,1,2,1,5,10,8,8,12,6,1,0,4,2,12,37,12037,4,2002,1FAFP38382W3,1,F,A,F,P,3,8,3,8,2,W,3,0,0,0,Not Applicable,Not Applicable,0,0,0,1,0,0,0,0,0,0,0,3,0,0,0,61,4,3,12,0,0,0,1,4,85742,6,1,0,0,3,0,61,110,0,0,0,0,0,0,0,0,0,0,38,0,0,0,1,2,40,1,1,2,1,20,3,11,15,1,1,1,82,,,,0,0,P,FORD,FZT,4D,2.0,17.0,2604.0,,0.0,1030.0,,G,,F,4.0,121.0,,,16R205,,,,,,2012