index,accident_id,STATE,ST_CASE,VEH_NO,VE_FORMS,NUMOCCS,DAY,MONTH,HOUR,MINUTE,HARM_EV,MAN_COLL,UNITTYPE,HIT_RUN,REG_STAT,OWNER,MAKE,MODEL,MAK_MOD,BODY_TYP,MOD_YEAR,VIN,VIN_1,VIN_2,VIN_3,VIN_4,VIN_5,VIN_6,VIN_7,VIN_8,VIN_9,VIN_10,VIN_11,VIN_12,TOW_VEH,J_KNIFE,MCARR_I1,MCARR_I2,MCARR_ID,GVWR,V_CONFIG,CARGO_BT,HAZ_INV,HAZ_PLAC,HAZ_ID,HAZ_CNO,HAZ_REL,BUS_USE,SPEC_USE,EMER_USE,TRAV_SP,UNDERIDE,ROLLOVER,ROLINLOC,IMPACT1,DEFORMED,TOWED,M_HARM,VEH_SC1,VEH_SC2,FIRE_EXP,DR_PRES,L_STATE,DR_ZIP,L_STATUS,L_TYPE,CDL_STAT,L_ENDORS,L_COMPL,L_RESTRI,DR_HGT,DR_WGT,PREV_ACC,PREV_SUS,PREV_DWI,PREV_SPD,PREV_OTH,FIRST_MO,FIRST_YR,LAST_MO,LAST_YR,SPEEDREL,DR_SF1,DR_SF2,DR_SF3,DR_SF4,VTRAFWAY,VNUM_LAN,VSPD_LIM,VALIGN,VPROFILE,VPAVETYP,VSURCOND,VTRAFCON,VTCONT_F,P_CRASH1,P_CRASH2,P_CRASH3,PCRASH4,PCRASH5,ACC_TYPE,TRLR1VIN,TRLR2VIN,TRLR3VIN,DEATHS,DR_DRINK,VINTYPE,VINMAKE,VINA_MOD,VIN_BT,VINMODYR,VIN_LNGT,VIN_WGT,WGTCD_TR,WHLBS_LG,WHLBS_SH,SER_TR,FUELCODE,MCYCL_DS,CARBUR,CYLINDER,DISPLACE,MCYCL_CY,MCYCL_WT,TIRE_SZE,TON_RAT,TRK_WT,TRKWTVAR,VIN_REST,WHLDRWHL,Year
5757,2012040664,4,40664,3,4,2,23,11,18,42,12,7,1,0,4,1,35,47,35047,4,2008,1N4BL21E78N4,1,N,4,B,L,2,1,E,7,8,N,4,0,0,0,Not Applicable,Not Applicable,0,0,0,1,0,0,0,0,0,0,0,65,0,0,0,12,6,2,12,0,0,0,1,4,85139,6,1,0,0,3,0,72,205,0,1,0,0,0,6,2012,6,2012,0,0,0,0,0,2,2,65,1,1,2,1,0,0,1,64,1,1,1,98,,,,0,1,P,NISS,ATL,4D,8.0,17.0,3175.0,,0.0,1093.0,,G,,F,6.0,214.0,,,17R215,,,,,,2012
5758,2012040664,4,40664,4,4,1,23,11,18,42,12,7,1,0,4,1,37,31,37031,4,2012,19XFB2F8XCE3,1,9,X,F,B,2,F,8,X,C,E,3,0,0,0,Not Applicable,Not Applicable,0,0,0,1,0,0,0,0,0,0,0,65,0,0,0,12,6,2,54,0,0,0,1,4,85238,6,1,0,0,3,0,63,140,0,0,0,4,0,3,2010,11,2012,0,0,0,0,0,2,2,65,1,1,2,1,0,0,1,98,1,1,1,98,,,,0,0,P,HOND,UAX,4D,12.0,17.0,2765.0,,0.0,1051.0,,G,,F,4.0,110.0,,,16R205,,,,,,2012
5759,2012040665,4,40665,1,2,1,23,11,20,48,12,6,1,0,4,2,55,36,55036,4,2012,KMHCT4AEXCU0,K,M,H,C,T,4,A,E,X,C,U,0,0,0,0,Not Applicable,Not Applicable,0,0,0,1,0,0,0,0,0,0,0,998,0,0,0,82,6,2,12,0,0,0,1,4,85296,6,1,0,0,3,3,73,175,0,0,0,0,0,0,0,0,0,0,38,0,0,0,2,3,45,1,1,2,1,3,3,11,15,1,1,1,68,,,,0,0,P,HYUN,AGG,4D,12.0,17.0,2396.0,,0.0,0.0,,G,,F,4.0,98.0,,,000000,,,,,,2012
5760,2012040665,4,40665,2,2,1,23,11,20,48,12,6,1,0,49,1,72,706,72706,80,1988,1HD4CAM15JY1,1,H,D,4,C,A,M,1,5,J,Y,1,0,0,0,Not Applicable,Not Applicable,0,0,0,1,0,0,0,0,0,0,0,998,0,0,0,12,6,2,12,0,0,0,1,49,84721,6,1,0,0,3,0,68,250,98,0,0,0,0,0,0,0,0,0,0,0,0,0,2,3,45,1,1,2,1,3,3,1,62,4,1,1,69,,,,1,0,M,HD,XL8,RS,88.0,17.0,,,,,,,883.0,,2.0,,4.0,465.0,,,,,,,2012
5761,2012040666,4,40666,1,2,2,24,11,14,13,12,6,1,0,4,1,98,998,98998,97,1991,AZ158491,A,Z,1,5,8,4,9,1,,,,,0,0,0,Not Applicable,Not Applicable,0,0,0,1,0,0,0,0,0,0,0,17,0,0,0,62,6,2,12,0,0,0,1,4,85705,6,1,0,0,3,0,72,155,0,0,0,0,1,5,2011,5,2011,0,28,0,0,0,1,2,45,3,5,5,1,0,0,14,5,7,1,3,64,,,,1,0,U,,,,91.0,8.0,,,,,,,,,,,,,,,,,,,2012
5762,2012040666,4,40666,2,2,2,24,11,14,13,12,6,1,0,4,1,12,481,12481,31,2000,1FTSW31F1YEB,1,F,T,S,W,3,1,F,1,Y,E,B,0,0,0,Not Applicable,Not Applicable,0,0,0,1,0,0,0,0,0,0,0,15,0,0,0,12,4,1,12,0,0,0,1,4,85743,6,1,0,0,3,0,71,180,0,0,0,0,0,0,0,0,0,0,0,0,0,0,1,2,45,2,6,5,1,0,0,14,62,4,1,1,65,,,,0,0,T,FORD,F3S,CW,0.0,17.0,,2.0,1724.0,1562.0,SRW,D,,,8.0,444.0,,,,D,5942.0,7.0,E,44.0,2012
5763,2012040667,4,40667,1,3,1,27,11,21,31,12,6,1,0,4,2,55,33,55033,4,2002,KMHWF25S52A6,K,M,H,W,F,2,5,S,5,2,A,6,0,0,0,Not Applicable,Not Applicable,0,0,0,1,0,0,0,0,0,0,0,998,0,0,0,12,6,2,12,0,0,0,1,4,85122,6,1,0,0,3,0,63,155,0,0,0,0,0,0,0,0,0,1,84,0,0,0,1,2,55,1,1,2,1,0,0,1,50,1,1,1,98,,,,1,0,P,HYUN,SOL,4D,2.0,17.0,3181.0,,0.0,1063.0,,G,,F,4.0,143.0,,,15R205,,,,,,2012
5764,2012040667,4,40667,2,3,0,27,11,21,31,12,6,1,0,4,6,18,2,18002,4,2000,1G4HP54K1YU1,1,G,4,H,P,5,4,K,1,Y,U,1,0,0,0,Not Applicable,Not Applicable,0,0,0,1,0,0,0,0,0,0,0,0,0,0,0,4,6,2,12,0,0,0,0,0,99997,7,6,97,7,6,7,998,997,998,998,998,998,998,98,9998,98,9998,8,20,0,0,0,1,2,55,1,1,2,1,0,0,0,53,0,0,0,98,,,,0,0,P,BUIC,LCF,4D,0.0,17.0,3567.0,,0.0,1122.0,,G,,F,6.0,231.0,,,15R215,,,,,,2012
5765,2012040667,4,40667,3,3,2,27,11,21,31,12,6,1,0,4,1,52,40,52040,4,2003,6MMAP67P83T0,6,M,M,A,P,6,7,P,8,3,T,0,0,0,0,Not Applicable,Not Applicable,0,0,0,1,0,0,0,0,0,0,0,998,0,0,0,12,6,2,12,0,0,0,1,4,85222,6,1,0,0,3,0,64,110,0,0,0,0,0,0,0,0,0,0,0,0,0,0,1,2,55,1,1,2,1,0,0,1,62,1,1,1,98,,,,1,0,P,MITS,DLS,4D,3.0,17.0,3439.0,,0.0,1071.0,,G,,F,6.0,213.0,,,16R215,,,,,,2012
5766,2012040668,4,40668,1,1,2,28,11,14,0,42,0,1,0,39,1,12,15,12015,2,1988,1FAPP31X9JK1,1,F,A,P,P,3,1,X,9,J,K,1,0,0,0,Not Applicable,Not Applicable,0,0,0,1,0,0,0,0,0,0,0,65,0,1,3,2,6,2,1,0,0,0,1,39,44442,6,1,0,0,3,0,65,135,1,1,0,0,1,5,2010,7,2010,0,58,0,0,0,2,2,65,1,1,2,1,0,0,1,9,6,4,4,7,,,,1,0,P,FORD,TGL,2D,88.0,17.0,2536.0,,0.0,999.0,,G,,F,4.0,140.0,,,14R185,,,,,,2012
5767,2012040669,4,40669,1,1,3,29,11,11,36,15,0,1,0,4,2,12,471,12471,30,1993,1FTCR14U5PPB,1,F,T,C,R,1,4,U,5,P,P,B,0,0,0,Not Applicable,Not Applicable,0,0,0,1,0,0,0,0,0,0,0,45,0,0,0,12,4,1,15,0,0,0,1,4,85208,6,1,0,0,3,0,73,185,0,0,0,0,1,10,2012,10,2012,0,0,0,0,0,2,2,45,1,1,2,1,3,3,1,83,4,2,1,13,,,,0,0,T,FORD,RNS,PC,93.0,17.0,,1.0,0.0,1250.0,RNG,G,,,6.0,182.0,,,,B,3208.0,1.0,A,42.0,2012
5768,2012040670,4,40670,1,1,1,30,11,0,3,8,0,1,1,99,9,99,999,99999,99,9999,Unknown,9,9,9,9,9,9,9,9,9,9,9,9,0,0,0,Not Applicable,Not Applicable,0,0,0,1,0,0,0,0,0,0,0,999,0,0,0,12,9,1,8,0,0,0,1,99,99999,9,9,99,0,9,9,999,999,99,99,99,99,99,99,9999,99,9999,9,99,99,99,99,2,3,35,1,1,2,1,0,0,99,80,99,9,9,13,,,,0,0,,,,,,,,,,,,,,,,,,,,,,,,,2012
5769,2012040671,4,40671,1,1,1,1,12,0,42,33,0,1,0,4,2,7,472,7472,30,2001,1B7HG2AZ91S3,1,B,7,H,G,2,A,Z,9,1,S,3,0,0,0,Not Applicable,Not Applicable,0,0,0,1,0,0,0,0,0,0,0,91,0,1,3,99,6,2,1,0,0,0,1,4,86323,6,1,0,0,3,3,66,170,0,0,0,0,0,0,0,0,0,1,0,0,0,0,2,2,45,1,1,2,1,0,0,1,13,1,1,4,1,,,,1,1,T,DODG,QAD,CW,1.0,17.0,,2.0,0.0,1309.0,DAK,G,,,8.0,360.0,,,,B,4296.0,0.0,U,44.0,2012
5770,2012040672,4,40672,1,1,1,1,12,7,18,35,0,1,0,4,1,49,35,49035,4,1989,JT2MX83E3K00,J,T,2,M,X,8,3,E,3,K,0,0,0,0,0,Not Applicable,Not Applicable,0,0,0,1,0,0,0,0,0,0,0,998,0,1,5,12,6,2,1,0,0,0,1,4,85321,6,1,0,0,3,3,72,240,0,0,0,0,0,0,0,0,0,1,0,0,0,0,1,2,65,2,1,2,1,0,0,14,12,3,2,4,6,,,,1,1,P,TOYT,CRL,4D,89.0,17.0,3417.0,,0.0,1045.0,,G,,F,6.0,180.0,,,15R195,,,,,,2012
5771,2012040673,4,40673,1,2,1,1,12,12,25,12,6,1,0,4,2,98,739,98739,90,2008,4XACA32AX8B5,4,X,A,C,A,3,2,A,X,8,B,5,0,0,0,Not Applicable,Not Applicable,0,0,0,1,0,0,0,0,0,0,0,5,0,1,1,62,6,2,12,0,0,0,1,4,85374,0,0,0,0,0,0,60,120,0,0,0,0,0,0,0,0,0,0,38,0,0,0,1,2,65,1,1,5,1,0,0,1,17,1,1,1,89,,,,1,0,M,POLS,TR3,AT,8.0,17.0,,,,,,,329.0,,1.0,,4.0,505.0,,,,,,,2012
5772,2012040673,4,40673,2,2,2,1,12,12,25,12,6,1,0,4,1,35,401,35401,14,2006,5N1AR18W66C6,5,N,1,A,R,1,8,W,6,6,C,6,0,0,0,Not Applicable,Not Applicable,0,0,0,1,0,0,0,0,0,0,0,65,0,0,0,12,6,2,12,0,0,0,1,4,85362,6,1,0,0,3,0,72,220,0,0,0,0,0,0,0,0,0,0,0,0,0,0,1,2,65,1,1,2,1,0,0,1,66,1,1,1,88,,,,0,0,P,NISS,PFI,UT,6.0,17.0,4373.0,,0.0,1122.0,,G,,F,6.0,244.0,,,16R265,,,,,,2012
5773,2012040674,4,40674,1,2,1,2,12,16,43,12,6,1,0,38,2,55,33,55033,4,2011,KMHEC4A47BA0,K,M,H,E,C,4,A,4,7,B,A,0,0,0,0,Not Applicable,Not Applicable,0,0,0,1,0,0,0,0,0,0,0,10,0,0,0,12,6,2,12,0,0,0,1,38,58763,6,1,0,0,3,0,68,130,0,0,0,1,0,2,2012,2,2012,0,38,0,0,0,1,2,0,1,1,2,1,0,0,11,15,1,1,1,76,,,,0,0,P,HYUN,SHY,4D,11.0,17.0,3457.0,,0.0,1100.0,,B,,F,4.0,144.0,,,17R215,,,,,,2012
5774,2012040674,4,40674,2,2,2,2,12,16,43,12,6,1,0,4,1,72,706,72706,80,2007,1HD1FS4187Y6,1,H,D,1,F,S,4,1,8,7,Y,6,0,0,0,Not Applicable,Not Applicable,0,0,0,1,0,0,0,0,0,0,0,45,0,0,0,62,6,2,12,0,0,0,1,4,85234,6,1,0,0,3,0,72,195,0,0,0,0,0,0,0,0,0,0,0,0,0,0,5,4,45,1,1,2,1,0,0,1,70,1,1,1,77,,,,1,0,M,HD,LTR,RS,7.0,17.0,,,,,,,1584.0,,2.0,,4.0,761.0,,,,,,,2012
5775,2012040675,4,40675,1,3,1,3,12,15,2,12,7,1,0,4,1,73,705,73705,80,2012,JKAKLEE16CDA,J,K,A,K,L,E,E,1,6,C,D,A,0,0,0,Not Applicable,Not Applicable,0,0,0,1,0,0,0,0,0,0,0,75,0,0,0,82,6,2,12,0,0,0,1,4,85027,6,1,0,0,3,0,72,230,0,1,1,0,0,1,2011,3,2011,0,27,0,0,0,3,4,65,1,1,2,1,0,0,15,52,6,1,1,47,,,,1,0,M,KAWK,KLE,EN,12.0,17.0,,,,,,,651.0,,1.0,,4.0,432.0,,,,,,,2012
5776,2012040675,4,40675,2,3,1,3,12,15,2,12,7,1,0,4,2,13,421,13421,15,2004,5LMFU27R14LJ,5,L,M,F,U,2,7,R,1,4,L,J,0,0,0,Not Applicable,Not Applicable,0,0,0,1,0,0,0,0,0,0,0,60,0,0,0,63,2,1,12,0,0,0,1,4,85054,6,1,0,0,3,0,74,195,0,0,0,2,1,1,2011,1,2012,0,0,0,0,0,3,4,65,1,1,2,1,0,0,2,53,2,1,1,45,,,,0,0,P,LINC,NAV,UT,4.0,17.0,5714.0,,0.0,1190.0,,G,,F,8.0,330.0,,,18R255,,,,,,2012
5777,2012040675,4,40675,3,3,2,3,12,15,2,12,7,1,0,4,3,20,481,20481,31,2011,1GCRCTE27BZ3,1,G,C,R,C,T,E,2,7,B,Z,3,1,1,0,Not Applicable,Not Applicable,0,0,0,1,0,0,0,0,0,0,0,60,0,0,0,12,0,1,54,0,0,0,1,4,85224,6,1,0,0,3,3,70,200,0,0,0,0,0,0,0,0,0,0,0,0,0,0,3,4,65,1,1,2,1,0,0,1,98,1,1,1,98,,,,0,0,T,CHEV,3SC,4C,11.0,17.0,,2.0,1575.0,1435.0,SIL,F,,,8.0,378.0,,,,B,4924.0,3.0,,42.0,2012
5778,2012040676,4,40676,1,2,1,4,12,4,7,12,2,1,0,4,1,20,471,20471,30,1999,1GCCS1448X81,1,G,C,C,S,1,4,4,8,X,8,1,1,1,0,Not Applicable,Not Applicable,0,0,0,1,0,0,0,0,0,0,0,998,0,0,0,12,6,2,12,0,0,0,1,4,85939,6,1,0,0,3,0,74,160,0,1,0,0,0,9,2012,9,2012,0,28,0,0,0,1,2,55,1,5,2,1,97,8,1,10,1,1,1,50,,,,1,0,T,CHEV,S14,PK,99.0,17.0,,1.0,1179.0,1083.0,S,G,,,4.0,133.0,,,,B,3015.0,1.0,,42.0,2012
5779,2012040676,4,40676,2,2,4,4,12,4,7,12,2,1,0,6,3,12,481,12481,31,2000,1FTSW31F8YEC,1,F,T,S,W,3,1,F,8,Y,E,C,0,0,0,Not Applicable,Not Applicable,0,0,0,1,0,0,0,0,0,0,0,55,0,0,0,12,6,2,12,0,0,0,1,41,97540,6,1,0,0,3,0,65,160,0,0,0,0,0,0,0,0,0,0,0,0,0,0,1,2,55,1,1,2,1,97,8,1,62,1,1,1,51,,,,0,0,T,FORD,F3S,CW,0.0,17.0,,2.0,1724.0,1562.0,SRW,D,,,8.0,444.0,,,,D,5942.0,7.0,E,44.0,2012
5780,2012040677,4,40677,1,1,1,4,12,5,51,30,0,1,0,4,1,7,43,7043,4,2002,1B3EL36R62N1,1,B,3,E,L,3,6,R,6,2,N,1,0,0,0,Not Applicable,Not Applicable,0,0,0,1,0,0,0,0,0,0,0,65,0,0,0,9,6,2,30,0,0,0,1,4,85374,6,1,0,0,3,3,63,200,0,0,0,0,0,0,0,0,0,0,0,0,0,0,3,5,65,1,1,2,1,0,0,1,9,7,3,4,2,,,,1,0,P,DODG,SSE,4D,2.0,17.0,3114.0,,0.0,1080.0,,G,,F,6.0,167.0,,,15R205,,,,,,2012
5781,2012040678,4,40678,1,1,1,6,12,17,52,8,0,1,0,4,1,49,422,49422,15,2001,5TDBT44AX1S0,5,T,D,B,T,4,4,A,X,1,S,0,0,0,0,Not Applicable,Not Applicable,0,0,0,1,0,0,0,0,0,0,0,37,0,0,0,12,6,2,8,0,0,0,1,4,86004,6,1,0,0,3,0,68,178,0,0,0,0,0,0,0,0,0,0,0,0,0,0,2,3,40,1,1,2,1,0,0,1,80,1,1,1,13,,,,0,0,P,TOYT,SEQ,UT,1.0,17.0,5270.0,,0.0,1181.0,,G,,F,8.0,285.0,,,16R265,,,,,,2012
5782,2012040679,4,40679,1,2,1,8,12,2,21,12,11,1,0,4,2,35,48,35048,2,2005,JN1AZ34D95M6,J,N,1,A,Z,3,4,D,9,5,M,6,0,0,0,Not Applicable,Not Applicable,0,0,0,1,0,0,0,0,0,0,0,0,0,0,0,63,6,2,2,0,0,1,1,4,85016,6,1,0,0,3,0,70,155,0,0,0,0,0,0,0,0,0,0,54,0,0,0,3,3,55,1,1,2,1,0,0,7,53,1,1,1,98,,,,1,1,P,NISS,3ZC,CP,5.0,17.0,3087.0,,0.0,1043.0,,G,,F,6.0,214.0,,,17R225,,,,,,2012
5783,2012040679,4,40679,2,2,3,8,12,2,21,12,11,1,0,4,2,48,38,48038,6,1993,JF1GF254XPH8,J,F,1,G,F,2,5,4,X,P,H,8,0,0,0,Not Applicable,Not Applicable,0,0,0,1,0,0,0,0,0,0,0,55,0,0,0,12,6,2,12,0,0,0,1,4,86303,6,1,0,0,3,3,72,190,0,0,0,0,0,0,0,0,0,0,0,0,0,0,3,3,55,1,1,2,1,0,0,1,50,1,1,1,98,,,,0,0,P,SUBA,IS4,SW,93.0,17.0,2725.0,,0.0,991.0,,G,,F,4.0,111.0,,,14R175,,,,,,2012
5784,2012040680,4,40680,1,1,2,8,12,8,13,1,0,1,0,4,2,12,401,12401,14,1986,1FMCU14T8GUA,1,F,M,C,U,1,4,T,8,G,U,A,0,0,0,Not Applicable,Not Applicable,0,0,0,1,0,0,0,0,0,0,0,65,0,1,1,0,6,2,1,32,0,0,1,4,85019,6,1,0,0,3,0,70,215,0,0,0,0,0,0,0,0,0,1,89,27,0,0,3,4,65,1,1,2,1,0,0,1,6,7,3,2,98,,,,1,0,P,FORD,BII,UT,86.0,17.0,0.0,,0.0,940.0,,G,,F,6.0,177.0,,,000000,,,,,,2012
5785,2012040681,4,40681,1,2,2,8,12,12,41,12,2,1,1,4,1,35,47,35047,4,2005,1N4AL11D75C2,1,N,4,A,L,1,1,D,7,5,C,2,0,0,0,Not Applicable,Not Applicable,0,0,0,1,0,0,0,0,0,0,0,36,0,0,0,12,6,2,12,0,0,0,1,4,85306,6,1,0,0,3,0,66,165,0,5,0,2,1,2,2010,7,2012,0,28,91,0,0,5,5,40,1,1,2,1,0,0,1,9,1,1,1,50,,,,1,1,P,NISS,ASL,4D,5.0,17.0,2915.0,,0.0,1102.0,,G,,F,4.0,153.0,,,16R215,,,,,,2012
5786,2012040681,4,40681,2,2,3,8,12,12,41,12,2,1,0,4,1,35,39,35039,4,2003,JN1DA31D43T5,J,N,1,D,A,3,1,D,4,3,T,5,0,0,0,Not Applicable,Not Applicable,0,0,0,1,0,0,0,0,0,0,0,40,0,0,0,12,6,2,12,0,0,0,1,4,85303,6,1,0,0,3,0,66,235,0,0,0,0,0,0,0,0,0,0,0,0,0,0,5,5,40,1,1,2,1,0,0,1,62,1,1,1,51,,,,0,0,P,NISS,MGS,4D,3.0,17.0,3118.0,,0.0,1083.0,,G,,F,6.0,214.0,,,16R225,,,,,,2012
5787,2012040682,4,40682,1,1,1,9,12,9,5,35,0,1,0,4,1,24,5,24005,4,2004,1G8JD54R34Y5,1,G,8,J,D,5,4,R,3,4,Y,5,0,0,0,Not Applicable,Not Applicable,0,0,0,1,0,0,0,0,0,0,0,70,0,1,6,12,6,2,2,0,0,1,1,4,86315,6,1,0,0,3,3,72,180,0,0,0,0,0,0,0,0,0,0,99,99,99,99,5,4,55,1,6,2,1,0,0,1,13,1,1,4,1,,,,1,0,P,STRN,L32,4D,4.0,17.0,3237.0,,0.0,1065.0,,G,,F,6.0,183.0,,,16R215,,,,,,2012
5788,2012040683,4,40683,1,2,1,9,12,13,25,12,1,1,0,4,1,72,706,72706,80,2004,1HD4CAM104K4,1,H,D,4,C,A,M,1,0,4,K,4,0,0,0,Not Applicable,Not Applicable,0,0,0,1,0,0,0,0,0,0,0,998,0,0,0,12,6,2,12,0,0,0,1,4,85340,6,1,0,0,2,0,72,160,0,0,0,0,0,0,0,0,0,1,89,0,0,0,5,4,40,1,1,2,1,2,3,1,52,1,1,1,28,,,,1,0,M,HD,X88,RS,4.0,17.0,,,,,,,883.0,,2.0,,4.0,555.0,,,,,,,2012
5789,2012040683,4,40683,2,2,1,9,12,13,25,12,1,1,0,4,2,73,706,73706,80,2007,JKBVNAN127A0,J,K,B,V,N,A,N,1,2,7,A,0,0,0,0,Not Applicable,Not Applicable,0,0,0,1,0,0,0,0,0,0,0,2,0,0,0,6,2,1,12,0,0,0,1,4,85340,6,1,0,0,2,0,68,160,0,0,0,1,0,2,2012,2,2012,0,0,0,0,0,5,4,40,1,1,2,1,2,3,2,53,1,1,1,29,,,,0,0,M,KAWK,V5N,RS,7.0,17.0,,,,,,,1470.0,,2.0,,4.0,660.0,,,,,,,2012
5790,2012040684,4,40684,1,1,1,10,12,14,51,9,0,1,0,4,1,12,481,12481,31,1978,X15HKBC6586,X,1,5,H,K,B,C,6,5,8,6,,0,0,0,Not Applicable,Not Applicable,0,0,0,1,0,0,0,0,0,0,0,40,0,0,0,12,0,1,9,0,0,0,1,4,85004,6,1,3,0,3,0,70,200,0,2,0,0,0,8,2011,9,2011,0,35,0,0,0,5,5,40,1,1,2,1,0,0,1,83,1,1,1,13,,,,0,0,T,FORD,F15,PS,78.0,11.0,,2.0,1665.0,1170.0,COF,G,,,8.0,351.0,,,,BC,3899.0,1.0,,42.0,2012
5791,2012040685,4,40685,1,1,1,10,12,15,42,33,0,1,0,4,1,37,421,37421,15,2006,5FNYF28586B0,5,F,N,Y,F,2,8,5,8,6,B,0,0,0,0,Not Applicable,Not Applicable,0,0,0,1,0,0,0,0,0,0,0,999,0,0,0,12,6,2,21,0,0,0,1,4,85641,6,1,0,0,3,0,68,150,0,0,0,0,0,0,0,0,0,0,99,99,99,99,5,4,35,1,1,2,1,2,3,1,12,1,1,4,6,,,,1,0,P,HOND,PIL,UT,6.0,17.0,4341.0,,0.0,1063.0,,G,,F,6.0,213.0,,,16R235,,,,,,2012
5792,2012040686,4,40686,1,1,2,15,12,0,55,42,0,1,0,4,1,7,442,7442,20,2006,1D4GP25R56B6,1,D,4,G,P,2,5,R,5,6,B,6,0,0,0,Not Applicable,Not Applicable,0,0,0,1,0,0,0,0,0,0,0,999,0,0,0,9,6,2,42,0,0,0,1,4,85940,6,1,0,0,3,0,70,161,0,0,0,2,0,5,2010,11,2010,1,87,0,0,0,2,2,65,1,1,2,4,0,0,1,5,99,3,4,2,,,,1,0,P,DODG,CAR,SV,6.0,17.0,3821.0,,0.0,1133.0,,G,,F,6.0,201.0,,,15R215,,,,,,2012
5793,2012040687,4,40687,1,2,2,15,12,2,45,12,2,1,0,4,2,13,421,13421,15,2000,5LMPU28A2YLJ,5,L,M,P,U,2,8,A,2,Y,L,J,0,0,0,Not Applicable,Not Applicable,0,0,0,1,0,0,0,0,0,0,0,30,0,0,0,12,6,2,12,0,0,0,1,4,85745,1,1,0,0,2,0,67,175,0,0,0,0,0,0,0,0,0,0,48,91,0,0,1,2,30,1,1,2,1,0,0,11,15,1,1,1,68,,,,0,1,P,LINC,NAV,UT,0.0,17.0,5723.0,,0.0,1190.0,,G,,F,8.0,330.0,,,17R255,,,,,,2012
5794,2012040687,4,40687,2,2,1,15,12,2,45,12,2,1,0,4,1,2,404,2404,14,2011,1J4RR4GG1BC5,1,J,4,R,R,4,G,G,1,B,C,5,0,0,0,Not Applicable,Not Applicable,0,0,0,1,0,0,0,0,0,0,0,30,0,0,0,12,6,2,12,0,0,0,1,4,85745,6,1,0,0,3,0,63,120,0,0,0,0,1,9,2011,9,2011,0,89,0,0,0,1,2,30,1,1,2,1,0,0,1,62,1,1,1,69,,,,1,1,T,JEEP,LRO,4W,11.0,17.0,,2.0,0.0,1148.0,GCK,F,,,6.0,220.0,,,,,4660.0,0.0,W,44.0,2012
5795,2012040688,4,40688,1,1,1,15,12,12,11,1,0,1,0,4,1,23,401,23401,14,2000,1GKDT13W0Y22,1,G,K,D,T,1,3,W,0,Y,2,2,0,0,0,Not Applicable,Not Applicable,0,0,0,1,0,0,0,0,0,0,0,70,0,1,5,0,6,2,1,0,0,0,1,4,85040,1,1,0,0,2,0,65,140,0,1,0,2,1,9,2012,11,2012,1,0,0,0,0,3,4,65,3,1,2,2,0,0,14,6,1,4,4,2,,,,1,0,T,GMC,J/E,4W,0.0,17.0,,1.0,0.0,1070.0,J/E,G,,,6.0,262.0,,,,B,4049.0,1.0,E,44.0,2012
5796,2012040689,4,40689,1,2,1,17,12,16,12,12,2,1,0,4,2,49,40,49040,4,1986,JT2SV16E7G04,J,T,2,S,V,1,6,E,7,G,0,4,0,0,0,Not Applicable,Not Applicable,0,0,0,1,0,0,0,0,0,0,0,40,0,0,0,12,6,2,12,0,0,0,1,4,85205,6,1,0,0,3,0,67,245,0,0,0,0,0,0,0,0,0,0,28,0,0,0,5,4,45,1,1,2,1,0,0,1,10,1,1,2,50,,,,1,0,P,TOYT,CLE,4D,86.0,17.0,2381.0,,0.0,1024.0,,G,,F,4.0,122.0,,,13R185,,,,,,2012
5797,2012040689,4,40689,2,2,2,17,12,16,12,12,2,1,0,4,2,20,403,20403,14,2004,1GNDS13S1424,1,G,N,D,S,1,3,S,1,4,2,4,0,0,0,Not Applicable,Not Applicable,0,0,0,1,0,0,0,0,0,0,0,45,0,0,0,12,6,2,12,0,0,0,1,4,85213,6,1,0,0,3,0,72,190,0,0,0,1,0,5,2011,5,2011,0,0,0,0,0,5,4,45,1,1,2,1,0,0,1,62,1,1,1,51,,,,0,0,P,CHEV,TRL,UT,4.0,17.0,4425.0,,0.0,1130.0,,G,,F,6.0,256.0,,,16R245,,,,,,2012
5798,2012040690,4,40690,1,1,2,18,12,9,13,8,0,1,0,4,2,20,442,20442,20,1994,1GNDU06D7RT1,1,G,N,D,U,0,6,D,7,R,T,1,0,0,0,Not Applicable,Not Applicable,0,0,0,1,0,0,0,0,0,0,0,10,0,0,0,12,2,3,8,0,0,0,1,4,85222,6,1,0,0,3,0,63,150,0,0,0,0,0,0,0,0,0,0,38,0,0,0,1,2,35,1,1,2,1,20,3,11,80,1,1,1,13,,,,0,0,P,CHEV,L/M,SV,94.0,17.0,3554.0,,0.0,1098.0,,G,,F,6.0,191.0,,,15R205,,,,,,2012
5799,2012040692,4,40692,1,1,1,26,12,99,99,8,0,1,1,99,9,99,999,99999,99,9999,Unknown,9,9,9,9,9,9,9,9,9,9,9,9,0,0,0,Not Applicable,Not Applicable,0,0,0,1,0,0,0,0,0,0,0,998,0,0,0,12,4,1,8,0,0,0,1,99,99999,9,9,99,0,9,9,999,999,99,99,99,99,99,99,9999,99,9999,1,99,99,99,99,5,4,55,1,1,2,1,0,0,99,80,99,1,3,13,,,,0,0,,,,,,,,,,,,,,,,,,,,,,,,,2012